{
  "resourceType": "Bundle",
  "type": "collection",
  "entry": [
    {
      "fullUrl": "urn:uuid:2658a4c7-4624-427e-966a-4a69030ad86b",
      "resource": {
        "resourceType": "Basic",
        "id": "2658a4c7-4624-427e-966a-4a69030ad86b",
        "meta": {
          "profile": [
            "http://standardhealthrecord.org/fhir/StructureDefinition/shr-entity-Person"
          ]
        },
        "code": {
          "coding": [
            {
              "system": "http://standardhealthrecord.org/fhir/basic-resource-type",
              "code": "shr-entity-Person",
              "display": "shr-entity-Person"
            }
          ]
        }
      }
    },
    {
      "fullUrl": "urn:uuid:1d3c51c6-ac56-42ce-b992-ff18fc7e23cc",
      "resource": {
        "resourceType": "Patient",
        "id": "1d3c51c6-ac56-42ce-b992-ff18fc7e23cc",
        "meta": {
          "profile": [
            "http://standardhealthrecord.org/fhir/StructureDefinition/shr-entity-Patient"
          ]
        },
        "text": {
          "status": "generated",
          "div": "<div xmlns=\"http://www.w3.org/1999/xhtml\">Generated by <a href=\"https://github.com/synthetichealth/synthea\">Synthea</a>.Version identifier: synthea-java .   Person seed: -9091304410960479953  Population seed: 1527092402828</div>"
        },
        "extension": [
          {
            "url": "http://hl7.org/fhir/us/core/StructureDefinition/us-core-race",
            "extension": [
              {
                "url": "ombCategory",
                "valueCoding": {
                  "system": "urn:oid:2.16.840.1.113883.6.238",
                  "code": "2054-5",
                  "display": "Black or African American"
                }
              },
              {
                "url": "text",
                "valueString": "Black or African American"
              }
            ]
          },
          {
            "url": "http://hl7.org/fhir/us/core/StructureDefinition/us-core-ethnicity",
            "extension": [
              {
                "url": "ombCategory",
                "valueCoding": {
                  "system": "urn:oid:2.16.840.1.113883.6.238",
                  "code": "2186-5",
                  "display": "Not Hispanic or Latino"
                }
              },
              {
                "url": "text",
                "valueString": "Not Hispanic or Latino"
              }
            ]
          },
          {
            "url": "http://hl7.org/fhir/StructureDefinition/patient-mothersMaidenName",
            "valueString": "Deanne837 Carter549"
          },
          {
            "url": "http://hl7.org/fhir/us/core/StructureDefinition/us-core-birthsex",
            "valueCode": "M"
          },
          {
            "url": "http://hl7.org/fhir/StructureDefinition/birthPlace",
            "valueAddress": {
              "city": "El Paso",
              "state": "Texas",
              "country": "US"
            }
          },
          {
            "url": "http://standardhealthrecord.org/fhir/StructureDefinition/shr-actor-FictionalPerson-extension",
            "valueBoolean": true
          },
          {
            "url": "http://standardhealthrecord.org/fhir/StructureDefinition/shr-entity-FathersName-extension",
            "valueHumanName": {
              "text": "Rickey821 Schaden604"
            }
          },
          {
            "url": "http://standardhealthrecord.org/fhir/StructureDefinition/shr-demographics-SocialSecurityNumber-extension",
            "valueString": "999-93-5600"
          },
          {
            "url": "http://standardhealthrecord.org/fhir/StructureDefinition/shr-entity-Person-extension",
            "valueReference": {
              "reference": "urn:uuid:2658a4c7-4624-427e-966a-4a69030ad86b"
            }
          },
          {
            "url": "http://synthetichealth.github.io/synthea/disability-adjusted-life-years",
            "valueDecimal": 0.0
          },
          {
            "url": "http://synthetichealth.github.io/synthea/quality-adjusted-life-years",
            "valueDecimal": 0.0
          }
        ],
        "identifier": [
          {
            "system": "https://github.com/synthetichealth/synthea",
            "value": "aa1f67a6-6ea5-42c5-a5d6-be89bec2b98d"
          },
          {
            "type": {
              "coding": [
                {
                  "system": "http://hl7.org/fhir/v2/0203",
                  "code": "MR",
                  "display": "Medical Record Number"
                }
              ],
              "text": "Medical Record Number"
            },
            "system": "http://hospital.smarthealthit.org",
            "value": "aa1f67a6-6ea5-42c5-a5d6-be89bec2b98d"
          },
          {
            "type": {
              "coding": [
                {
                  "system": "http://hl7.org/fhir/identifier-type",
                  "code": "SB",
                  "display": "Social Security Number"
                }
              ],
              "text": "Social Security Number"
            },
            "system": "http://hl7.org/fhir/sid/us-ssn",
            "value": "999-93-5600"
          }
        ],
        "name": [
          {
            "use": "official",
            "family": "Schaden604",
            "given": [
              "Alva958"
            ]
          }
        ],
        "telecom": [
          {
            "system": "phone",
            "value": "555-761-3644",
            "use": "home"
          }
        ],
        "gender": "male",
        "birthDate": "2018-05-13",
        "address": [
          {
            "extension": [
              {
                "url": "http://hl7.org/fhir/StructureDefinition/geolocation",
                "extension": [
                  {
                    "url": "latitude",
                    "valueDecimal": -96.82565
                  },
                  {
                    "url": "longitude",
                    "valueDecimal": 32.360768
                  }
                ]
              }
            ],
            "line": [
              "1099 Beatty Neck"
            ],
            "city": "Waxahachie",
            "state": "Texas",
            "postalCode": "75165",
            "country": "US"
          }
        ],
        "maritalStatus": {
          "coding": [
            {
              "system": "http://hl7.org/fhir/v3/MaritalStatus",
              "code": "S",
              "display": "Never Married"
            }
          ],
          "text": "Never Married"
        },
        "multipleBirthBoolean": false,
        "communication": [
          {
            "language": {
              "coding": [
                {
                  "system": "urn:ietf:bcp:47",
                  "code": "en-US",
                  "display": "English"
                }
              ],
              "text": "English"
            }
          }
        ]
      }
    },
    {
      "fullUrl": "urn:uuid:312bf661-32ec-4582-8e6a-aee4f355d23b",
      "resource": {
        "resourceType": "Organization",
        "id": "312bf661-32ec-4582-8e6a-aee4f355d23b",
        "meta": {
          "profile": [
            "http://standardhealthrecord.org/fhir/StructureDefinition/shr-entity-Organization"
          ]
        },
        "identifier": [
          {
            "system": "https://github.com/synthetichealth/synthea",
            "value": "ff51c057-0705-499e-9360-36b549233471"
          },
          {
            "system": "urn:ietf:rfc:3986",
            "value": "ff51c057-0705-499e-9360-36b549233471"
          }
        ],
        "type": [
          {
            "coding": [
              {
                "system": "Healthcare Provider",
                "code": "prov",
                "display": "Healthcare Provider"
              }
            ],
            "text": "Healthcare Provider"
          }
        ],
        "name": "WISE HEALTH SYSTEM",
        "telecom": [
          {
            "system": "phone",
            "value": "8175027300"
          }
        ],
        "address": [
          {
            "line": [
              "3200 NORTH TARRANT PARKWAY"
            ],
            "city": "FORT WORTH",
            "state": "TX",
            "postalCode": "76177",
            "country": "US"
          }
        ],
        "contact": [
          {
            "name": {
              "text": "Synthetic Provider"
            }
          }
        ]
      }
    },
    {
      "fullUrl": "urn:uuid:deab2db9-d55b-4ee0-90ec-e7c7d80aef72",
      "resource": {
        "resourceType": "Encounter",
        "id": "deab2db9-d55b-4ee0-90ec-e7c7d80aef72",
        "meta": {
          "profile": [
            "http://standardhealthrecord.org/fhir/StructureDefinition/shr-encounter-EncounterPerformed"
          ]
        },
        "extension": [
          {
            "url": "http://standardhealthrecord.org/fhir/StructureDefinition/shr-action-PerformedContext-extension",
            "extension": [
              {
                "url": "http://standardhealthrecord.org/fhir/StructureDefinition/shr-action-Status-extension",
                "valueCode": "finished"
              }
            ]
          }
        ],
        "status": "finished",
        "class": {
          "code": "WELLNESS"
        },
        "type": [
          {
            "coding": [
              {
                "system": "http://snomed.info/sct",
                "code": "185349003",
                "display": "Encounter for check up (procedure)"
              }
            ],
            "text": "Encounter for check up (procedure)"
          }
        ],
        "subject": {
          "reference": "urn:uuid:1d3c51c6-ac56-42ce-b992-ff18fc7e23cc"
        },
        "period": {
          "start": "2018-05-13T22:30:26-04:00",
          "end": "2018-05-13T22:30:26-04:00"
        },
        "serviceProvider": {
          "reference": "urn:uuid:312bf661-32ec-4582-8e6a-aee4f355d23b"
        }
      }
    },
    {
      "fullUrl": "urn:uuid:b64ed4e7-d1bc-4ee0-bb66-333198e7536b",
      "resource": {
        "resourceType": "Observation",
        "id": "b64ed4e7-d1bc-4ee0-bb66-333198e7536b",
        "meta": {
          "profile": [
            "http://standardhealthrecord.org/fhir/StructureDefinition/shr-finding-Observation",
            "http://standardhealthrecord.org/fhir/StructureDefinition/shr-vital-VitalSign",
            "http://standardhealthrecord.org/fhir/StructureDefinition/shr-vital-BodyHeight"
          ]
        },
        "status": "final",
        "category": [
          {
            "coding": [
              {
                "system": "http://hl7.org/fhir/observation-category",
                "code": "vital-signs",
                "display": "vital-signs"
              }
            ]
          }
        ],
        "code": {
          "coding": [
            {
              "system": "http://loinc.org",
              "code": "8302-2",
              "display": "Body Height"
            }
          ],
          "text": "Body Height"
        },
        "subject": {
          "reference": "urn:uuid:1d3c51c6-ac56-42ce-b992-ff18fc7e23cc"
        },
        "context": {
          "reference": "urn:uuid:deab2db9-d55b-4ee0-90ec-e7c7d80aef72"
        },
        "effectiveDateTime": "2018-05-13T22:30:26-04:00",
        "issued": "2018-05-13T22:30:26.392-04:00",
        "valueQuantity": {
          "value": 51.33606425713163,
          "unit": "cm",
          "system": "http://unitsofmeasure.org",
          "code": "cm"
        }
      }
    },
    {
      "fullUrl": "urn:uuid:2659679d-26f1-4f05-96b3-efb08ce7b9a6",
      "resource": {
        "resourceType": "Observation",
        "id": "2659679d-26f1-4f05-96b3-efb08ce7b9a6",
        "meta": {
          "profile": [
            "http://standardhealthrecord.org/fhir/StructureDefinition/shr-finding-Observation",
            "http://standardhealthrecord.org/fhir/StructureDefinition/shr-vital-VitalSign",
            "http://standardhealthrecord.org/fhir/StructureDefinition/shr-vital-BodyWeight"
          ]
        },
        "status": "final",
        "category": [
          {
            "coding": [
              {
                "system": "http://hl7.org/fhir/observation-category",
                "code": "vital-signs",
                "display": "vital-signs"
              }
            ]
          }
        ],
        "code": {
          "coding": [
            {
              "system": "http://loinc.org",
              "code": "29463-7",
              "display": "Body Weight"
            }
          ],
          "text": "Body Weight"
        },
        "subject": {
          "reference": "urn:uuid:1d3c51c6-ac56-42ce-b992-ff18fc7e23cc"
        },
        "context": {
          "reference": "urn:uuid:deab2db9-d55b-4ee0-90ec-e7c7d80aef72"
        },
        "effectiveDateTime": "2018-05-13T22:30:26-04:00",
        "issued": "2018-05-13T22:30:26.392-04:00",
        "valueQuantity": {
          "value": 3.8833046116596837,
          "unit": "kg",
          "system": "http://unitsofmeasure.org",
          "code": "kg"
        }
      }
    },
    {
      "fullUrl": "urn:uuid:0e578646-8657-4966-bdb2-d9fd12174b8b",
      "resource": {
        "resourceType": "Observation",
        "id": "0e578646-8657-4966-bdb2-d9fd12174b8b",
        "meta": {
          "profile": [
            "http://standardhealthrecord.org/fhir/StructureDefinition/shr-finding-Observation",
            "http://standardhealthrecord.org/fhir/StructureDefinition/shr-vital-VitalSign",
            "http://standardhealthrecord.org/fhir/StructureDefinition/shr-vital-BloodPressure"
          ]
        },
        "status": "final",
        "category": [
          {
            "coding": [
              {
                "system": "http://hl7.org/fhir/observation-category",
                "code": "vital-signs",
                "display": "vital-signs"
              }
            ]
          }
        ],
        "code": {
          "coding": [
            {
              "system": "http://loinc.org",
              "code": "55284-4",
              "display": "Blood Pressure"
            }
          ],
          "text": "Blood Pressure"
        },
        "subject": {
          "reference": "urn:uuid:1d3c51c6-ac56-42ce-b992-ff18fc7e23cc"
        },
        "context": {
          "reference": "urn:uuid:deab2db9-d55b-4ee0-90ec-e7c7d80aef72"
        },
        "effectiveDateTime": "2018-05-13T22:30:26-04:00",
        "issued": "2018-05-13T22:30:26.392-04:00",
        "component": [
          {
            "code": {
              "coding": [
                {
                  "system": "http://loinc.org",
                  "code": "8462-4",
                  "display": "Diastolic Blood Pressure"
                }
              ],
              "text": "Diastolic Blood Pressure"
            }
          },
          {
            "code": {
              "coding": [
                {
                  "system": "http://loinc.org",
                  "code": "8480-6",
                  "display": "Systolic Blood Pressure"
                }
              ],
              "text": "Systolic Blood Pressure"
            }
          }
        ]
      }
    },
    {
      "fullUrl": "urn:uuid:89ab0159-9bb1-4c82-817c-68fba49c6962",
      "resource": {
        "resourceType": "Immunization",
        "id": "89ab0159-9bb1-4c82-817c-68fba49c6962",
        "meta": {
          "profile": [
            "http://standardhealthrecord.org/fhir/StructureDefinition/shr-immunization-ImmunizationGiven"
          ]
        },
        "extension": [
          {
            "url": "http://standardhealthrecord.org/fhir/StructureDefinition/shr-action-PerformedContext-extension",
            "extension": [
              {
                "url": "http://standardhealthrecord.org/fhir/StructureDefinition/shr-action-Status-extension",
                "valueCode": "completed"
              }
            ]
          }
        ],
        "status": "completed",
        "notGiven": false,
        "vaccineCode": {
          "coding": [
            {
              "system": "http://hl7.org/fhir/sid/cvx",
              "code": "08",
              "display": "Hep B, adolescent or pediatric"
            }
          ],
          "text": "Hep B, adolescent or pediatric"
        },
        "patient": {
          "reference": "urn:uuid:1d3c51c6-ac56-42ce-b992-ff18fc7e23cc"
        },
        "encounter": {
          "reference": "urn:uuid:deab2db9-d55b-4ee0-90ec-e7c7d80aef72"
        },
        "date": "2018-05-13T22:30:26-04:00",
        "primarySource": true
      }
    },
    {
      "fullUrl": "urn:uuid:71962d0e-cd44-4413-b29d-de5f7061f6da",
      "resource": {
        "resourceType": "Claim",
        "id": "71962d0e-cd44-4413-b29d-de5f7061f6da",
        "status": "active",
        "use": "complete",
        "patient": {
          "reference": "urn:uuid:1d3c51c6-ac56-42ce-b992-ff18fc7e23cc"
        },
        "billablePeriod": {
          "start": "2018-05-13T22:30:26-04:00",
          "end": "2018-05-13T22:30:26-04:00"
        },
        "organization": {
          "reference": "urn:uuid:312bf661-32ec-4582-8e6a-aee4f355d23b"
        },
        "information": [
          {
            "sequence": 1,
            "category": {
              "coding": [
                {
                  "system": "http://hl7.org/fhir/claiminformationcategory",
                  "code": "info"
                }
              ]
            },
            "valueReference": {
              "reference": "urn:uuid:89ab0159-9bb1-4c82-817c-68fba49c6962"
            }
          }
        ],
        "item": [
          {
            "sequence": 1,
            "encounter": [
              {
                "reference": "urn:uuid:deab2db9-d55b-4ee0-90ec-e7c7d80aef72"
              }
            ]
          },
          {
            "sequence": 2,
            "informationLinkId": [
              1
            ],
            "net": {
              "value": 136.00,
              "system": "urn:iso:std:iso:4217",
              "code": "USD"
            }
          }
        ],
        "total": {
          "value": 261.00,
          "system": "urn:iso:std:iso:4217",
          "code": "USD"
        }
      }
    }
  ]
}
