{
  "resourceType": "Bundle",
  "type": "collection",
  "entry": [
    {
      "fullUrl": "urn:uuid:0a3fc990-7511-4c9c-b138-98b96eb07443",
      "resource": {
        "resourceType": "Basic",
        "id": "0a3fc990-7511-4c9c-b138-98b96eb07443",
        "meta": {
          "profile": [
            "http://standardhealthrecord.org/fhir/StructureDefinition/shr-entity-Person"
          ]
        },
        "code": {
          "coding": [
            {
              "system": "http://standardhealthrecord.org/fhir/basic-resource-type",
              "code": "shr-entity-Person",
              "display": "shr-entity-Person"
            }
          ]
        }
      }
    },
    {
      "fullUrl": "urn:uuid:2bee8926-7ceb-4835-894e-ff103f297266",
      "resource": {
        "resourceType": "Patient",
        "id": "2bee8926-7ceb-4835-894e-ff103f297266",
        "meta": {
          "profile": [
            "http://standardhealthrecord.org/fhir/StructureDefinition/shr-entity-Patient"
          ]
        },
        "text": {
          "status": "generated",
          "div": "<div xmlns=\"http://www.w3.org/1999/xhtml\">Generated by <a href=\"https://github.com/synthetichealth/synthea\">Synthea</a>.Version identifier: synthea-java .   Person seed: 593570442813035361  Population seed: 1527092273500</div>"
        },
        "extension": [
          {
            "url": "http://hl7.org/fhir/us/core/StructureDefinition/us-core-race",
            "extension": [
              {
                "url": "ombCategory",
                "valueCoding": {
                  "system": "urn:oid:2.16.840.1.113883.6.238",
                  "code": "2106-3",
                  "display": "White"
                }
              },
              {
                "url": "text",
                "valueString": "White"
              }
            ]
          },
          {
            "url": "http://hl7.org/fhir/us/core/StructureDefinition/us-core-ethnicity",
            "extension": [
              {
                "url": "ombCategory",
                "valueCoding": {
                  "system": "urn:oid:2.16.840.1.113883.6.238",
                  "code": "2186-5",
                  "display": "Not Hispanic or Latino"
                }
              },
              {
                "url": "text",
                "valueString": "Not Hispanic or Latino"
              }
            ]
          },
          {
            "url": "http://hl7.org/fhir/StructureDefinition/patient-mothersMaidenName",
            "valueString": "Lizabeth515 Becker968"
          },
          {
            "url": "http://hl7.org/fhir/us/core/StructureDefinition/us-core-birthsex",
            "valueCode": "M"
          },
          {
            "url": "http://hl7.org/fhir/StructureDefinition/birthPlace",
            "valueAddress": {
              "city": "Hanford",
              "state": "California",
              "country": "US"
            }
          },
          {
            "url": "http://standardhealthrecord.org/fhir/StructureDefinition/shr-actor-FictionalPerson-extension",
            "valueBoolean": true
          },
          {
            "url": "http://standardhealthrecord.org/fhir/StructureDefinition/shr-entity-FathersName-extension",
            "valueHumanName": {
              "text": "Daryl568 Crona259"
            }
          },
          {
            "url": "http://standardhealthrecord.org/fhir/StructureDefinition/shr-demographics-SocialSecurityNumber-extension",
            "valueString": "999-79-1169"
          },
          {
            "url": "http://standardhealthrecord.org/fhir/StructureDefinition/shr-entity-Person-extension",
            "valueReference": {
              "reference": "urn:uuid:0a3fc990-7511-4c9c-b138-98b96eb07443"
            }
          },
          {
            "url": "http://synthetichealth.github.io/synthea/disability-adjusted-life-years",
            "valueDecimal": 0.0
          },
          {
            "url": "http://synthetichealth.github.io/synthea/quality-adjusted-life-years",
            "valueDecimal": 30.0
          }
        ],
        "identifier": [
          {
            "system": "https://github.com/synthetichealth/synthea",
            "value": "571c5975-4175-4649-ac8f-746258405a8b"
          },
          {
            "type": {
              "coding": [
                {
                  "system": "http://hl7.org/fhir/v2/0203",
                  "code": "MR",
                  "display": "Medical Record Number"
                }
              ],
              "text": "Medical Record Number"
            },
            "system": "http://hospital.smarthealthit.org",
            "value": "571c5975-4175-4649-ac8f-746258405a8b"
          },
          {
            "type": {
              "coding": [
                {
                  "system": "http://hl7.org/fhir/identifier-type",
                  "code": "SB",
                  "display": "Social Security Number"
                }
              ],
              "text": "Social Security Number"
            },
            "system": "http://hl7.org/fhir/sid/us-ssn",
            "value": "999-79-1169"
          },
          {
            "type": {
              "coding": [
                {
                  "system": "http://hl7.org/fhir/v2/0203",
                  "code": "DL",
                  "display": "Driver's License"
                }
              ],
              "text": "Driver's License"
            },
            "system": "urn:oid:2.16.840.1.113883.4.3.25",
            "value": "S99967252"
          },
          {
            "type": {
              "coding": [
                {
                  "system": "http://hl7.org/fhir/v2/0203",
                  "code": "PPN",
                  "display": "Passport Number"
                }
              ],
              "text": "Passport Number"
            },
            "system": "http://standardhealthrecord.org/fhir/StructureDefinition/passportNumber",
            "value": "X87495390X"
          }
        ],
        "name": [
          {
            "use": "official",
            "family": "Crona259",
            "given": [
              "Angel97"
            ],
            "prefix": [
              "Mr."
            ]
          }
        ],
        "telecom": [
          {
            "system": "phone",
            "value": "555-664-1594",
            "use": "home"
          }
        ],
        "gender": "male",
        "birthDate": "1987-01-21",
        "address": [
          {
            "extension": [
              {
                "url": "http://hl7.org/fhir/StructureDefinition/geolocation",
                "extension": [
                  {
                    "url": "latitude",
                    "valueDecimal": -118.227374
                  },
                  {
                    "url": "longitude",
                    "valueDecimal": 33.892614
                  }
                ]
              }
            ],
            "line": [
              "532 Hartmann Gardens"
            ],
            "city": "Compton",
            "state": "California",
            "postalCode": "90059",
            "country": "US"
          }
        ],
        "maritalStatus": {
          "coding": [
            {
              "system": "http://hl7.org/fhir/v3/MaritalStatus",
              "code": "M",
              "display": "M"
            }
          ],
          "text": "M"
        },
        "multipleBirthBoolean": false,
        "communication": [
          {
            "language": {
              "coding": [
                {
                  "system": "urn:ietf:bcp:47",
                  "code": "pt",
                  "display": "Portuguese"
                }
              ],
              "text": "Portuguese"
            }
          }
        ]
      }
    },
    {
      "fullUrl": "urn:uuid:6ef00016-fea0-4852-8f36-67fa05e69e94",
      "resource": {
        "resourceType": "Organization",
        "id": "6ef00016-fea0-4852-8f36-67fa05e69e94",
        "meta": {
          "profile": [
            "http://standardhealthrecord.org/fhir/StructureDefinition/shr-entity-Organization"
          ]
        },
        "identifier": [
          {
            "system": "https://github.com/synthetichealth/synthea",
            "value": "364b3127-851b-4400-8671-b29ba490482b"
          },
          {
            "system": "urn:ietf:rfc:3986",
            "value": "364b3127-851b-4400-8671-b29ba490482b"
          }
        ],
        "type": [
          {
            "coding": [
              {
                "system": "Healthcare Provider",
                "code": "prov",
                "display": "Healthcare Provider"
              }
            ],
            "text": "Healthcare Provider"
          }
        ],
        "name": "SHRINERS HOSPITALS FOR CHILDREN",
        "telecom": [
          {
            "system": "phone",
            "value": "2133883151"
          }
        ],
        "address": [
          {
            "line": [
              "3160 GENEVA STREET"
            ],
            "city": "LOS ANGELES",
            "state": "CA",
            "postalCode": "90020",
            "country": "US"
          }
        ],
        "contact": [
          {
            "name": {
              "text": "Synthetic Provider"
            }
          }
        ]
      }
    },
    {
      "fullUrl": "urn:uuid:4b53a998-aee7-450b-9ea5-d1f7e5115e69",
      "resource": {
        "resourceType": "Encounter",
        "id": "4b53a998-aee7-450b-9ea5-d1f7e5115e69",
        "meta": {
          "profile": [
            "http://standardhealthrecord.org/fhir/StructureDefinition/shr-encounter-EncounterPerformed"
          ]
        },
        "extension": [
          {
            "url": "http://standardhealthrecord.org/fhir/StructureDefinition/shr-action-PerformedContext-extension",
            "extension": [
              {
                "url": "http://standardhealthrecord.org/fhir/StructureDefinition/shr-action-Status-extension",
                "valueCode": "finished"
              }
            ]
          }
        ],
        "status": "finished",
        "class": {
          "code": "WELLNESS"
        },
        "type": [
          {
            "coding": [
              {
                "system": "http://snomed.info/sct",
                "code": "185349003",
                "display": "Encounter for check up (procedure)"
              }
            ],
            "text": "Encounter for check up (procedure)"
          }
        ],
        "subject": {
          "reference": "urn:uuid:2bee8926-7ceb-4835-894e-ff103f297266"
        },
        "period": {
          "start": "2009-03-25T13:15:52-04:00",
          "end": "2009-03-25T13:15:52-04:00"
        },
        "serviceProvider": {
          "reference": "urn:uuid:6ef00016-fea0-4852-8f36-67fa05e69e94"
        }
      }
    },
    {
      "fullUrl": "urn:uuid:206bb4d9-6f6d-4636-88c2-9468eaba652e",
      "resource": {
        "resourceType": "Observation",
        "id": "206bb4d9-6f6d-4636-88c2-9468eaba652e",
        "meta": {
          "profile": [
            "http://standardhealthrecord.org/fhir/StructureDefinition/shr-finding-Observation",
            "http://standardhealthrecord.org/fhir/StructureDefinition/shr-vital-VitalSign",
            "http://standardhealthrecord.org/fhir/StructureDefinition/shr-vital-BodyHeight"
          ]
        },
        "status": "final",
        "category": [
          {
            "coding": [
              {
                "system": "http://hl7.org/fhir/observation-category",
                "code": "vital-signs",
                "display": "vital-signs"
              }
            ]
          }
        ],
        "code": {
          "coding": [
            {
              "system": "http://loinc.org",
              "code": "8302-2",
              "display": "Body Height"
            }
          ],
          "text": "Body Height"
        },
        "subject": {
          "reference": "urn:uuid:2bee8926-7ceb-4835-894e-ff103f297266"
        },
        "context": {
          "reference": "urn:uuid:4b53a998-aee7-450b-9ea5-d1f7e5115e69"
        },
        "effectiveDateTime": "2009-03-25T13:15:52-04:00",
        "issued": "2009-03-25T13:15:52.982-04:00",
        "valueQuantity": {
          "value": 177.9452159680092,
          "unit": "cm",
          "system": "http://unitsofmeasure.org",
          "code": "cm"
        }
      }
    },
    {
      "fullUrl": "urn:uuid:65bab068-3ee9-48ff-98d3-93b1cceae78c",
      "resource": {
        "resourceType": "Observation",
        "id": "65bab068-3ee9-48ff-98d3-93b1cceae78c",
        "meta": {
          "profile": [
            "http://standardhealthrecord.org/fhir/StructureDefinition/shr-finding-Observation",
            "http://standardhealthrecord.org/fhir/StructureDefinition/shr-vital-VitalSign",
            "http://standardhealthrecord.org/fhir/StructureDefinition/shr-vital-BodyWeight"
          ]
        },
        "status": "final",
        "category": [
          {
            "coding": [
              {
                "system": "http://hl7.org/fhir/observation-category",
                "code": "vital-signs",
                "display": "vital-signs"
              }
            ]
          }
        ],
        "code": {
          "coding": [
            {
              "system": "http://loinc.org",
              "code": "29463-7",
              "display": "Body Weight"
            }
          ],
          "text": "Body Weight"
        },
        "subject": {
          "reference": "urn:uuid:2bee8926-7ceb-4835-894e-ff103f297266"
        },
        "context": {
          "reference": "urn:uuid:4b53a998-aee7-450b-9ea5-d1f7e5115e69"
        },
        "effectiveDateTime": "2009-03-25T13:15:52-04:00",
        "issued": "2009-03-25T13:15:52.982-04:00",
        "valueQuantity": {
          "value": 61.855592536127475,
          "unit": "kg",
          "system": "http://unitsofmeasure.org",
          "code": "kg"
        }
      }
    },
    {
      "fullUrl": "urn:uuid:432cdb34-8eed-4191-b4ec-100ffaf55e8e",
      "resource": {
        "resourceType": "Observation",
        "id": "432cdb34-8eed-4191-b4ec-100ffaf55e8e",
        "meta": {
          "profile": [
            "http://standardhealthrecord.org/fhir/StructureDefinition/shr-finding-Observation",
            "http://standardhealthrecord.org/fhir/StructureDefinition/shr-vital-VitalSign",
            "http://standardhealthrecord.org/fhir/StructureDefinition/shr-vital-BodyMassIndex"
          ]
        },
        "status": "final",
        "category": [
          {
            "coding": [
              {
                "system": "http://hl7.org/fhir/observation-category",
                "code": "vital-signs",
                "display": "vital-signs"
              }
            ]
          }
        ],
        "code": {
          "coding": [
            {
              "system": "http://loinc.org",
              "code": "39156-5",
              "display": "Body Mass Index"
            }
          ],
          "text": "Body Mass Index"
        },
        "subject": {
          "reference": "urn:uuid:2bee8926-7ceb-4835-894e-ff103f297266"
        },
        "context": {
          "reference": "urn:uuid:4b53a998-aee7-450b-9ea5-d1f7e5115e69"
        },
        "effectiveDateTime": "2009-03-25T13:15:52-04:00",
        "issued": "2009-03-25T13:15:52.982-04:00",
        "valueQuantity": {
          "value": 19.534681665276697,
          "unit": "kg/m2",
          "system": "http://unitsofmeasure.org",
          "code": "kg/m2"
        }
      }
    },
    {
      "fullUrl": "urn:uuid:a42d3ad6-d4b2-4978-b914-a4f7fe4438d2",
      "resource": {
        "resourceType": "Observation",
        "id": "a42d3ad6-d4b2-4978-b914-a4f7fe4438d2",
        "meta": {
          "profile": [
            "http://standardhealthrecord.org/fhir/StructureDefinition/shr-finding-Observation",
            "http://standardhealthrecord.org/fhir/StructureDefinition/shr-vital-VitalSign",
            "http://standardhealthrecord.org/fhir/StructureDefinition/shr-vital-BloodPressure"
          ]
        },
        "status": "final",
        "category": [
          {
            "coding": [
              {
                "system": "http://hl7.org/fhir/observation-category",
                "code": "vital-signs",
                "display": "vital-signs"
              }
            ]
          }
        ],
        "code": {
          "coding": [
            {
              "system": "http://loinc.org",
              "code": "55284-4",
              "display": "Blood Pressure"
            }
          ],
          "text": "Blood Pressure"
        },
        "subject": {
          "reference": "urn:uuid:2bee8926-7ceb-4835-894e-ff103f297266"
        },
        "context": {
          "reference": "urn:uuid:4b53a998-aee7-450b-9ea5-d1f7e5115e69"
        },
        "effectiveDateTime": "2009-03-25T13:15:52-04:00",
        "issued": "2009-03-25T13:15:52.982-04:00",
        "component": [
          {
            "code": {
              "coding": [
                {
                  "system": "http://loinc.org",
                  "code": "8462-4",
                  "display": "Diastolic Blood Pressure"
                }
              ],
              "text": "Diastolic Blood Pressure"
            },
            "valueQuantity": {
              "value": 102.62801678149725,
              "unit": "mmHg",
              "system": "http://unitsofmeasure.org",
              "code": "mmHg"
            }
          },
          {
            "code": {
              "coding": [
                {
                  "system": "http://loinc.org",
                  "code": "8480-6",
                  "display": "Systolic Blood Pressure"
                }
              ],
              "text": "Systolic Blood Pressure"
            },
            "valueQuantity": {
              "value": 156.0263660353983,
              "unit": "mmHg",
              "system": "http://unitsofmeasure.org",
              "code": "mmHg"
            }
          }
        ]
      }
    },
    {
      "fullUrl": "urn:uuid:f18e40af-0463-4e92-81a7-035496e0aa96",
      "resource": {
        "resourceType": "Observation",
        "id": "f18e40af-0463-4e92-81a7-035496e0aa96",
        "meta": {
          "profile": [
            "http://standardhealthrecord.org/fhir/StructureDefinition/shr-finding-Observation"
          ]
        },
        "status": "final",
        "category": [
          {
            "coding": [
              {
                "system": "http://hl7.org/fhir/observation-category",
                "code": "laboratory",
                "display": "laboratory"
              }
            ]
          }
        ],
        "code": {
          "coding": [
            {
              "system": "http://loinc.org",
              "code": "33914-3",
              "display": "Estimated Glomerular Filtration Rate"
            }
          ],
          "text": "Estimated Glomerular Filtration Rate"
        },
        "subject": {
          "reference": "urn:uuid:2bee8926-7ceb-4835-894e-ff103f297266"
        },
        "context": {
          "reference": "urn:uuid:4b53a998-aee7-450b-9ea5-d1f7e5115e69"
        },
        "effectiveDateTime": "2009-03-25T13:15:52-04:00",
        "issued": "2009-03-25T13:15:52.982-04:00",
        "valueQuantity": {
          "value": 96.13889871569654,
          "unit": "mL/min/{1.73_m2}",
          "system": "http://unitsofmeasure.org",
          "code": "mL/min/{1.73_m2}"
        }
      }
    },
    {
      "fullUrl": "urn:uuid:2085da8b-f1b5-40b2-8f8c-6b367686564f",
      "resource": {
        "resourceType": "Procedure",
        "id": "2085da8b-f1b5-40b2-8f8c-6b367686564f",
        "meta": {
          "profile": [
            "http://standardhealthrecord.org/fhir/StructureDefinition/shr-procedure-ProcedurePerformed"
          ]
        },
        "extension": [
          {
            "url": "http://standardhealthrecord.org/fhir/StructureDefinition/shr-action-PerformedContext-extension",
            "extension": [
              {
                "url": "http://standardhealthrecord.org/fhir/StructureDefinition/shr-action-Status-extension",
                "valueCode": "completed"
              }
            ]
          }
        ],
        "status": "completed",
        "code": {
          "coding": [
            {
              "system": "http://snomed.info/sct",
              "code": "428191000124101",
              "display": "Documentation of current medications"
            }
          ],
          "text": "Documentation of current medications"
        },
        "subject": {
          "reference": "urn:uuid:2bee8926-7ceb-4835-894e-ff103f297266"
        },
        "context": {
          "reference": "urn:uuid:4b53a998-aee7-450b-9ea5-d1f7e5115e69"
        },
        "performedDateTime": "2009-03-25T13:15:52-04:00"
      }
    },
    {
      "fullUrl": "urn:uuid:a0fd33e6-befe-4a72-9a5c-832ae6c1f8f8",
      "resource": {
        "resourceType": "Immunization",
        "id": "a0fd33e6-befe-4a72-9a5c-832ae6c1f8f8",
        "meta": {
          "profile": [
            "http://standardhealthrecord.org/fhir/StructureDefinition/shr-immunization-ImmunizationGiven"
          ]
        },
        "extension": [
          {
            "url": "http://standardhealthrecord.org/fhir/StructureDefinition/shr-action-PerformedContext-extension",
            "extension": [
              {
                "url": "http://standardhealthrecord.org/fhir/StructureDefinition/shr-action-Status-extension",
                "valueCode": "completed"
              }
            ]
          }
        ],
        "status": "completed",
        "notGiven": false,
        "vaccineCode": {
          "coding": [
            {
              "system": "http://hl7.org/fhir/sid/cvx",
              "code": "140",
              "display": "Influenza, seasonal, injectable, preservative free"
            }
          ],
          "text": "Influenza, seasonal, injectable, preservative free"
        },
        "patient": {
          "reference": "urn:uuid:2bee8926-7ceb-4835-894e-ff103f297266"
        },
        "encounter": {
          "reference": "urn:uuid:4b53a998-aee7-450b-9ea5-d1f7e5115e69"
        },
        "date": "2009-03-25T13:15:52-04:00",
        "primarySource": true
      }
    },
    {
      "fullUrl": "urn:uuid:6d293a29-9e1c-4e4c-a393-2f52b78042a8",
      "resource": {
        "resourceType": "Immunization",
        "id": "6d293a29-9e1c-4e4c-a393-2f52b78042a8",
        "meta": {
          "profile": [
            "http://standardhealthrecord.org/fhir/StructureDefinition/shr-immunization-ImmunizationGiven"
          ]
        },
        "extension": [
          {
            "url": "http://standardhealthrecord.org/fhir/StructureDefinition/shr-action-PerformedContext-extension",
            "extension": [
              {
                "url": "http://standardhealthrecord.org/fhir/StructureDefinition/shr-action-Status-extension",
                "valueCode": "completed"
              }
            ]
          }
        ],
        "status": "completed",
        "notGiven": false,
        "vaccineCode": {
          "coding": [
            {
              "system": "http://hl7.org/fhir/sid/cvx",
              "code": "113",
              "display": "Td (adult) preservative free"
            }
          ],
          "text": "Td (adult) preservative free"
        },
        "patient": {
          "reference": "urn:uuid:2bee8926-7ceb-4835-894e-ff103f297266"
        },
        "encounter": {
          "reference": "urn:uuid:4b53a998-aee7-450b-9ea5-d1f7e5115e69"
        },
        "date": "2009-03-25T13:15:52-04:00",
        "primarySource": true
      }
    },
    {
      "fullUrl": "urn:uuid:2d6aeae1-2a6d-4c66-936a-56fefe2aca9c",
      "resource": {
        "resourceType": "Claim",
        "id": "2d6aeae1-2a6d-4c66-936a-56fefe2aca9c",
        "status": "active",
        "use": "complete",
        "patient": {
          "reference": "urn:uuid:2bee8926-7ceb-4835-894e-ff103f297266"
        },
        "billablePeriod": {
          "start": "2009-03-25T13:15:52-04:00",
          "end": "2009-03-25T13:15:52-04:00"
        },
        "organization": {
          "reference": "urn:uuid:6ef00016-fea0-4852-8f36-67fa05e69e94"
        },
        "information": [
          {
            "sequence": 1,
            "category": {
              "coding": [
                {
                  "system": "http://hl7.org/fhir/claiminformationcategory",
                  "code": "info"
                }
              ]
            },
            "valueReference": {
              "reference": "urn:uuid:a0fd33e6-befe-4a72-9a5c-832ae6c1f8f8"
            }
          },
          {
            "sequence": 2,
            "category": {
              "coding": [
                {
                  "system": "http://hl7.org/fhir/claiminformationcategory",
                  "code": "info"
                }
              ]
            },
            "valueReference": {
              "reference": "urn:uuid:6d293a29-9e1c-4e4c-a393-2f52b78042a8"
            }
          }
        ],
        "procedure": [
          {
            "sequence": 1,
            "procedureReference": {
              "reference": "urn:uuid:2085da8b-f1b5-40b2-8f8c-6b367686564f"
            }
          }
        ],
        "item": [
          {
            "sequence": 1,
            "encounter": [
              {
                "reference": "urn:uuid:4b53a998-aee7-450b-9ea5-d1f7e5115e69"
              }
            ]
          },
          {
            "sequence": 2,
            "informationLinkId": [
              1
            ],
            "net": {
              "value": 136.00,
              "system": "urn:iso:std:iso:4217",
              "code": "USD"
            }
          },
          {
            "sequence": 3,
            "informationLinkId": [
              2
            ],
            "net": {
              "value": 136.00,
              "system": "urn:iso:std:iso:4217",
              "code": "USD"
            }
          },
          {
            "sequence": 4,
            "procedureLinkId": [
              1
            ],
            "net": {
              "value": 500.00,
              "system": "urn:iso:std:iso:4217",
              "code": "USD"
            }
          }
        ],
        "total": {
          "value": 897.00,
          "system": "urn:iso:std:iso:4217",
          "code": "USD"
        }
      }
    },
    {
      "fullUrl": "urn:uuid:ecf7a3df-20f8-4b25-a8bd-c63c80005207",
      "resource": {
        "resourceType": "Encounter",
        "id": "ecf7a3df-20f8-4b25-a8bd-c63c80005207",
        "meta": {
          "profile": [
            "http://standardhealthrecord.org/fhir/StructureDefinition/shr-encounter-EncounterPerformed"
          ]
        },
        "extension": [
          {
            "url": "http://standardhealthrecord.org/fhir/StructureDefinition/shr-action-PerformedContext-extension",
            "extension": [
              {
                "url": "http://standardhealthrecord.org/fhir/StructureDefinition/shr-action-Status-extension",
                "valueCode": "finished"
              }
            ]
          }
        ],
        "status": "finished",
        "class": {
          "code": "ambulatory"
        },
        "type": [
          {
            "coding": [
              {
                "system": "http://snomed.info/sct",
                "code": "185345009",
                "display": "Encounter for symptom"
              }
            ],
            "text": "Encounter for symptom"
          }
        ],
        "subject": {
          "reference": "urn:uuid:2bee8926-7ceb-4835-894e-ff103f297266"
        },
        "period": {
          "start": "2010-11-01T13:15:52-04:00",
          "end": "2010-11-01T13:15:52-04:00"
        },
        "reason": [
          {
            "coding": [
              {
                "system": "http://snomed.info/sct",
                "code": "195662009",
                "display": "Acute viral pharyngitis (disorder)"
              }
            ]
          }
        ],
        "serviceProvider": {
          "reference": "urn:uuid:6ef00016-fea0-4852-8f36-67fa05e69e94"
        }
      }
    },
    {
      "fullUrl": "urn:uuid:e05d63ff-c7e0-4412-9873-bfd8d348f2a4",
      "resource": {
        "resourceType": "Condition",
        "id": "e05d63ff-c7e0-4412-9873-bfd8d348f2a4",
        "meta": {
          "profile": [
            "http://standardhealthrecord.org/fhir/StructureDefinition/shr-condition-Condition"
          ]
        },
        "clinicalStatus": "resolved",
        "verificationStatus": "confirmed",
        "category": [
          {
            "coding": [
              {
                "system": "http://standardhealthrecord.org/shr/condition/vs/ConditionCategoryVS",
                "code": "disease",
                "display": "Disease"
              }
            ]
          }
        ],
        "code": {
          "coding": [
            {
              "system": "http://snomed.info/sct",
              "code": "195662009",
              "display": "Acute viral pharyngitis (disorder)"
            }
          ],
          "text": "Acute viral pharyngitis (disorder)"
        },
        "subject": {
          "reference": "urn:uuid:2bee8926-7ceb-4835-894e-ff103f297266"
        },
        "context": {
          "reference": "urn:uuid:ecf7a3df-20f8-4b25-a8bd-c63c80005207"
        },
        "onsetDateTime": "2010-11-01T13:15:52-04:00",
        "abatementDateTime": "2010-11-12T12:15:52-05:00",
        "assertedDate": "2010-11-01T13:15:52-04:00"
      }
    },
    {
      "fullUrl": "urn:uuid:7cc60bb1-5c0f-45bc-b7d6-edd24f35f50a",
      "resource": {
        "resourceType": "Observation",
        "id": "7cc60bb1-5c0f-45bc-b7d6-edd24f35f50a",
        "meta": {
          "profile": [
            "http://standardhealthrecord.org/fhir/StructureDefinition/shr-finding-Observation",
            "http://standardhealthrecord.org/fhir/StructureDefinition/shr-vital-VitalSign"
          ]
        },
        "status": "final",
        "category": [
          {
            "coding": [
              {
                "system": "http://hl7.org/fhir/observation-category",
                "code": "vital-signs",
                "display": "vital-signs"
              }
            ]
          }
        ],
        "code": {
          "coding": [
            {
              "system": "http://loinc.org",
              "code": "8331-1",
              "display": "Oral temperature"
            }
          ],
          "text": "Oral temperature"
        },
        "subject": {
          "reference": "urn:uuid:2bee8926-7ceb-4835-894e-ff103f297266"
        },
        "context": {
          "reference": "urn:uuid:ecf7a3df-20f8-4b25-a8bd-c63c80005207"
        },
        "effectiveDateTime": "2010-11-01T13:15:52-04:00",
        "issued": "2010-11-01T13:15:52.982-04:00",
        "valueQuantity": {
          "value": 37.21732942792323,
          "unit": "Cel",
          "system": "http://unitsofmeasure.org",
          "code": "Cel"
        }
      }
    },
    {
      "fullUrl": "urn:uuid:368f7b06-06fe-4fd9-a5b8-cc554cc5e834",
      "resource": {
        "resourceType": "Claim",
        "id": "368f7b06-06fe-4fd9-a5b8-cc554cc5e834",
        "status": "active",
        "use": "complete",
        "patient": {
          "reference": "urn:uuid:2bee8926-7ceb-4835-894e-ff103f297266"
        },
        "billablePeriod": {
          "start": "2010-11-01T13:15:52-04:00",
          "end": "2010-11-01T13:15:52-04:00"
        },
        "organization": {
          "reference": "urn:uuid:6ef00016-fea0-4852-8f36-67fa05e69e94"
        },
        "diagnosis": [
          {
            "sequence": 1,
            "diagnosisReference": {
              "reference": "urn:uuid:e05d63ff-c7e0-4412-9873-bfd8d348f2a4"
            }
          }
        ],
        "item": [
          {
            "sequence": 1,
            "encounter": [
              {
                "reference": "urn:uuid:ecf7a3df-20f8-4b25-a8bd-c63c80005207"
              }
            ]
          },
          {
            "sequence": 2,
            "diagnosisLinkId": [
              1
            ]
          }
        ],
        "total": {
          "value": 125.00,
          "system": "urn:iso:std:iso:4217",
          "code": "USD"
        }
      }
    },
    {
      "fullUrl": "urn:uuid:b4e33f0f-0831-40b0-8143-d8f50f699490",
      "resource": {
        "resourceType": "Encounter",
        "id": "b4e33f0f-0831-40b0-8143-d8f50f699490",
        "meta": {
          "profile": [
            "http://standardhealthrecord.org/fhir/StructureDefinition/shr-encounter-EncounterPerformed"
          ]
        },
        "extension": [
          {
            "url": "http://standardhealthrecord.org/fhir/StructureDefinition/shr-action-PerformedContext-extension",
            "extension": [
              {
                "url": "http://standardhealthrecord.org/fhir/StructureDefinition/shr-action-Status-extension",
                "valueCode": "finished"
              }
            ]
          }
        ],
        "status": "finished",
        "class": {
          "code": "WELLNESS"
        },
        "type": [
          {
            "coding": [
              {
                "system": "http://snomed.info/sct",
                "code": "185349003",
                "display": "Encounter for check up (procedure)"
              }
            ],
            "text": "Encounter for check up (procedure)"
          }
        ],
        "subject": {
          "reference": "urn:uuid:2bee8926-7ceb-4835-894e-ff103f297266"
        },
        "period": {
          "start": "2012-03-28T13:15:52-04:00",
          "end": "2012-03-28T13:15:52-04:00"
        },
        "serviceProvider": {
          "reference": "urn:uuid:6ef00016-fea0-4852-8f36-67fa05e69e94"
        }
      }
    },
    {
      "fullUrl": "urn:uuid:9f274964-7917-41bd-b4c2-175de1eade36",
      "resource": {
        "resourceType": "Observation",
        "id": "9f274964-7917-41bd-b4c2-175de1eade36",
        "meta": {
          "profile": [
            "http://standardhealthrecord.org/fhir/StructureDefinition/shr-finding-Observation",
            "http://standardhealthrecord.org/fhir/StructureDefinition/shr-vital-VitalSign",
            "http://standardhealthrecord.org/fhir/StructureDefinition/shr-vital-BodyHeight"
          ]
        },
        "status": "final",
        "category": [
          {
            "coding": [
              {
                "system": "http://hl7.org/fhir/observation-category",
                "code": "vital-signs",
                "display": "vital-signs"
              }
            ]
          }
        ],
        "code": {
          "coding": [
            {
              "system": "http://loinc.org",
              "code": "8302-2",
              "display": "Body Height"
            }
          ],
          "text": "Body Height"
        },
        "subject": {
          "reference": "urn:uuid:2bee8926-7ceb-4835-894e-ff103f297266"
        },
        "context": {
          "reference": "urn:uuid:b4e33f0f-0831-40b0-8143-d8f50f699490"
        },
        "effectiveDateTime": "2012-03-28T13:15:52-04:00",
        "issued": "2012-03-28T13:15:52.982-04:00",
        "valueQuantity": {
          "value": 177.9452159680092,
          "unit": "cm",
          "system": "http://unitsofmeasure.org",
          "code": "cm"
        }
      }
    },
    {
      "fullUrl": "urn:uuid:0ceb38f1-de24-4a22-a77d-68b30e028aca",
      "resource": {
        "resourceType": "Observation",
        "id": "0ceb38f1-de24-4a22-a77d-68b30e028aca",
        "meta": {
          "profile": [
            "http://standardhealthrecord.org/fhir/StructureDefinition/shr-finding-Observation",
            "http://standardhealthrecord.org/fhir/StructureDefinition/shr-vital-VitalSign",
            "http://standardhealthrecord.org/fhir/StructureDefinition/shr-vital-BodyWeight"
          ]
        },
        "status": "final",
        "category": [
          {
            "coding": [
              {
                "system": "http://hl7.org/fhir/observation-category",
                "code": "vital-signs",
                "display": "vital-signs"
              }
            ]
          }
        ],
        "code": {
          "coding": [
            {
              "system": "http://loinc.org",
              "code": "29463-7",
              "display": "Body Weight"
            }
          ],
          "text": "Body Weight"
        },
        "subject": {
          "reference": "urn:uuid:2bee8926-7ceb-4835-894e-ff103f297266"
        },
        "context": {
          "reference": "urn:uuid:b4e33f0f-0831-40b0-8143-d8f50f699490"
        },
        "effectiveDateTime": "2012-03-28T13:15:52-04:00",
        "issued": "2012-03-28T13:15:52.982-04:00",
        "valueQuantity": {
          "value": 66.18961144511404,
          "unit": "kg",
          "system": "http://unitsofmeasure.org",
          "code": "kg"
        }
      }
    },
    {
      "fullUrl": "urn:uuid:ec8fd018-6a72-4659-8739-a74b604ce275",
      "resource": {
        "resourceType": "Observation",
        "id": "ec8fd018-6a72-4659-8739-a74b604ce275",
        "meta": {
          "profile": [
            "http://standardhealthrecord.org/fhir/StructureDefinition/shr-finding-Observation",
            "http://standardhealthrecord.org/fhir/StructureDefinition/shr-vital-VitalSign",
            "http://standardhealthrecord.org/fhir/StructureDefinition/shr-vital-BodyMassIndex"
          ]
        },
        "status": "final",
        "category": [
          {
            "coding": [
              {
                "system": "http://hl7.org/fhir/observation-category",
                "code": "vital-signs",
                "display": "vital-signs"
              }
            ]
          }
        ],
        "code": {
          "coding": [
            {
              "system": "http://loinc.org",
              "code": "39156-5",
              "display": "Body Mass Index"
            }
          ],
          "text": "Body Mass Index"
        },
        "subject": {
          "reference": "urn:uuid:2bee8926-7ceb-4835-894e-ff103f297266"
        },
        "context": {
          "reference": "urn:uuid:b4e33f0f-0831-40b0-8143-d8f50f699490"
        },
        "effectiveDateTime": "2012-03-28T13:15:52-04:00",
        "issued": "2012-03-28T13:15:52.982-04:00",
        "valueQuantity": {
          "value": 20.9034128704445,
          "unit": "kg/m2",
          "system": "http://unitsofmeasure.org",
          "code": "kg/m2"
        }
      }
    },
    {
      "fullUrl": "urn:uuid:dcb16aaf-7e20-499c-87e5-ac734cb76e08",
      "resource": {
        "resourceType": "Observation",
        "id": "dcb16aaf-7e20-499c-87e5-ac734cb76e08",
        "meta": {
          "profile": [
            "http://standardhealthrecord.org/fhir/StructureDefinition/shr-finding-Observation",
            "http://standardhealthrecord.org/fhir/StructureDefinition/shr-vital-VitalSign",
            "http://standardhealthrecord.org/fhir/StructureDefinition/shr-vital-BloodPressure"
          ]
        },
        "status": "final",
        "category": [
          {
            "coding": [
              {
                "system": "http://hl7.org/fhir/observation-category",
                "code": "vital-signs",
                "display": "vital-signs"
              }
            ]
          }
        ],
        "code": {
          "coding": [
            {
              "system": "http://loinc.org",
              "code": "55284-4",
              "display": "Blood Pressure"
            }
          ],
          "text": "Blood Pressure"
        },
        "subject": {
          "reference": "urn:uuid:2bee8926-7ceb-4835-894e-ff103f297266"
        },
        "context": {
          "reference": "urn:uuid:b4e33f0f-0831-40b0-8143-d8f50f699490"
        },
        "effectiveDateTime": "2012-03-28T13:15:52-04:00",
        "issued": "2012-03-28T13:15:52.982-04:00",
        "component": [
          {
            "code": {
              "coding": [
                {
                  "system": "http://loinc.org",
                  "code": "8462-4",
                  "display": "Diastolic Blood Pressure"
                }
              ],
              "text": "Diastolic Blood Pressure"
            },
            "valueQuantity": {
              "value": 96.85274718231028,
              "unit": "mmHg",
              "system": "http://unitsofmeasure.org",
              "code": "mmHg"
            }
          },
          {
            "code": {
              "coding": [
                {
                  "system": "http://loinc.org",
                  "code": "8480-6",
                  "display": "Systolic Blood Pressure"
                }
              ],
              "text": "Systolic Blood Pressure"
            },
            "valueQuantity": {
              "value": 170.34076500418982,
              "unit": "mmHg",
              "system": "http://unitsofmeasure.org",
              "code": "mmHg"
            }
          }
        ]
      }
    },
    {
      "fullUrl": "urn:uuid:3a35f34b-2763-4acb-8ecd-32bc6737ede8",
      "resource": {
        "resourceType": "Observation",
        "id": "3a35f34b-2763-4acb-8ecd-32bc6737ede8",
        "meta": {
          "profile": [
            "http://standardhealthrecord.org/fhir/StructureDefinition/shr-finding-Observation"
          ]
        },
        "status": "final",
        "category": [
          {
            "coding": [
              {
                "system": "http://hl7.org/fhir/observation-category",
                "code": "laboratory",
                "display": "laboratory"
              }
            ]
          }
        ],
        "code": {
          "coding": [
            {
              "system": "http://loinc.org",
              "code": "33914-3",
              "display": "Estimated Glomerular Filtration Rate"
            }
          ],
          "text": "Estimated Glomerular Filtration Rate"
        },
        "subject": {
          "reference": "urn:uuid:2bee8926-7ceb-4835-894e-ff103f297266"
        },
        "context": {
          "reference": "urn:uuid:b4e33f0f-0831-40b0-8143-d8f50f699490"
        },
        "effectiveDateTime": "2012-03-28T13:15:52-04:00",
        "issued": "2012-03-28T13:15:52.982-04:00",
        "valueQuantity": {
          "value": 98.06371874651848,
          "unit": "mL/min/{1.73_m2}",
          "system": "http://unitsofmeasure.org",
          "code": "mL/min/{1.73_m2}"
        }
      }
    },
    {
      "fullUrl": "urn:uuid:917e8f79-f31d-4a4f-b33d-1dabf6015cb2",
      "resource": {
        "resourceType": "Procedure",
        "id": "917e8f79-f31d-4a4f-b33d-1dabf6015cb2",
        "meta": {
          "profile": [
            "http://standardhealthrecord.org/fhir/StructureDefinition/shr-procedure-ProcedurePerformed"
          ]
        },
        "extension": [
          {
            "url": "http://standardhealthrecord.org/fhir/StructureDefinition/shr-action-PerformedContext-extension",
            "extension": [
              {
                "url": "http://standardhealthrecord.org/fhir/StructureDefinition/shr-action-Status-extension",
                "valueCode": "completed"
              }
            ]
          }
        ],
        "status": "completed",
        "code": {
          "coding": [
            {
              "system": "http://snomed.info/sct",
              "code": "428191000124101",
              "display": "Documentation of current medications"
            }
          ],
          "text": "Documentation of current medications"
        },
        "subject": {
          "reference": "urn:uuid:2bee8926-7ceb-4835-894e-ff103f297266"
        },
        "context": {
          "reference": "urn:uuid:b4e33f0f-0831-40b0-8143-d8f50f699490"
        },
        "performedDateTime": "2012-03-28T13:15:52-04:00"
      }
    },
    {
      "fullUrl": "urn:uuid:1fc228c9-0d9c-442f-a255-f1b2652a17f5",
      "resource": {
        "resourceType": "Immunization",
        "id": "1fc228c9-0d9c-442f-a255-f1b2652a17f5",
        "meta": {
          "profile": [
            "http://standardhealthrecord.org/fhir/StructureDefinition/shr-immunization-ImmunizationGiven"
          ]
        },
        "extension": [
          {
            "url": "http://standardhealthrecord.org/fhir/StructureDefinition/shr-action-PerformedContext-extension",
            "extension": [
              {
                "url": "http://standardhealthrecord.org/fhir/StructureDefinition/shr-action-Status-extension",
                "valueCode": "completed"
              }
            ]
          }
        ],
        "status": "completed",
        "notGiven": false,
        "vaccineCode": {
          "coding": [
            {
              "system": "http://hl7.org/fhir/sid/cvx",
              "code": "140",
              "display": "Influenza, seasonal, injectable, preservative free"
            }
          ],
          "text": "Influenza, seasonal, injectable, preservative free"
        },
        "patient": {
          "reference": "urn:uuid:2bee8926-7ceb-4835-894e-ff103f297266"
        },
        "encounter": {
          "reference": "urn:uuid:b4e33f0f-0831-40b0-8143-d8f50f699490"
        },
        "date": "2012-03-28T13:15:52-04:00",
        "primarySource": true
      }
    },
    {
      "fullUrl": "urn:uuid:364e9937-dfb2-4c76-8a0d-4bbd80adaf25",
      "resource": {
        "resourceType": "Claim",
        "id": "364e9937-dfb2-4c76-8a0d-4bbd80adaf25",
        "status": "active",
        "use": "complete",
        "patient": {
          "reference": "urn:uuid:2bee8926-7ceb-4835-894e-ff103f297266"
        },
        "billablePeriod": {
          "start": "2012-03-28T13:15:52-04:00",
          "end": "2012-03-28T13:15:52-04:00"
        },
        "organization": {
          "reference": "urn:uuid:6ef00016-fea0-4852-8f36-67fa05e69e94"
        },
        "information": [
          {
            "sequence": 1,
            "category": {
              "coding": [
                {
                  "system": "http://hl7.org/fhir/claiminformationcategory",
                  "code": "info"
                }
              ]
            },
            "valueReference": {
              "reference": "urn:uuid:1fc228c9-0d9c-442f-a255-f1b2652a17f5"
            }
          }
        ],
        "procedure": [
          {
            "sequence": 1,
            "procedureReference": {
              "reference": "urn:uuid:917e8f79-f31d-4a4f-b33d-1dabf6015cb2"
            }
          }
        ],
        "item": [
          {
            "sequence": 1,
            "encounter": [
              {
                "reference": "urn:uuid:b4e33f0f-0831-40b0-8143-d8f50f699490"
              }
            ]
          },
          {
            "sequence": 2,
            "informationLinkId": [
              1
            ],
            "net": {
              "value": 136.00,
              "system": "urn:iso:std:iso:4217",
              "code": "USD"
            }
          },
          {
            "sequence": 3,
            "procedureLinkId": [
              1
            ],
            "net": {
              "value": 500.00,
              "system": "urn:iso:std:iso:4217",
              "code": "USD"
            }
          }
        ],
        "total": {
          "value": 761.00,
          "system": "urn:iso:std:iso:4217",
          "code": "USD"
        }
      }
    },
    {
      "fullUrl": "urn:uuid:02c688da-6ac1-453d-b5a1-e8f6536352e3",
      "resource": {
        "resourceType": "Encounter",
        "id": "02c688da-6ac1-453d-b5a1-e8f6536352e3",
        "meta": {
          "profile": [
            "http://standardhealthrecord.org/fhir/StructureDefinition/shr-encounter-EncounterPerformed"
          ]
        },
        "extension": [
          {
            "url": "http://standardhealthrecord.org/fhir/StructureDefinition/shr-action-PerformedContext-extension",
            "extension": [
              {
                "url": "http://standardhealthrecord.org/fhir/StructureDefinition/shr-action-Status-extension",
                "valueCode": "finished"
              }
            ]
          }
        ],
        "status": "finished",
        "class": {
          "code": "WELLNESS"
        },
        "type": [
          {
            "coding": [
              {
                "system": "http://snomed.info/sct",
                "code": "185349003",
                "display": "Encounter for check up (procedure)"
              }
            ],
            "text": "Encounter for check up (procedure)"
          }
        ],
        "subject": {
          "reference": "urn:uuid:2bee8926-7ceb-4835-894e-ff103f297266"
        },
        "period": {
          "start": "2015-04-01T13:15:52-04:00",
          "end": "2015-04-01T13:15:52-04:00"
        },
        "serviceProvider": {
          "reference": "urn:uuid:6ef00016-fea0-4852-8f36-67fa05e69e94"
        }
      }
    },
    {
      "fullUrl": "urn:uuid:d4b7ef33-0366-431e-afd0-79e6cc46b5c7",
      "resource": {
        "resourceType": "Observation",
        "id": "d4b7ef33-0366-431e-afd0-79e6cc46b5c7",
        "meta": {
          "profile": [
            "http://standardhealthrecord.org/fhir/StructureDefinition/shr-finding-Observation",
            "http://standardhealthrecord.org/fhir/StructureDefinition/shr-vital-VitalSign",
            "http://standardhealthrecord.org/fhir/StructureDefinition/shr-vital-BodyHeight"
          ]
        },
        "status": "final",
        "category": [
          {
            "coding": [
              {
                "system": "http://hl7.org/fhir/observation-category",
                "code": "vital-signs",
                "display": "vital-signs"
              }
            ]
          }
        ],
        "code": {
          "coding": [
            {
              "system": "http://loinc.org",
              "code": "8302-2",
              "display": "Body Height"
            }
          ],
          "text": "Body Height"
        },
        "subject": {
          "reference": "urn:uuid:2bee8926-7ceb-4835-894e-ff103f297266"
        },
        "context": {
          "reference": "urn:uuid:02c688da-6ac1-453d-b5a1-e8f6536352e3"
        },
        "effectiveDateTime": "2015-04-01T13:15:52-04:00",
        "issued": "2015-04-01T13:15:52.982-04:00",
        "valueQuantity": {
          "value": 177.9452159680092,
          "unit": "cm",
          "system": "http://unitsofmeasure.org",
          "code": "cm"
        }
      }
    },
    {
      "fullUrl": "urn:uuid:53c0a3ee-aced-4e70-ab9e-b79433262f39",
      "resource": {
        "resourceType": "Observation",
        "id": "53c0a3ee-aced-4e70-ab9e-b79433262f39",
        "meta": {
          "profile": [
            "http://standardhealthrecord.org/fhir/StructureDefinition/shr-finding-Observation",
            "http://standardhealthrecord.org/fhir/StructureDefinition/shr-vital-VitalSign",
            "http://standardhealthrecord.org/fhir/StructureDefinition/shr-vital-BodyWeight"
          ]
        },
        "status": "final",
        "category": [
          {
            "coding": [
              {
                "system": "http://hl7.org/fhir/observation-category",
                "code": "vital-signs",
                "display": "vital-signs"
              }
            ]
          }
        ],
        "code": {
          "coding": [
            {
              "system": "http://loinc.org",
              "code": "29463-7",
              "display": "Body Weight"
            }
          ],
          "text": "Body Weight"
        },
        "subject": {
          "reference": "urn:uuid:2bee8926-7ceb-4835-894e-ff103f297266"
        },
        "context": {
          "reference": "urn:uuid:02c688da-6ac1-453d-b5a1-e8f6536352e3"
        },
        "effectiveDateTime": "2015-04-01T13:15:52-04:00",
        "issued": "2015-04-01T13:15:52.982-04:00",
        "valueQuantity": {
          "value": 71.15537030260889,
          "unit": "kg",
          "system": "http://unitsofmeasure.org",
          "code": "kg"
        }
      }
    },
    {
      "fullUrl": "urn:uuid:2399f14f-3258-4cee-a5ff-985aec7da091",
      "resource": {
        "resourceType": "Observation",
        "id": "2399f14f-3258-4cee-a5ff-985aec7da091",
        "meta": {
          "profile": [
            "http://standardhealthrecord.org/fhir/StructureDefinition/shr-finding-Observation",
            "http://standardhealthrecord.org/fhir/StructureDefinition/shr-vital-VitalSign",
            "http://standardhealthrecord.org/fhir/StructureDefinition/shr-vital-BodyMassIndex"
          ]
        },
        "status": "final",
        "category": [
          {
            "coding": [
              {
                "system": "http://hl7.org/fhir/observation-category",
                "code": "vital-signs",
                "display": "vital-signs"
              }
            ]
          }
        ],
        "code": {
          "coding": [
            {
              "system": "http://loinc.org",
              "code": "39156-5",
              "display": "Body Mass Index"
            }
          ],
          "text": "Body Mass Index"
        },
        "subject": {
          "reference": "urn:uuid:2bee8926-7ceb-4835-894e-ff103f297266"
        },
        "context": {
          "reference": "urn:uuid:02c688da-6ac1-453d-b5a1-e8f6536352e3"
        },
        "effectiveDateTime": "2015-04-01T13:15:52-04:00",
        "issued": "2015-04-01T13:15:52.982-04:00",
        "valueQuantity": {
          "value": 22.47165455289275,
          "unit": "kg/m2",
          "system": "http://unitsofmeasure.org",
          "code": "kg/m2"
        }
      }
    },
    {
      "fullUrl": "urn:uuid:9b6eff91-7b50-4e8b-ab1c-f05df5f7006b",
      "resource": {
        "resourceType": "Observation",
        "id": "9b6eff91-7b50-4e8b-ab1c-f05df5f7006b",
        "meta": {
          "profile": [
            "http://standardhealthrecord.org/fhir/StructureDefinition/shr-finding-Observation",
            "http://standardhealthrecord.org/fhir/StructureDefinition/shr-vital-VitalSign",
            "http://standardhealthrecord.org/fhir/StructureDefinition/shr-vital-BloodPressure"
          ]
        },
        "status": "final",
        "category": [
          {
            "coding": [
              {
                "system": "http://hl7.org/fhir/observation-category",
                "code": "vital-signs",
                "display": "vital-signs"
              }
            ]
          }
        ],
        "code": {
          "coding": [
            {
              "system": "http://loinc.org",
              "code": "55284-4",
              "display": "Blood Pressure"
            }
          ],
          "text": "Blood Pressure"
        },
        "subject": {
          "reference": "urn:uuid:2bee8926-7ceb-4835-894e-ff103f297266"
        },
        "context": {
          "reference": "urn:uuid:02c688da-6ac1-453d-b5a1-e8f6536352e3"
        },
        "effectiveDateTime": "2015-04-01T13:15:52-04:00",
        "issued": "2015-04-01T13:15:52.982-04:00",
        "component": [
          {
            "code": {
              "coding": [
                {
                  "system": "http://loinc.org",
                  "code": "8462-4",
                  "display": "Diastolic Blood Pressure"
                }
              ],
              "text": "Diastolic Blood Pressure"
            },
            "valueQuantity": {
              "value": 99.31775712252204,
              "unit": "mmHg",
              "system": "http://unitsofmeasure.org",
              "code": "mmHg"
            }
          },
          {
            "code": {
              "coding": [
                {
                  "system": "http://loinc.org",
                  "code": "8480-6",
                  "display": "Systolic Blood Pressure"
                }
              ],
              "text": "Systolic Blood Pressure"
            },
            "valueQuantity": {
              "value": 166.43429551127676,
              "unit": "mmHg",
              "system": "http://unitsofmeasure.org",
              "code": "mmHg"
            }
          }
        ]
      }
    },
    {
      "fullUrl": "urn:uuid:3eae3bdb-a437-4556-b202-641074d5a365",
      "resource": {
        "resourceType": "Observation",
        "id": "3eae3bdb-a437-4556-b202-641074d5a365",
        "meta": {
          "profile": [
            "http://standardhealthrecord.org/fhir/StructureDefinition/shr-finding-Observation"
          ]
        },
        "status": "final",
        "category": [
          {
            "coding": [
              {
                "system": "http://hl7.org/fhir/observation-category",
                "code": "laboratory",
                "display": "laboratory"
              }
            ]
          }
        ],
        "code": {
          "coding": [
            {
              "system": "http://loinc.org",
              "code": "33914-3",
              "display": "Estimated Glomerular Filtration Rate"
            }
          ],
          "text": "Estimated Glomerular Filtration Rate"
        },
        "subject": {
          "reference": "urn:uuid:2bee8926-7ceb-4835-894e-ff103f297266"
        },
        "context": {
          "reference": "urn:uuid:02c688da-6ac1-453d-b5a1-e8f6536352e3"
        },
        "effectiveDateTime": "2015-04-01T13:15:52-04:00",
        "issued": "2015-04-01T13:15:52.982-04:00",
        "valueQuantity": {
          "value": 133.51187660053478,
          "unit": "mL/min/{1.73_m2}",
          "system": "http://unitsofmeasure.org",
          "code": "mL/min/{1.73_m2}"
        }
      }
    },
    {
      "fullUrl": "urn:uuid:47600542-cdb7-45ee-b4ce-9263224c8a12",
      "resource": {
        "resourceType": "Immunization",
        "id": "47600542-cdb7-45ee-b4ce-9263224c8a12",
        "meta": {
          "profile": [
            "http://standardhealthrecord.org/fhir/StructureDefinition/shr-immunization-ImmunizationGiven"
          ]
        },
        "extension": [
          {
            "url": "http://standardhealthrecord.org/fhir/StructureDefinition/shr-action-PerformedContext-extension",
            "extension": [
              {
                "url": "http://standardhealthrecord.org/fhir/StructureDefinition/shr-action-Status-extension",
                "valueCode": "completed"
              }
            ]
          }
        ],
        "status": "completed",
        "notGiven": false,
        "vaccineCode": {
          "coding": [
            {
              "system": "http://hl7.org/fhir/sid/cvx",
              "code": "140",
              "display": "Influenza, seasonal, injectable, preservative free"
            }
          ],
          "text": "Influenza, seasonal, injectable, preservative free"
        },
        "patient": {
          "reference": "urn:uuid:2bee8926-7ceb-4835-894e-ff103f297266"
        },
        "encounter": {
          "reference": "urn:uuid:02c688da-6ac1-453d-b5a1-e8f6536352e3"
        },
        "date": "2015-04-01T13:15:52-04:00",
        "primarySource": true
      }
    },
    {
      "fullUrl": "urn:uuid:559b1bb0-45b4-47d9-bb68-a1de34179d35",
      "resource": {
        "resourceType": "Claim",
        "id": "559b1bb0-45b4-47d9-bb68-a1de34179d35",
        "status": "active",
        "use": "complete",
        "patient": {
          "reference": "urn:uuid:2bee8926-7ceb-4835-894e-ff103f297266"
        },
        "billablePeriod": {
          "start": "2015-04-01T13:15:52-04:00",
          "end": "2015-04-01T13:15:52-04:00"
        },
        "organization": {
          "reference": "urn:uuid:6ef00016-fea0-4852-8f36-67fa05e69e94"
        },
        "information": [
          {
            "sequence": 1,
            "category": {
              "coding": [
                {
                  "system": "http://hl7.org/fhir/claiminformationcategory",
                  "code": "info"
                }
              ]
            },
            "valueReference": {
              "reference": "urn:uuid:47600542-cdb7-45ee-b4ce-9263224c8a12"
            }
          }
        ],
        "item": [
          {
            "sequence": 1,
            "encounter": [
              {
                "reference": "urn:uuid:02c688da-6ac1-453d-b5a1-e8f6536352e3"
              }
            ]
          },
          {
            "sequence": 2,
            "informationLinkId": [
              1
            ],
            "net": {
              "value": 136.00,
              "system": "urn:iso:std:iso:4217",
              "code": "USD"
            }
          }
        ],
        "total": {
          "value": 261.00,
          "system": "urn:iso:std:iso:4217",
          "code": "USD"
        }
      }
    },
    {
      "fullUrl": "urn:uuid:89cde645-bbae-4206-b1df-7059ffa20b15",
      "resource": {
        "resourceType": "Encounter",
        "id": "89cde645-bbae-4206-b1df-7059ffa20b15",
        "meta": {
          "profile": [
            "http://standardhealthrecord.org/fhir/StructureDefinition/shr-encounter-EncounterPerformed"
          ]
        },
        "extension": [
          {
            "url": "http://standardhealthrecord.org/fhir/StructureDefinition/shr-action-PerformedContext-extension",
            "extension": [
              {
                "url": "http://standardhealthrecord.org/fhir/StructureDefinition/shr-action-Status-extension",
                "valueCode": "finished"
              }
            ]
          }
        ],
        "status": "finished",
        "class": {
          "code": "ambulatory"
        },
        "type": [
          {
            "coding": [
              {
                "system": "http://snomed.info/sct",
                "code": "185345009",
                "display": "Encounter for symptom"
              }
            ],
            "text": "Encounter for symptom"
          }
        ],
        "subject": {
          "reference": "urn:uuid:2bee8926-7ceb-4835-894e-ff103f297266"
        },
        "period": {
          "start": "2017-11-25T12:15:52-05:00",
          "end": "2017-11-25T12:15:52-05:00"
        },
        "reason": [
          {
            "coding": [
              {
                "system": "http://snomed.info/sct",
                "code": "36971009",
                "display": "Sinusitis (disorder)"
              }
            ]
          }
        ],
        "serviceProvider": {
          "reference": "urn:uuid:6ef00016-fea0-4852-8f36-67fa05e69e94"
        }
      }
    },
    {
      "fullUrl": "urn:uuid:2b35ca86-1c2e-4786-80f7-a10170bd6f2e",
      "resource": {
        "resourceType": "Condition",
        "id": "2b35ca86-1c2e-4786-80f7-a10170bd6f2e",
        "meta": {
          "profile": [
            "http://standardhealthrecord.org/fhir/StructureDefinition/shr-condition-Condition"
          ]
        },
        "clinicalStatus": "resolved",
        "verificationStatus": "confirmed",
        "category": [
          {
            "coding": [
              {
                "system": "http://standardhealthrecord.org/shr/condition/vs/ConditionCategoryVS",
                "code": "disease",
                "display": "Disease"
              }
            ]
          }
        ],
        "code": {
          "coding": [
            {
              "system": "http://snomed.info/sct",
              "code": "36971009",
              "display": "Sinusitis (disorder)"
            }
          ],
          "text": "Sinusitis (disorder)"
        },
        "subject": {
          "reference": "urn:uuid:2bee8926-7ceb-4835-894e-ff103f297266"
        },
        "context": {
          "reference": "urn:uuid:89cde645-bbae-4206-b1df-7059ffa20b15"
        },
        "onsetDateTime": "2017-11-25T12:15:52-05:00",
        "abatementDateTime": "2018-02-24T12:15:52-05:00",
        "assertedDate": "2017-11-25T12:15:52-05:00"
      }
    },
    {
      "fullUrl": "urn:uuid:a445239a-8a12-475c-85b8-bf12e0aa9ed5",
      "resource": {
        "resourceType": "Claim",
        "id": "a445239a-8a12-475c-85b8-bf12e0aa9ed5",
        "status": "active",
        "use": "complete",
        "patient": {
          "reference": "urn:uuid:2bee8926-7ceb-4835-894e-ff103f297266"
        },
        "billablePeriod": {
          "start": "2017-11-25T12:15:52-05:00",
          "end": "2017-11-25T12:15:52-05:00"
        },
        "organization": {
          "reference": "urn:uuid:6ef00016-fea0-4852-8f36-67fa05e69e94"
        },
        "diagnosis": [
          {
            "sequence": 1,
            "diagnosisReference": {
              "reference": "urn:uuid:2b35ca86-1c2e-4786-80f7-a10170bd6f2e"
            }
          }
        ],
        "item": [
          {
            "sequence": 1,
            "encounter": [
              {
                "reference": "urn:uuid:89cde645-bbae-4206-b1df-7059ffa20b15"
              }
            ]
          },
          {
            "sequence": 2,
            "diagnosisLinkId": [
              1
            ]
          }
        ],
        "total": {
          "value": 125.00,
          "system": "urn:iso:std:iso:4217",
          "code": "USD"
        }
      }
    },
    {
      "fullUrl": "urn:uuid:0376eeb1-ee8a-4c3f-aa26-a32911af49a0",
      "resource": {
        "resourceType": "Encounter",
        "id": "0376eeb1-ee8a-4c3f-aa26-a32911af49a0",
        "meta": {
          "profile": [
            "http://standardhealthrecord.org/fhir/StructureDefinition/shr-encounter-EncounterPerformed"
          ]
        },
        "extension": [
          {
            "url": "http://standardhealthrecord.org/fhir/StructureDefinition/shr-action-PerformedContext-extension",
            "extension": [
              {
                "url": "http://standardhealthrecord.org/fhir/StructureDefinition/shr-action-Status-extension",
                "valueCode": "finished"
              }
            ]
          }
        ],
        "status": "finished",
        "class": {
          "code": "ambulatory"
        },
        "type": [
          {
            "coding": [
              {
                "system": "http://snomed.info/sct",
                "code": "185345009",
                "display": "Encounter for symptom"
              }
            ],
            "text": "Encounter for symptom"
          }
        ],
        "subject": {
          "reference": "urn:uuid:2bee8926-7ceb-4835-894e-ff103f297266"
        },
        "period": {
          "start": "2017-12-16T12:15:52-05:00",
          "end": "2017-12-16T12:30:52-05:00"
        },
        "reason": [
          {
            "coding": [
              {
                "system": "http://snomed.info/sct",
                "code": "36971009",
                "display": "Sinusitis (disorder)"
              }
            ]
          }
        ],
        "serviceProvider": {
          "reference": "urn:uuid:6ef00016-fea0-4852-8f36-67fa05e69e94"
        }
      }
    },
    {
      "fullUrl": "urn:uuid:dd467466-c412-4eba-8878-1e3d791c2e72",
      "resource": {
        "resourceType": "Claim",
        "id": "dd467466-c412-4eba-8878-1e3d791c2e72",
        "status": "active",
        "use": "complete",
        "patient": {
          "reference": "urn:uuid:2bee8926-7ceb-4835-894e-ff103f297266"
        },
        "billablePeriod": {
          "start": "2017-12-16T12:15:52-05:00",
          "end": "2017-12-16T12:30:52-05:00"
        },
        "organization": {
          "reference": "urn:uuid:6ef00016-fea0-4852-8f36-67fa05e69e94"
        },
        "item": [
          {
            "sequence": 1,
            "encounter": [
              {
                "reference": "urn:uuid:0376eeb1-ee8a-4c3f-aa26-a32911af49a0"
              }
            ]
          }
        ],
        "total": {
          "value": 125.0,
          "system": "urn:iso:std:iso:4217",
          "code": "USD"
        }
      }
    },
    {
      "fullUrl": "urn:uuid:f6b4264e-ebbd-4332-b248-f0184ee1bed3",
      "resource": {
        "resourceType": "Encounter",
        "id": "f6b4264e-ebbd-4332-b248-f0184ee1bed3",
        "meta": {
          "profile": [
            "http://standardhealthrecord.org/fhir/StructureDefinition/shr-encounter-EncounterPerformed"
          ]
        },
        "extension": [
          {
            "url": "http://standardhealthrecord.org/fhir/StructureDefinition/shr-action-PerformedContext-extension",
            "extension": [
              {
                "url": "http://standardhealthrecord.org/fhir/StructureDefinition/shr-action-Status-extension",
                "valueCode": "finished"
              }
            ]
          }
        ],
        "status": "finished",
        "class": {
          "code": "ambulatory"
        },
        "type": [
          {
            "coding": [
              {
                "system": "http://snomed.info/sct",
                "code": "185345009",
                "display": "Encounter for symptom"
              }
            ],
            "text": "Encounter for symptom"
          }
        ],
        "subject": {
          "reference": "urn:uuid:2bee8926-7ceb-4835-894e-ff103f297266"
        },
        "period": {
          "start": "2018-01-20T12:15:52-05:00",
          "end": "2018-01-20T12:30:52-05:00"
        },
        "reason": [
          {
            "coding": [
              {
                "system": "http://snomed.info/sct",
                "code": "36971009",
                "display": "Sinusitis (disorder)"
              }
            ]
          }
        ],
        "serviceProvider": {
          "reference": "urn:uuid:6ef00016-fea0-4852-8f36-67fa05e69e94"
        }
      }
    },
    {
      "fullUrl": "urn:uuid:89502726-e274-4f5c-81fb-3728a5c6e569",
      "resource": {
        "resourceType": "Claim",
        "id": "89502726-e274-4f5c-81fb-3728a5c6e569",
        "status": "active",
        "use": "complete",
        "patient": {
          "reference": "urn:uuid:2bee8926-7ceb-4835-894e-ff103f297266"
        },
        "billablePeriod": {
          "start": "2018-01-20T12:15:52-05:00",
          "end": "2018-01-20T12:30:52-05:00"
        },
        "organization": {
          "reference": "urn:uuid:6ef00016-fea0-4852-8f36-67fa05e69e94"
        },
        "item": [
          {
            "sequence": 1,
            "encounter": [
              {
                "reference": "urn:uuid:f6b4264e-ebbd-4332-b248-f0184ee1bed3"
              }
            ]
          }
        ],
        "total": {
          "value": 125.0,
          "system": "urn:iso:std:iso:4217",
          "code": "USD"
        }
      }
    },
    {
      "fullUrl": "urn:uuid:a907cd2b-e38c-4d54-b74e-7905b0bf2462",
      "resource": {
        "resourceType": "Encounter",
        "id": "a907cd2b-e38c-4d54-b74e-7905b0bf2462",
        "meta": {
          "profile": [
            "http://standardhealthrecord.org/fhir/StructureDefinition/shr-encounter-EncounterPerformed"
          ]
        },
        "extension": [
          {
            "url": "http://standardhealthrecord.org/fhir/StructureDefinition/shr-action-PerformedContext-extension",
            "extension": [
              {
                "url": "http://standardhealthrecord.org/fhir/StructureDefinition/shr-action-Status-extension",
                "valueCode": "finished"
              }
            ]
          }
        ],
        "status": "finished",
        "class": {
          "code": "WELLNESS"
        },
        "type": [
          {
            "coding": [
              {
                "system": "http://snomed.info/sct",
                "code": "185349003",
                "display": "Encounter for check up (procedure)"
              }
            ],
            "text": "Encounter for check up (procedure)"
          }
        ],
        "subject": {
          "reference": "urn:uuid:2bee8926-7ceb-4835-894e-ff103f297266"
        },
        "period": {
          "start": "2018-04-04T13:15:52-04:00",
          "end": "2018-04-04T13:15:52-04:00"
        },
        "serviceProvider": {
          "reference": "urn:uuid:6ef00016-fea0-4852-8f36-67fa05e69e94"
        }
      }
    },
    {
      "fullUrl": "urn:uuid:293ade70-e544-422b-aee2-a16376fa0631",
      "resource": {
        "resourceType": "Observation",
        "id": "293ade70-e544-422b-aee2-a16376fa0631",
        "meta": {
          "profile": [
            "http://standardhealthrecord.org/fhir/StructureDefinition/shr-finding-Observation",
            "http://standardhealthrecord.org/fhir/StructureDefinition/shr-vital-VitalSign",
            "http://standardhealthrecord.org/fhir/StructureDefinition/shr-vital-BodyHeight"
          ]
        },
        "status": "final",
        "category": [
          {
            "coding": [
              {
                "system": "http://hl7.org/fhir/observation-category",
                "code": "vital-signs",
                "display": "vital-signs"
              }
            ]
          }
        ],
        "code": {
          "coding": [
            {
              "system": "http://loinc.org",
              "code": "8302-2",
              "display": "Body Height"
            }
          ],
          "text": "Body Height"
        },
        "subject": {
          "reference": "urn:uuid:2bee8926-7ceb-4835-894e-ff103f297266"
        },
        "context": {
          "reference": "urn:uuid:a907cd2b-e38c-4d54-b74e-7905b0bf2462"
        },
        "effectiveDateTime": "2018-04-04T13:15:52-04:00",
        "issued": "2018-04-04T13:15:52.982-04:00",
        "valueQuantity": {
          "value": 177.9452159680092,
          "unit": "cm",
          "system": "http://unitsofmeasure.org",
          "code": "cm"
        }
      }
    },
    {
      "fullUrl": "urn:uuid:c3457332-6708-4976-ab89-31d77c6e7164",
      "resource": {
        "resourceType": "Observation",
        "id": "c3457332-6708-4976-ab89-31d77c6e7164",
        "meta": {
          "profile": [
            "http://standardhealthrecord.org/fhir/StructureDefinition/shr-finding-Observation",
            "http://standardhealthrecord.org/fhir/StructureDefinition/shr-vital-VitalSign",
            "http://standardhealthrecord.org/fhir/StructureDefinition/shr-vital-BodyWeight"
          ]
        },
        "status": "final",
        "category": [
          {
            "coding": [
              {
                "system": "http://hl7.org/fhir/observation-category",
                "code": "vital-signs",
                "display": "vital-signs"
              }
            ]
          }
        ],
        "code": {
          "coding": [
            {
              "system": "http://loinc.org",
              "code": "29463-7",
              "display": "Body Weight"
            }
          ],
          "text": "Body Weight"
        },
        "subject": {
          "reference": "urn:uuid:2bee8926-7ceb-4835-894e-ff103f297266"
        },
        "context": {
          "reference": "urn:uuid:a907cd2b-e38c-4d54-b74e-7905b0bf2462"
        },
        "effectiveDateTime": "2018-04-04T13:15:52-04:00",
        "issued": "2018-04-04T13:15:52.982-04:00",
        "valueQuantity": {
          "value": 75.34005554327045,
          "unit": "kg",
          "system": "http://unitsofmeasure.org",
          "code": "kg"
        }
      }
    },
    {
      "fullUrl": "urn:uuid:6ec61caa-7aa2-4e69-a093-326092e5a966",
      "resource": {
        "resourceType": "Observation",
        "id": "6ec61caa-7aa2-4e69-a093-326092e5a966",
        "meta": {
          "profile": [
            "http://standardhealthrecord.org/fhir/StructureDefinition/shr-finding-Observation",
            "http://standardhealthrecord.org/fhir/StructureDefinition/shr-vital-VitalSign",
            "http://standardhealthrecord.org/fhir/StructureDefinition/shr-vital-BodyMassIndex"
          ]
        },
        "status": "final",
        "category": [
          {
            "coding": [
              {
                "system": "http://hl7.org/fhir/observation-category",
                "code": "vital-signs",
                "display": "vital-signs"
              }
            ]
          }
        ],
        "code": {
          "coding": [
            {
              "system": "http://loinc.org",
              "code": "39156-5",
              "display": "Body Mass Index"
            }
          ],
          "text": "Body Mass Index"
        },
        "subject": {
          "reference": "urn:uuid:2bee8926-7ceb-4835-894e-ff103f297266"
        },
        "context": {
          "reference": "urn:uuid:a907cd2b-e38c-4d54-b74e-7905b0bf2462"
        },
        "effectiveDateTime": "2018-04-04T13:15:52-04:00",
        "issued": "2018-04-04T13:15:52.982-04:00",
        "valueQuantity": {
          "value": 23.793224530546112,
          "unit": "kg/m2",
          "system": "http://unitsofmeasure.org",
          "code": "kg/m2"
        }
      }
    },
    {
      "fullUrl": "urn:uuid:75c5d906-5e75-40a3-af48-a405e0479b7d",
      "resource": {
        "resourceType": "Observation",
        "id": "75c5d906-5e75-40a3-af48-a405e0479b7d",
        "meta": {
          "profile": [
            "http://standardhealthrecord.org/fhir/StructureDefinition/shr-finding-Observation",
            "http://standardhealthrecord.org/fhir/StructureDefinition/shr-vital-VitalSign",
            "http://standardhealthrecord.org/fhir/StructureDefinition/shr-vital-BloodPressure"
          ]
        },
        "status": "final",
        "category": [
          {
            "coding": [
              {
                "system": "http://hl7.org/fhir/observation-category",
                "code": "vital-signs",
                "display": "vital-signs"
              }
            ]
          }
        ],
        "code": {
          "coding": [
            {
              "system": "http://loinc.org",
              "code": "55284-4",
              "display": "Blood Pressure"
            }
          ],
          "text": "Blood Pressure"
        },
        "subject": {
          "reference": "urn:uuid:2bee8926-7ceb-4835-894e-ff103f297266"
        },
        "context": {
          "reference": "urn:uuid:a907cd2b-e38c-4d54-b74e-7905b0bf2462"
        },
        "effectiveDateTime": "2018-04-04T13:15:52-04:00",
        "issued": "2018-04-04T13:15:52.982-04:00",
        "component": [
          {
            "code": {
              "coding": [
                {
                  "system": "http://loinc.org",
                  "code": "8462-4",
                  "display": "Diastolic Blood Pressure"
                }
              ],
              "text": "Diastolic Blood Pressure"
            },
            "valueQuantity": {
              "value": 97.42203479529402,
              "unit": "mmHg",
              "system": "http://unitsofmeasure.org",
              "code": "mmHg"
            }
          },
          {
            "code": {
              "coding": [
                {
                  "system": "http://loinc.org",
                  "code": "8480-6",
                  "display": "Systolic Blood Pressure"
                }
              ],
              "text": "Systolic Blood Pressure"
            },
            "valueQuantity": {
              "value": 157.7844775264873,
              "unit": "mmHg",
              "system": "http://unitsofmeasure.org",
              "code": "mmHg"
            }
          }
        ]
      }
    },
    {
      "fullUrl": "urn:uuid:9a4b080a-2ead-472c-b77e-a3c125f01737",
      "resource": {
        "resourceType": "Observation",
        "id": "9a4b080a-2ead-472c-b77e-a3c125f01737",
        "meta": {
          "profile": [
            "http://standardhealthrecord.org/fhir/StructureDefinition/shr-finding-Observation"
          ]
        },
        "status": "final",
        "category": [
          {
            "coding": [
              {
                "system": "http://hl7.org/fhir/observation-category",
                "code": "laboratory",
                "display": "laboratory"
              }
            ]
          }
        ],
        "code": {
          "coding": [
            {
              "system": "http://loinc.org",
              "code": "2093-3",
              "display": "Total Cholesterol"
            }
          ],
          "text": "Total Cholesterol"
        },
        "subject": {
          "reference": "urn:uuid:2bee8926-7ceb-4835-894e-ff103f297266"
        },
        "context": {
          "reference": "urn:uuid:a907cd2b-e38c-4d54-b74e-7905b0bf2462"
        },
        "effectiveDateTime": "2018-04-04T13:15:52-04:00",
        "issued": "2018-04-04T13:15:52.982-04:00",
        "valueQuantity": {
          "value": 195.14685490591867,
          "unit": "mg/dL",
          "system": "http://unitsofmeasure.org",
          "code": "mg/dL"
        }
      }
    },
    {
      "fullUrl": "urn:uuid:2f22d780-d836-4b25-96ec-19b72afdc840",
      "resource": {
        "resourceType": "Observation",
        "id": "2f22d780-d836-4b25-96ec-19b72afdc840",
        "meta": {
          "profile": [
            "http://standardhealthrecord.org/fhir/StructureDefinition/shr-finding-Observation"
          ]
        },
        "status": "final",
        "category": [
          {
            "coding": [
              {
                "system": "http://hl7.org/fhir/observation-category",
                "code": "laboratory",
                "display": "laboratory"
              }
            ]
          }
        ],
        "code": {
          "coding": [
            {
              "system": "http://loinc.org",
              "code": "2571-8",
              "display": "Triglycerides"
            }
          ],
          "text": "Triglycerides"
        },
        "subject": {
          "reference": "urn:uuid:2bee8926-7ceb-4835-894e-ff103f297266"
        },
        "context": {
          "reference": "urn:uuid:a907cd2b-e38c-4d54-b74e-7905b0bf2462"
        },
        "effectiveDateTime": "2018-04-04T13:15:52-04:00",
        "issued": "2018-04-04T13:15:52.982-04:00",
        "valueQuantity": {
          "value": 127.98797462214937,
          "unit": "mg/dL",
          "system": "http://unitsofmeasure.org",
          "code": "mg/dL"
        }
      }
    },
    {
      "fullUrl": "urn:uuid:fa6f60a1-003d-4c5a-93e6-26549f95def5",
      "resource": {
        "resourceType": "Observation",
        "id": "fa6f60a1-003d-4c5a-93e6-26549f95def5",
        "meta": {
          "profile": [
            "http://standardhealthrecord.org/fhir/StructureDefinition/shr-finding-Observation"
          ]
        },
        "status": "final",
        "category": [
          {
            "coding": [
              {
                "system": "http://hl7.org/fhir/observation-category",
                "code": "laboratory",
                "display": "laboratory"
              }
            ]
          }
        ],
        "code": {
          "coding": [
            {
              "system": "http://loinc.org",
              "code": "18262-6",
              "display": "Low Density Lipoprotein Cholesterol"
            }
          ],
          "text": "Low Density Lipoprotein Cholesterol"
        },
        "subject": {
          "reference": "urn:uuid:2bee8926-7ceb-4835-894e-ff103f297266"
        },
        "context": {
          "reference": "urn:uuid:a907cd2b-e38c-4d54-b74e-7905b0bf2462"
        },
        "effectiveDateTime": "2018-04-04T13:15:52-04:00",
        "issued": "2018-04-04T13:15:52.982-04:00",
        "valueQuantity": {
          "value": 101.17063022713367,
          "unit": "mg/dL",
          "system": "http://unitsofmeasure.org",
          "code": "mg/dL"
        }
      }
    },
    {
      "fullUrl": "urn:uuid:7f2416d6-1055-4e33-8212-10de92084aa7",
      "resource": {
        "resourceType": "Observation",
        "id": "7f2416d6-1055-4e33-8212-10de92084aa7",
        "meta": {
          "profile": [
            "http://standardhealthrecord.org/fhir/StructureDefinition/shr-finding-Observation"
          ]
        },
        "status": "final",
        "category": [
          {
            "coding": [
              {
                "system": "http://hl7.org/fhir/observation-category",
                "code": "laboratory",
                "display": "laboratory"
              }
            ]
          }
        ],
        "code": {
          "coding": [
            {
              "system": "http://loinc.org",
              "code": "2085-9",
              "display": "High Density Lipoprotein Cholesterol"
            }
          ],
          "text": "High Density Lipoprotein Cholesterol"
        },
        "subject": {
          "reference": "urn:uuid:2bee8926-7ceb-4835-894e-ff103f297266"
        },
        "context": {
          "reference": "urn:uuid:a907cd2b-e38c-4d54-b74e-7905b0bf2462"
        },
        "effectiveDateTime": "2018-04-04T13:15:52-04:00",
        "issued": "2018-04-04T13:15:52.982-04:00",
        "valueQuantity": {
          "value": 68.37862975435513,
          "unit": "mg/dL",
          "system": "http://unitsofmeasure.org",
          "code": "mg/dL"
        }
      }
    },
    {
      "fullUrl": "urn:uuid:d2d5534e-1d37-4e48-b1e2-fc387913f1f8",
      "resource": {
        "resourceType": "Observation",
        "id": "d2d5534e-1d37-4e48-b1e2-fc387913f1f8",
        "meta": {
          "profile": [
            "http://standardhealthrecord.org/fhir/StructureDefinition/shr-finding-Observation"
          ]
        },
        "status": "final",
        "category": [
          {
            "coding": [
              {
                "system": "http://hl7.org/fhir/observation-category",
                "code": "laboratory",
                "display": "laboratory"
              }
            ]
          }
        ],
        "code": {
          "coding": [
            {
              "system": "http://loinc.org",
              "code": "33914-3",
              "display": "Estimated Glomerular Filtration Rate"
            }
          ],
          "text": "Estimated Glomerular Filtration Rate"
        },
        "subject": {
          "reference": "urn:uuid:2bee8926-7ceb-4835-894e-ff103f297266"
        },
        "context": {
          "reference": "urn:uuid:a907cd2b-e38c-4d54-b74e-7905b0bf2462"
        },
        "effectiveDateTime": "2018-04-04T13:15:52-04:00",
        "issued": "2018-04-04T13:15:52.982-04:00",
        "valueQuantity": {
          "value": 103.5654167988861,
          "unit": "mL/min/{1.73_m2}",
          "system": "http://unitsofmeasure.org",
          "code": "mL/min/{1.73_m2}"
        }
      }
    },
    {
      "fullUrl": "urn:uuid:80b94d3e-6bcf-46db-afe6-b44df0609c9d",
      "resource": {
        "resourceType": "Procedure",
        "id": "80b94d3e-6bcf-46db-afe6-b44df0609c9d",
        "meta": {
          "profile": [
            "http://standardhealthrecord.org/fhir/StructureDefinition/shr-procedure-ProcedurePerformed"
          ]
        },
        "extension": [
          {
            "url": "http://standardhealthrecord.org/fhir/StructureDefinition/shr-action-PerformedContext-extension",
            "extension": [
              {
                "url": "http://standardhealthrecord.org/fhir/StructureDefinition/shr-action-Status-extension",
                "valueCode": "completed"
              }
            ]
          }
        ],
        "status": "completed",
        "code": {
          "coding": [
            {
              "system": "http://snomed.info/sct",
              "code": "428191000124101",
              "display": "Documentation of current medications"
            }
          ],
          "text": "Documentation of current medications"
        },
        "subject": {
          "reference": "urn:uuid:2bee8926-7ceb-4835-894e-ff103f297266"
        },
        "context": {
          "reference": "urn:uuid:a907cd2b-e38c-4d54-b74e-7905b0bf2462"
        },
        "performedDateTime": "2018-04-04T13:15:52-04:00"
      }
    },
    {
      "fullUrl": "urn:uuid:b7d4047c-a3cc-4b7e-bfb5-1da884d2a53a",
      "resource": {
        "resourceType": "Immunization",
        "id": "b7d4047c-a3cc-4b7e-bfb5-1da884d2a53a",
        "meta": {
          "profile": [
            "http://standardhealthrecord.org/fhir/StructureDefinition/shr-immunization-ImmunizationGiven"
          ]
        },
        "extension": [
          {
            "url": "http://standardhealthrecord.org/fhir/StructureDefinition/shr-action-PerformedContext-extension",
            "extension": [
              {
                "url": "http://standardhealthrecord.org/fhir/StructureDefinition/shr-action-Status-extension",
                "valueCode": "completed"
              }
            ]
          }
        ],
        "status": "completed",
        "notGiven": false,
        "vaccineCode": {
          "coding": [
            {
              "system": "http://hl7.org/fhir/sid/cvx",
              "code": "140",
              "display": "Influenza, seasonal, injectable, preservative free"
            }
          ],
          "text": "Influenza, seasonal, injectable, preservative free"
        },
        "patient": {
          "reference": "urn:uuid:2bee8926-7ceb-4835-894e-ff103f297266"
        },
        "encounter": {
          "reference": "urn:uuid:a907cd2b-e38c-4d54-b74e-7905b0bf2462"
        },
        "date": "2018-04-04T13:15:52-04:00",
        "primarySource": true
      }
    },
    {
      "fullUrl": "urn:uuid:69595dc4-358f-4be9-98ea-9f90f94f6ec9",
      "resource": {
        "resourceType": "Immunization",
        "id": "69595dc4-358f-4be9-98ea-9f90f94f6ec9",
        "meta": {
          "profile": [
            "http://standardhealthrecord.org/fhir/StructureDefinition/shr-immunization-ImmunizationGiven"
          ]
        },
        "extension": [
          {
            "url": "http://standardhealthrecord.org/fhir/StructureDefinition/shr-action-PerformedContext-extension",
            "extension": [
              {
                "url": "http://standardhealthrecord.org/fhir/StructureDefinition/shr-action-Status-extension",
                "valueCode": "completed"
              }
            ]
          }
        ],
        "status": "completed",
        "notGiven": false,
        "vaccineCode": {
          "coding": [
            {
              "system": "http://hl7.org/fhir/sid/cvx",
              "code": "113",
              "display": "Td (adult) preservative free"
            }
          ],
          "text": "Td (adult) preservative free"
        },
        "patient": {
          "reference": "urn:uuid:2bee8926-7ceb-4835-894e-ff103f297266"
        },
        "encounter": {
          "reference": "urn:uuid:a907cd2b-e38c-4d54-b74e-7905b0bf2462"
        },
        "date": "2018-04-04T13:15:52-04:00",
        "primarySource": true
      }
    },
    {
      "fullUrl": "urn:uuid:ed8c9d76-8dcd-454d-9a06-cdab4e27301b",
      "resource": {
        "resourceType": "DiagnosticReport",
        "id": "ed8c9d76-8dcd-454d-9a06-cdab4e27301b",
        "status": "final",
        "code": {
          "coding": [
            {
              "system": "http://loinc.org",
              "code": "57698-3",
              "display": "Lipid Panel"
            }
          ],
          "text": "Lipid Panel"
        },
        "subject": {
          "reference": "urn:uuid:2bee8926-7ceb-4835-894e-ff103f297266"
        },
        "context": {
          "reference": "urn:uuid:a907cd2b-e38c-4d54-b74e-7905b0bf2462"
        },
        "effectiveDateTime": "2018-04-04T13:15:52-04:00",
        "issued": "2018-04-04T13:15:52.982-04:00",
        "result": [
          {
            "reference": "urn:uuid:75c5d906-5e75-40a3-af48-a405e0479b7d",
            "display": "Blood Pressure"
          },
          {
            "reference": "urn:uuid:9a4b080a-2ead-472c-b77e-a3c125f01737",
            "display": "Total Cholesterol"
          },
          {
            "reference": "urn:uuid:2f22d780-d836-4b25-96ec-19b72afdc840",
            "display": "Triglycerides"
          },
          {
            "reference": "urn:uuid:fa6f60a1-003d-4c5a-93e6-26549f95def5",
            "display": "Low Density Lipoprotein Cholesterol"
          }
        ]
      }
    },
    {
      "fullUrl": "urn:uuid:92d11400-18dd-467c-91fa-fa0182f2eaac",
      "resource": {
        "resourceType": "Claim",
        "id": "92d11400-18dd-467c-91fa-fa0182f2eaac",
        "status": "active",
        "use": "complete",
        "patient": {
          "reference": "urn:uuid:2bee8926-7ceb-4835-894e-ff103f297266"
        },
        "billablePeriod": {
          "start": "2018-04-04T13:15:52-04:00",
          "end": "2018-04-04T13:15:52-04:00"
        },
        "organization": {
          "reference": "urn:uuid:6ef00016-fea0-4852-8f36-67fa05e69e94"
        },
        "information": [
          {
            "sequence": 1,
            "category": {
              "coding": [
                {
                  "system": "http://hl7.org/fhir/claiminformationcategory",
                  "code": "info"
                }
              ]
            },
            "valueReference": {
              "reference": "urn:uuid:b7d4047c-a3cc-4b7e-bfb5-1da884d2a53a"
            }
          },
          {
            "sequence": 2,
            "category": {
              "coding": [
                {
                  "system": "http://hl7.org/fhir/claiminformationcategory",
                  "code": "info"
                }
              ]
            },
            "valueReference": {
              "reference": "urn:uuid:69595dc4-358f-4be9-98ea-9f90f94f6ec9"
            }
          }
        ],
        "procedure": [
          {
            "sequence": 1,
            "procedureReference": {
              "reference": "urn:uuid:80b94d3e-6bcf-46db-afe6-b44df0609c9d"
            }
          }
        ],
        "item": [
          {
            "sequence": 1,
            "encounter": [
              {
                "reference": "urn:uuid:a907cd2b-e38c-4d54-b74e-7905b0bf2462"
              }
            ]
          },
          {
            "sequence": 2,
            "informationLinkId": [
              1
            ],
            "net": {
              "value": 136.00,
              "system": "urn:iso:std:iso:4217",
              "code": "USD"
            }
          },
          {
            "sequence": 3,
            "informationLinkId": [
              2
            ],
            "net": {
              "value": 136.00,
              "system": "urn:iso:std:iso:4217",
              "code": "USD"
            }
          },
          {
            "sequence": 4,
            "procedureLinkId": [
              1
            ],
            "net": {
              "value": 500.00,
              "system": "urn:iso:std:iso:4217",
              "code": "USD"
            }
          }
        ],
        "total": {
          "value": 897.00,
          "system": "urn:iso:std:iso:4217",
          "code": "USD"
        }
      }
    }
  ]
}
