{
  "resourceType": "Bundle",
  "type": "collection",
  "entry": [
    {
      "fullUrl": "urn:uuid:2e5b42ee-ac2a-450f-b331-e2f12f3687b6",
      "resource": {
        "resourceType": "Basic",
        "id": "2e5b42ee-ac2a-450f-b331-e2f12f3687b6",
        "meta": {
          "profile": [
            "http://standardhealthrecord.org/fhir/StructureDefinition/shr-entity-Person"
          ]
        },
        "code": {
          "coding": [
            {
              "system": "http://standardhealthrecord.org/fhir/basic-resource-type",
              "code": "shr-entity-Person",
              "display": "shr-entity-Person"
            }
          ]
        }
      }
    },
    {
      "fullUrl": "urn:uuid:364f1138-aeef-49b2-90ce-4167998fab9e",
      "resource": {
        "resourceType": "Patient",
        "id": "364f1138-aeef-49b2-90ce-4167998fab9e",
        "meta": {
          "profile": [
            "http://standardhealthrecord.org/fhir/StructureDefinition/shr-entity-Patient"
          ]
        },
        "text": {
          "status": "generated",
          "div": "<div xmlns=\"http://www.w3.org/1999/xhtml\">Generated by <a href=\"https://github.com/synthetichealth/synthea\">Synthea</a>.Version identifier: synthea-java .   Person seed: -2976330861547990840  Population seed: 1527092441026</div>"
        },
        "extension": [
          {
            "url": "http://hl7.org/fhir/us/core/StructureDefinition/us-core-race",
            "extension": [
              {
                "url": "ombCategory",
                "valueCoding": {
                  "system": "urn:oid:2.16.840.1.113883.6.238",
                  "code": "2106-3",
                  "display": "White"
                }
              },
              {
                "url": "text",
                "valueString": "White"
              }
            ]
          },
          {
            "url": "http://hl7.org/fhir/us/core/StructureDefinition/us-core-ethnicity",
            "extension": [
              {
                "url": "ombCategory",
                "valueCoding": {
                  "system": "urn:oid:2.16.840.1.113883.6.238",
                  "code": "2186-5",
                  "display": "Not Hispanic or Latino"
                }
              },
              {
                "url": "text",
                "valueString": "Not Hispanic or Latino"
              }
            ]
          },
          {
            "url": "http://hl7.org/fhir/StructureDefinition/patient-mothersMaidenName",
            "valueString": "Norman647 Haag279"
          },
          {
            "url": "http://hl7.org/fhir/us/core/StructureDefinition/us-core-birthsex",
            "valueCode": "M"
          },
          {
            "url": "http://hl7.org/fhir/StructureDefinition/birthPlace",
            "valueAddress": {
              "city": "North Logan",
              "state": "Utah",
              "country": "US"
            }
          },
          {
            "url": "http://standardhealthrecord.org/fhir/StructureDefinition/shr-actor-FictionalPerson-extension",
            "valueBoolean": true
          },
          {
            "url": "http://standardhealthrecord.org/fhir/StructureDefinition/shr-entity-FathersName-extension",
            "valueHumanName": {
              "text": "Jerrod232 Parisian75"
            }
          },
          {
            "url": "http://standardhealthrecord.org/fhir/StructureDefinition/shr-demographics-SocialSecurityNumber-extension",
            "valueString": "999-44-3078"
          },
          {
            "url": "http://standardhealthrecord.org/fhir/StructureDefinition/shr-entity-Person-extension",
            "valueReference": {
              "reference": "urn:uuid:2e5b42ee-ac2a-450f-b331-e2f12f3687b6"
            }
          },
          {
            "url": "http://synthetichealth.github.io/synthea/disability-adjusted-life-years",
            "valueDecimal": 0.19723098929269728
          },
          {
            "url": "http://synthetichealth.github.io/synthea/quality-adjusted-life-years",
            "valueDecimal": 26.8027690107073
          }
        ],
        "identifier": [
          {
            "system": "https://github.com/synthetichealth/synthea",
            "value": "3f6a22ca-4a51-4c2c-bdc7-8385ee109e7d"
          },
          {
            "type": {
              "coding": [
                {
                  "system": "http://hl7.org/fhir/v2/0203",
                  "code": "MR",
                  "display": "Medical Record Number"
                }
              ],
              "text": "Medical Record Number"
            },
            "system": "http://hospital.smarthealthit.org",
            "value": "3f6a22ca-4a51-4c2c-bdc7-8385ee109e7d"
          },
          {
            "type": {
              "coding": [
                {
                  "system": "http://hl7.org/fhir/identifier-type",
                  "code": "SB",
                  "display": "Social Security Number"
                }
              ],
              "text": "Social Security Number"
            },
            "system": "http://hl7.org/fhir/sid/us-ssn",
            "value": "999-44-3078"
          },
          {
            "type": {
              "coding": [
                {
                  "system": "http://hl7.org/fhir/v2/0203",
                  "code": "DL",
                  "display": "Driver's License"
                }
              ],
              "text": "Driver's License"
            },
            "system": "urn:oid:2.16.840.1.113883.4.3.25",
            "value": "S99960636"
          },
          {
            "type": {
              "coding": [
                {
                  "system": "http://hl7.org/fhir/v2/0203",
                  "code": "PPN",
                  "display": "Passport Number"
                }
              ],
              "text": "Passport Number"
            },
            "system": "http://standardhealthrecord.org/fhir/StructureDefinition/passportNumber",
            "value": "X51500427X"
          }
        ],
        "name": [
          {
            "use": "official",
            "family": "Parisian75",
            "given": [
              "Antonia30"
            ],
            "prefix": [
              "Mr."
            ]
          }
        ],
        "telecom": [
          {
            "system": "phone",
            "value": "555-677-6835",
            "use": "home"
          }
        ],
        "gender": "male",
        "birthDate": "1990-11-04",
        "address": [
          {
            "extension": [
              {
                "url": "http://hl7.org/fhir/StructureDefinition/geolocation",
                "extension": [
                  {
                    "url": "latitude",
                    "valueDecimal": -111.963649
                  },
                  {
                    "url": "longitude",
                    "valueDecimal": 40.517627000000005
                  }
                ]
              }
            ],
            "line": [
              "928 Schinner Passage"
            ],
            "city": "Riverton",
            "state": "Utah",
            "postalCode": "84065",
            "country": "US"
          }
        ],
        "maritalStatus": {
          "coding": [
            {
              "system": "http://hl7.org/fhir/v3/MaritalStatus",
              "code": "M",
              "display": "M"
            }
          ],
          "text": "M"
        },
        "multipleBirthBoolean": false,
        "communication": [
          {
            "language": {
              "coding": [
                {
                  "system": "urn:ietf:bcp:47",
                  "code": "en-US",
                  "display": "English"
                }
              ],
              "text": "English"
            }
          }
        ]
      }
    },
    {
      "fullUrl": "urn:uuid:82c4542a-e049-4cb2-b362-0a9aac625280",
      "resource": {
        "resourceType": "Organization",
        "id": "82c4542a-e049-4cb2-b362-0a9aac625280",
        "meta": {
          "profile": [
            "http://standardhealthrecord.org/fhir/StructureDefinition/shr-entity-Organization"
          ]
        },
        "identifier": [
          {
            "system": "https://github.com/synthetichealth/synthea",
            "value": "d9bf786e-17ea-402a-a602-7d6a9b08f2dd"
          },
          {
            "system": "urn:ietf:rfc:3986",
            "value": "d9bf786e-17ea-402a-a602-7d6a9b08f2dd"
          }
        ],
        "type": [
          {
            "coding": [
              {
                "system": "Healthcare Provider",
                "code": "prov",
                "display": "Healthcare Provider"
              }
            ],
            "text": "Healthcare Provider"
          }
        ],
        "name": "SHRINERS HOSPITALS FOR CHILDREN - S L C",
        "telecom": [
          {
            "system": "phone",
            "value": "8015363500"
          }
        ],
        "address": [
          {
            "line": [
              "1275 E FAIRFAX ROAD"
            ],
            "city": "SALT LAKE CITY",
            "state": "UT",
            "postalCode": "84103",
            "country": "US"
          }
        ],
        "contact": [
          {
            "name": {
              "text": "Synthetic Provider"
            }
          }
        ]
      }
    },
    {
      "fullUrl": "urn:uuid:2afb6521-3918-424e-8f0b-963f2dc6e775",
      "resource": {
        "resourceType": "Encounter",
        "id": "2afb6521-3918-424e-8f0b-963f2dc6e775",
        "meta": {
          "profile": [
            "http://standardhealthrecord.org/fhir/StructureDefinition/shr-encounter-EncounterPerformed"
          ]
        },
        "extension": [
          {
            "url": "http://standardhealthrecord.org/fhir/StructureDefinition/shr-action-PerformedContext-extension",
            "extension": [
              {
                "url": "http://standardhealthrecord.org/fhir/StructureDefinition/shr-action-Status-extension",
                "valueCode": "finished"
              }
            ]
          }
        ],
        "status": "finished",
        "class": {
          "code": "WELLNESS"
        },
        "type": [
          {
            "coding": [
              {
                "system": "http://snomed.info/sct",
                "code": "185349003",
                "display": "Encounter for check up (procedure)"
              }
            ],
            "text": "Encounter for check up (procedure)"
          }
        ],
        "subject": {
          "reference": "urn:uuid:364f1138-aeef-49b2-90ce-4167998fab9e"
        },
        "period": {
          "start": "2008-11-09T12:31:03-05:00",
          "end": "2008-11-09T12:31:03-05:00"
        },
        "serviceProvider": {
          "reference": "urn:uuid:82c4542a-e049-4cb2-b362-0a9aac625280"
        }
      }
    },
    {
      "fullUrl": "urn:uuid:f100265c-a8be-4042-a5d6-e511028b6df3",
      "resource": {
        "resourceType": "Observation",
        "id": "f100265c-a8be-4042-a5d6-e511028b6df3",
        "meta": {
          "profile": [
            "http://standardhealthrecord.org/fhir/StructureDefinition/shr-finding-Observation",
            "http://standardhealthrecord.org/fhir/StructureDefinition/shr-vital-VitalSign",
            "http://standardhealthrecord.org/fhir/StructureDefinition/shr-vital-BodyHeight"
          ]
        },
        "status": "final",
        "category": [
          {
            "coding": [
              {
                "system": "http://hl7.org/fhir/observation-category",
                "code": "vital-signs",
                "display": "vital-signs"
              }
            ]
          }
        ],
        "code": {
          "coding": [
            {
              "system": "http://loinc.org",
              "code": "8302-2",
              "display": "Body Height"
            }
          ],
          "text": "Body Height"
        },
        "subject": {
          "reference": "urn:uuid:364f1138-aeef-49b2-90ce-4167998fab9e"
        },
        "context": {
          "reference": "urn:uuid:2afb6521-3918-424e-8f0b-963f2dc6e775"
        },
        "effectiveDateTime": "2008-11-09T12:31:03-05:00",
        "issued": "2008-11-09T12:31:03.697-05:00",
        "valueQuantity": {
          "value": 168.9221630988238,
          "unit": "cm",
          "system": "http://unitsofmeasure.org",
          "code": "cm"
        }
      }
    },
    {
      "fullUrl": "urn:uuid:b29dd45f-a493-4ff3-83a9-f36ef2f4afdd",
      "resource": {
        "resourceType": "Observation",
        "id": "b29dd45f-a493-4ff3-83a9-f36ef2f4afdd",
        "meta": {
          "profile": [
            "http://standardhealthrecord.org/fhir/StructureDefinition/shr-finding-Observation",
            "http://standardhealthrecord.org/fhir/StructureDefinition/shr-vital-VitalSign",
            "http://standardhealthrecord.org/fhir/StructureDefinition/shr-vital-BodyWeight"
          ]
        },
        "status": "final",
        "category": [
          {
            "coding": [
              {
                "system": "http://hl7.org/fhir/observation-category",
                "code": "vital-signs",
                "display": "vital-signs"
              }
            ]
          }
        ],
        "code": {
          "coding": [
            {
              "system": "http://loinc.org",
              "code": "29463-7",
              "display": "Body Weight"
            }
          ],
          "text": "Body Weight"
        },
        "subject": {
          "reference": "urn:uuid:364f1138-aeef-49b2-90ce-4167998fab9e"
        },
        "context": {
          "reference": "urn:uuid:2afb6521-3918-424e-8f0b-963f2dc6e775"
        },
        "effectiveDateTime": "2008-11-09T12:31:03-05:00",
        "issued": "2008-11-09T12:31:03.697-05:00",
        "valueQuantity": {
          "value": 77.57138145654615,
          "unit": "kg",
          "system": "http://unitsofmeasure.org",
          "code": "kg"
        }
      }
    },
    {
      "fullUrl": "urn:uuid:3e73af0e-cf9f-40f2-98aa-ca33a7af10f5",
      "resource": {
        "resourceType": "Observation",
        "id": "3e73af0e-cf9f-40f2-98aa-ca33a7af10f5",
        "meta": {
          "profile": [
            "http://standardhealthrecord.org/fhir/StructureDefinition/shr-finding-Observation",
            "http://standardhealthrecord.org/fhir/StructureDefinition/shr-vital-VitalSign",
            "http://standardhealthrecord.org/fhir/StructureDefinition/shr-vital-BodyMassIndex"
          ]
        },
        "status": "final",
        "category": [
          {
            "coding": [
              {
                "system": "http://hl7.org/fhir/observation-category",
                "code": "vital-signs",
                "display": "vital-signs"
              }
            ]
          }
        ],
        "code": {
          "coding": [
            {
              "system": "http://loinc.org",
              "code": "39156-5",
              "display": "Body Mass Index"
            }
          ],
          "text": "Body Mass Index"
        },
        "subject": {
          "reference": "urn:uuid:364f1138-aeef-49b2-90ce-4167998fab9e"
        },
        "context": {
          "reference": "urn:uuid:2afb6521-3918-424e-8f0b-963f2dc6e775"
        },
        "effectiveDateTime": "2008-11-09T12:31:03-05:00",
        "issued": "2008-11-09T12:31:03.697-05:00",
        "valueQuantity": {
          "value": 27.184932417871995,
          "unit": "kg/m2",
          "system": "http://unitsofmeasure.org",
          "code": "kg/m2"
        }
      }
    },
    {
      "fullUrl": "urn:uuid:a7428e67-817d-4732-b416-1ffc5d2f7e03",
      "resource": {
        "resourceType": "Observation",
        "id": "a7428e67-817d-4732-b416-1ffc5d2f7e03",
        "meta": {
          "profile": [
            "http://standardhealthrecord.org/fhir/StructureDefinition/shr-finding-Observation",
            "http://standardhealthrecord.org/fhir/StructureDefinition/shr-vital-VitalSign",
            "http://standardhealthrecord.org/fhir/StructureDefinition/shr-vital-BloodPressure"
          ]
        },
        "status": "final",
        "category": [
          {
            "coding": [
              {
                "system": "http://hl7.org/fhir/observation-category",
                "code": "vital-signs",
                "display": "vital-signs"
              }
            ]
          }
        ],
        "code": {
          "coding": [
            {
              "system": "http://loinc.org",
              "code": "55284-4",
              "display": "Blood Pressure"
            }
          ],
          "text": "Blood Pressure"
        },
        "subject": {
          "reference": "urn:uuid:364f1138-aeef-49b2-90ce-4167998fab9e"
        },
        "context": {
          "reference": "urn:uuid:2afb6521-3918-424e-8f0b-963f2dc6e775"
        },
        "effectiveDateTime": "2008-11-09T12:31:03-05:00",
        "issued": "2008-11-09T12:31:03.697-05:00",
        "component": [
          {
            "code": {
              "coding": [
                {
                  "system": "http://loinc.org",
                  "code": "8462-4",
                  "display": "Diastolic Blood Pressure"
                }
              ],
              "text": "Diastolic Blood Pressure"
            },
            "valueQuantity": {
              "value": 88.02014066620427,
              "unit": "mmHg",
              "system": "http://unitsofmeasure.org",
              "code": "mmHg"
            }
          },
          {
            "code": {
              "coding": [
                {
                  "system": "http://loinc.org",
                  "code": "8480-6",
                  "display": "Systolic Blood Pressure"
                }
              ],
              "text": "Systolic Blood Pressure"
            },
            "valueQuantity": {
              "value": 123.07465919805115,
              "unit": "mmHg",
              "system": "http://unitsofmeasure.org",
              "code": "mmHg"
            }
          }
        ]
      }
    },
    {
      "fullUrl": "urn:uuid:7d0beb04-dc88-42d4-8081-592d7c381e2c",
      "resource": {
        "resourceType": "Immunization",
        "id": "7d0beb04-dc88-42d4-8081-592d7c381e2c",
        "meta": {
          "profile": [
            "http://standardhealthrecord.org/fhir/StructureDefinition/shr-immunization-ImmunizationGiven"
          ]
        },
        "extension": [
          {
            "url": "http://standardhealthrecord.org/fhir/StructureDefinition/shr-action-PerformedContext-extension",
            "extension": [
              {
                "url": "http://standardhealthrecord.org/fhir/StructureDefinition/shr-action-Status-extension",
                "valueCode": "completed"
              }
            ]
          }
        ],
        "status": "completed",
        "notGiven": false,
        "vaccineCode": {
          "coding": [
            {
              "system": "http://hl7.org/fhir/sid/cvx",
              "code": "140",
              "display": "Influenza, seasonal, injectable, preservative free"
            }
          ],
          "text": "Influenza, seasonal, injectable, preservative free"
        },
        "patient": {
          "reference": "urn:uuid:364f1138-aeef-49b2-90ce-4167998fab9e"
        },
        "encounter": {
          "reference": "urn:uuid:2afb6521-3918-424e-8f0b-963f2dc6e775"
        },
        "date": "2008-11-09T12:31:03-05:00",
        "primarySource": true
      }
    },
    {
      "fullUrl": "urn:uuid:b43e7358-0364-4cdd-ad67-75581dfd9713",
      "resource": {
        "resourceType": "Claim",
        "id": "b43e7358-0364-4cdd-ad67-75581dfd9713",
        "status": "active",
        "use": "complete",
        "patient": {
          "reference": "urn:uuid:364f1138-aeef-49b2-90ce-4167998fab9e"
        },
        "billablePeriod": {
          "start": "2008-11-09T12:31:03-05:00",
          "end": "2008-11-09T12:31:03-05:00"
        },
        "organization": {
          "reference": "urn:uuid:82c4542a-e049-4cb2-b362-0a9aac625280"
        },
        "information": [
          {
            "sequence": 1,
            "category": {
              "coding": [
                {
                  "system": "http://hl7.org/fhir/claiminformationcategory",
                  "code": "info"
                }
              ]
            },
            "valueReference": {
              "reference": "urn:uuid:7d0beb04-dc88-42d4-8081-592d7c381e2c"
            }
          }
        ],
        "item": [
          {
            "sequence": 1,
            "encounter": [
              {
                "reference": "urn:uuid:2afb6521-3918-424e-8f0b-963f2dc6e775"
              }
            ]
          },
          {
            "sequence": 2,
            "informationLinkId": [
              1
            ],
            "net": {
              "value": 136.00,
              "system": "urn:iso:std:iso:4217",
              "code": "USD"
            }
          }
        ],
        "total": {
          "value": 261.00,
          "system": "urn:iso:std:iso:4217",
          "code": "USD"
        }
      }
    },
    {
      "fullUrl": "urn:uuid:0a2dd053-306f-43a3-8425-0c96303a77ad",
      "resource": {
        "resourceType": "Encounter",
        "id": "0a2dd053-306f-43a3-8425-0c96303a77ad",
        "meta": {
          "profile": [
            "http://standardhealthrecord.org/fhir/StructureDefinition/shr-encounter-EncounterPerformed"
          ]
        },
        "extension": [
          {
            "url": "http://standardhealthrecord.org/fhir/StructureDefinition/shr-action-PerformedContext-extension",
            "extension": [
              {
                "url": "http://standardhealthrecord.org/fhir/StructureDefinition/shr-action-Status-extension",
                "valueCode": "finished"
              }
            ]
          }
        ],
        "status": "finished",
        "class": {
          "code": "ambulatory"
        },
        "type": [
          {
            "coding": [
              {
                "system": "http://snomed.info/sct",
                "code": "185345009",
                "display": "Encounter for symptom"
              }
            ],
            "text": "Encounter for symptom"
          }
        ],
        "subject": {
          "reference": "urn:uuid:364f1138-aeef-49b2-90ce-4167998fab9e"
        },
        "period": {
          "start": "2009-08-31T13:31:03-04:00",
          "end": "2009-08-31T13:31:03-04:00"
        },
        "reason": [
          {
            "coding": [
              {
                "system": "http://snomed.info/sct",
                "code": "444814009",
                "display": "Viral sinusitis (disorder)"
              }
            ]
          }
        ],
        "serviceProvider": {
          "reference": "urn:uuid:82c4542a-e049-4cb2-b362-0a9aac625280"
        }
      }
    },
    {
      "fullUrl": "urn:uuid:692e1690-57dc-45b1-9eee-b490ba2af354",
      "resource": {
        "resourceType": "Condition",
        "id": "692e1690-57dc-45b1-9eee-b490ba2af354",
        "meta": {
          "profile": [
            "http://standardhealthrecord.org/fhir/StructureDefinition/shr-condition-Condition"
          ]
        },
        "clinicalStatus": "resolved",
        "verificationStatus": "confirmed",
        "category": [
          {
            "coding": [
              {
                "system": "http://standardhealthrecord.org/shr/condition/vs/ConditionCategoryVS",
                "code": "disease",
                "display": "Disease"
              }
            ]
          }
        ],
        "code": {
          "coding": [
            {
              "system": "http://snomed.info/sct",
              "code": "444814009",
              "display": "Viral sinusitis (disorder)"
            }
          ],
          "text": "Viral sinusitis (disorder)"
        },
        "subject": {
          "reference": "urn:uuid:364f1138-aeef-49b2-90ce-4167998fab9e"
        },
        "context": {
          "reference": "urn:uuid:0a2dd053-306f-43a3-8425-0c96303a77ad"
        },
        "onsetDateTime": "2009-08-31T13:31:03-04:00",
        "abatementDateTime": "2009-09-21T13:31:03-04:00",
        "assertedDate": "2009-08-31T13:31:03-04:00"
      }
    },
    {
      "fullUrl": "urn:uuid:44ebcc3d-7bde-418f-ab29-b56ab2d4e5b8",
      "resource": {
        "resourceType": "MedicationRequest",
        "id": "44ebcc3d-7bde-418f-ab29-b56ab2d4e5b8",
        "meta": {
          "profile": [
            "http://standardhealthrecord.org/fhir/StructureDefinition/shr-medication-MedicationRequested"
          ]
        },
        "extension": [
          {
            "url": "http://standardhealthrecord.org/fhir/StructureDefinition/shr-base-ActionCode-extension",
            "valueCodeableConcept": {
              "coding": [
                {
                  "system": "http://snomed.info/sct",
                  "code": "33633005",
                  "display": "Prescription of drug (procedure)"
                }
              ],
              "text": "Prescription of drug (procedure)"
            }
          },
          {
            "url": "http://standardhealthrecord.org/fhir/StructureDefinition/shr-action-RequestedContext-extension",
            "extension": [
              {
                "url": "http://standardhealthrecord.org/fhir/StructureDefinition/shr-action-Status-extension",
                "valueCode": "completed"
              },
              {
                "url": "http://standardhealthrecord.org/fhir/StructureDefinition/shr-action-RequestIntent-extension",
                "valueCode": "original-order"
              }
            ]
          }
        ],
        "status": "stopped",
        "intent": "order",
        "medicationCodeableConcept": {
          "coding": [
            {
              "system": "http://www.nlm.nih.gov/research/umls/rxnorm",
              "code": "824184",
              "display": " Amoxicillin 250 MG / Clavulanate 125 MG [Augmentin]"
            }
          ],
          "text": " Amoxicillin 250 MG / Clavulanate 125 MG [Augmentin]"
        },
        "subject": {
          "reference": "urn:uuid:364f1138-aeef-49b2-90ce-4167998fab9e"
        },
        "context": {
          "reference": "urn:uuid:0a2dd053-306f-43a3-8425-0c96303a77ad"
        },
        "authoredOn": "2009-08-31T13:31:03-04:00",
        "reasonReference": [
          {
            "reference": "urn:uuid:692e1690-57dc-45b1-9eee-b490ba2af354"
          }
        ]
      }
    },
    {
      "fullUrl": "urn:uuid:8c493441-ffc5-4975-9724-8b42863d63ba",
      "resource": {
        "resourceType": "Claim",
        "id": "8c493441-ffc5-4975-9724-8b42863d63ba",
        "status": "active",
        "use": "complete",
        "patient": {
          "reference": "urn:uuid:364f1138-aeef-49b2-90ce-4167998fab9e"
        },
        "billablePeriod": {
          "start": "2009-08-31T13:31:03-04:00",
          "end": "2009-08-31T13:31:03-04:00"
        },
        "organization": {
          "reference": "urn:uuid:82c4542a-e049-4cb2-b362-0a9aac625280"
        },
        "prescription": {
          "reference": "urn:uuid:44ebcc3d-7bde-418f-ab29-b56ab2d4e5b8"
        },
        "item": [
          {
            "sequence": 1,
            "encounter": [
              {
                "reference": "urn:uuid:0a2dd053-306f-43a3-8425-0c96303a77ad"
              }
            ]
          }
        ],
        "total": {
          "value": 255.0,
          "system": "urn:iso:std:iso:4217",
          "code": "USD"
        }
      }
    },
    {
      "fullUrl": "urn:uuid:64f04694-b522-4591-98fe-b43978a8889c",
      "resource": {
        "resourceType": "Claim",
        "id": "64f04694-b522-4591-98fe-b43978a8889c",
        "status": "active",
        "use": "complete",
        "patient": {
          "reference": "urn:uuid:364f1138-aeef-49b2-90ce-4167998fab9e"
        },
        "billablePeriod": {
          "start": "2009-08-31T13:31:03-04:00",
          "end": "2009-08-31T13:31:03-04:00"
        },
        "organization": {
          "reference": "urn:uuid:82c4542a-e049-4cb2-b362-0a9aac625280"
        },
        "diagnosis": [
          {
            "sequence": 1,
            "diagnosisReference": {
              "reference": "urn:uuid:692e1690-57dc-45b1-9eee-b490ba2af354"
            }
          }
        ],
        "item": [
          {
            "sequence": 1,
            "encounter": [
              {
                "reference": "urn:uuid:0a2dd053-306f-43a3-8425-0c96303a77ad"
              }
            ]
          },
          {
            "sequence": 2,
            "diagnosisLinkId": [
              1
            ]
          }
        ],
        "total": {
          "value": 125.00,
          "system": "urn:iso:std:iso:4217",
          "code": "USD"
        }
      }
    },
    {
      "fullUrl": "urn:uuid:09400058-87a5-4daf-afdb-08949a589ec0",
      "resource": {
        "resourceType": "Encounter",
        "id": "09400058-87a5-4daf-afdb-08949a589ec0",
        "meta": {
          "profile": [
            "http://standardhealthrecord.org/fhir/StructureDefinition/shr-encounter-EncounterPerformed"
          ]
        },
        "extension": [
          {
            "url": "http://standardhealthrecord.org/fhir/StructureDefinition/shr-action-PerformedContext-extension",
            "extension": [
              {
                "url": "http://standardhealthrecord.org/fhir/StructureDefinition/shr-action-Status-extension",
                "valueCode": "finished"
              }
            ]
          }
        ],
        "status": "finished",
        "class": {
          "code": "WELLNESS"
        },
        "type": [
          {
            "coding": [
              {
                "system": "http://snomed.info/sct",
                "code": "185349003",
                "display": "Encounter for check up (procedure)"
              }
            ],
            "text": "Encounter for check up (procedure)"
          }
        ],
        "subject": {
          "reference": "urn:uuid:364f1138-aeef-49b2-90ce-4167998fab9e"
        },
        "period": {
          "start": "2009-11-15T12:31:03-05:00",
          "end": "2009-11-15T12:31:03-05:00"
        },
        "serviceProvider": {
          "reference": "urn:uuid:82c4542a-e049-4cb2-b362-0a9aac625280"
        }
      }
    },
    {
      "fullUrl": "urn:uuid:1294d61d-5d69-45bd-a051-ccc2debde180",
      "resource": {
        "resourceType": "Observation",
        "id": "1294d61d-5d69-45bd-a051-ccc2debde180",
        "meta": {
          "profile": [
            "http://standardhealthrecord.org/fhir/StructureDefinition/shr-finding-Observation",
            "http://standardhealthrecord.org/fhir/StructureDefinition/shr-vital-VitalSign",
            "http://standardhealthrecord.org/fhir/StructureDefinition/shr-vital-BodyHeight"
          ]
        },
        "status": "final",
        "category": [
          {
            "coding": [
              {
                "system": "http://hl7.org/fhir/observation-category",
                "code": "vital-signs",
                "display": "vital-signs"
              }
            ]
          }
        ],
        "code": {
          "coding": [
            {
              "system": "http://loinc.org",
              "code": "8302-2",
              "display": "Body Height"
            }
          ],
          "text": "Body Height"
        },
        "subject": {
          "reference": "urn:uuid:364f1138-aeef-49b2-90ce-4167998fab9e"
        },
        "context": {
          "reference": "urn:uuid:09400058-87a5-4daf-afdb-08949a589ec0"
        },
        "effectiveDateTime": "2009-11-15T12:31:03-05:00",
        "issued": "2009-11-15T12:31:03.697-05:00",
        "valueQuantity": {
          "value": 169.46620459499988,
          "unit": "cm",
          "system": "http://unitsofmeasure.org",
          "code": "cm"
        }
      }
    },
    {
      "fullUrl": "urn:uuid:c384c740-7f5b-460d-9f67-2b57e39c03e4",
      "resource": {
        "resourceType": "Observation",
        "id": "c384c740-7f5b-460d-9f67-2b57e39c03e4",
        "meta": {
          "profile": [
            "http://standardhealthrecord.org/fhir/StructureDefinition/shr-finding-Observation",
            "http://standardhealthrecord.org/fhir/StructureDefinition/shr-vital-VitalSign",
            "http://standardhealthrecord.org/fhir/StructureDefinition/shr-vital-BodyWeight"
          ]
        },
        "status": "final",
        "category": [
          {
            "coding": [
              {
                "system": "http://hl7.org/fhir/observation-category",
                "code": "vital-signs",
                "display": "vital-signs"
              }
            ]
          }
        ],
        "code": {
          "coding": [
            {
              "system": "http://loinc.org",
              "code": "29463-7",
              "display": "Body Weight"
            }
          ],
          "text": "Body Weight"
        },
        "subject": {
          "reference": "urn:uuid:364f1138-aeef-49b2-90ce-4167998fab9e"
        },
        "context": {
          "reference": "urn:uuid:09400058-87a5-4daf-afdb-08949a589ec0"
        },
        "effectiveDateTime": "2009-11-15T12:31:03-05:00",
        "issued": "2009-11-15T12:31:03.697-05:00",
        "valueQuantity": {
          "value": 79.79667607061215,
          "unit": "kg",
          "system": "http://unitsofmeasure.org",
          "code": "kg"
        }
      }
    },
    {
      "fullUrl": "urn:uuid:3c8e3190-3fb8-41fc-97d0-20f1568118c9",
      "resource": {
        "resourceType": "Observation",
        "id": "3c8e3190-3fb8-41fc-97d0-20f1568118c9",
        "meta": {
          "profile": [
            "http://standardhealthrecord.org/fhir/StructureDefinition/shr-finding-Observation",
            "http://standardhealthrecord.org/fhir/StructureDefinition/shr-vital-VitalSign",
            "http://standardhealthrecord.org/fhir/StructureDefinition/shr-vital-BodyMassIndex"
          ]
        },
        "status": "final",
        "category": [
          {
            "coding": [
              {
                "system": "http://hl7.org/fhir/observation-category",
                "code": "vital-signs",
                "display": "vital-signs"
              }
            ]
          }
        ],
        "code": {
          "coding": [
            {
              "system": "http://loinc.org",
              "code": "39156-5",
              "display": "Body Mass Index"
            }
          ],
          "text": "Body Mass Index"
        },
        "subject": {
          "reference": "urn:uuid:364f1138-aeef-49b2-90ce-4167998fab9e"
        },
        "context": {
          "reference": "urn:uuid:09400058-87a5-4daf-afdb-08949a589ec0"
        },
        "effectiveDateTime": "2009-11-15T12:31:03-05:00",
        "issued": "2009-11-15T12:31:03.697-05:00",
        "valueQuantity": {
          "value": 27.7855242395611,
          "unit": "kg/m2",
          "system": "http://unitsofmeasure.org",
          "code": "kg/m2"
        }
      }
    },
    {
      "fullUrl": "urn:uuid:7a28e929-5bb6-4802-ba9d-351139481e36",
      "resource": {
        "resourceType": "Observation",
        "id": "7a28e929-5bb6-4802-ba9d-351139481e36",
        "meta": {
          "profile": [
            "http://standardhealthrecord.org/fhir/StructureDefinition/shr-finding-Observation",
            "http://standardhealthrecord.org/fhir/StructureDefinition/shr-vital-VitalSign",
            "http://standardhealthrecord.org/fhir/StructureDefinition/shr-vital-BloodPressure"
          ]
        },
        "status": "final",
        "category": [
          {
            "coding": [
              {
                "system": "http://hl7.org/fhir/observation-category",
                "code": "vital-signs",
                "display": "vital-signs"
              }
            ]
          }
        ],
        "code": {
          "coding": [
            {
              "system": "http://loinc.org",
              "code": "55284-4",
              "display": "Blood Pressure"
            }
          ],
          "text": "Blood Pressure"
        },
        "subject": {
          "reference": "urn:uuid:364f1138-aeef-49b2-90ce-4167998fab9e"
        },
        "context": {
          "reference": "urn:uuid:09400058-87a5-4daf-afdb-08949a589ec0"
        },
        "effectiveDateTime": "2009-11-15T12:31:03-05:00",
        "issued": "2009-11-15T12:31:03.697-05:00",
        "component": [
          {
            "code": {
              "coding": [
                {
                  "system": "http://loinc.org",
                  "code": "8462-4",
                  "display": "Diastolic Blood Pressure"
                }
              ],
              "text": "Diastolic Blood Pressure"
            },
            "valueQuantity": {
              "value": 80.75160193006826,
              "unit": "mmHg",
              "system": "http://unitsofmeasure.org",
              "code": "mmHg"
            }
          },
          {
            "code": {
              "coding": [
                {
                  "system": "http://loinc.org",
                  "code": "8480-6",
                  "display": "Systolic Blood Pressure"
                }
              ],
              "text": "Systolic Blood Pressure"
            },
            "valueQuantity": {
              "value": 114.14741252246453,
              "unit": "mmHg",
              "system": "http://unitsofmeasure.org",
              "code": "mmHg"
            }
          }
        ]
      }
    },
    {
      "fullUrl": "urn:uuid:2302d89c-f4ab-49ec-af8d-015945275aeb",
      "resource": {
        "resourceType": "Immunization",
        "id": "2302d89c-f4ab-49ec-af8d-015945275aeb",
        "meta": {
          "profile": [
            "http://standardhealthrecord.org/fhir/StructureDefinition/shr-immunization-ImmunizationGiven"
          ]
        },
        "extension": [
          {
            "url": "http://standardhealthrecord.org/fhir/StructureDefinition/shr-action-PerformedContext-extension",
            "extension": [
              {
                "url": "http://standardhealthrecord.org/fhir/StructureDefinition/shr-action-Status-extension",
                "valueCode": "completed"
              }
            ]
          }
        ],
        "status": "completed",
        "notGiven": false,
        "vaccineCode": {
          "coding": [
            {
              "system": "http://hl7.org/fhir/sid/cvx",
              "code": "140",
              "display": "Influenza, seasonal, injectable, preservative free"
            }
          ],
          "text": "Influenza, seasonal, injectable, preservative free"
        },
        "patient": {
          "reference": "urn:uuid:364f1138-aeef-49b2-90ce-4167998fab9e"
        },
        "encounter": {
          "reference": "urn:uuid:09400058-87a5-4daf-afdb-08949a589ec0"
        },
        "date": "2009-11-15T12:31:03-05:00",
        "primarySource": true
      }
    },
    {
      "fullUrl": "urn:uuid:ccdb99fd-2434-49ee-939e-726b7bd3c315",
      "resource": {
        "resourceType": "Claim",
        "id": "ccdb99fd-2434-49ee-939e-726b7bd3c315",
        "status": "active",
        "use": "complete",
        "patient": {
          "reference": "urn:uuid:364f1138-aeef-49b2-90ce-4167998fab9e"
        },
        "billablePeriod": {
          "start": "2009-11-15T12:31:03-05:00",
          "end": "2009-11-15T12:31:03-05:00"
        },
        "organization": {
          "reference": "urn:uuid:82c4542a-e049-4cb2-b362-0a9aac625280"
        },
        "information": [
          {
            "sequence": 1,
            "category": {
              "coding": [
                {
                  "system": "http://hl7.org/fhir/claiminformationcategory",
                  "code": "info"
                }
              ]
            },
            "valueReference": {
              "reference": "urn:uuid:2302d89c-f4ab-49ec-af8d-015945275aeb"
            }
          }
        ],
        "item": [
          {
            "sequence": 1,
            "encounter": [
              {
                "reference": "urn:uuid:09400058-87a5-4daf-afdb-08949a589ec0"
              }
            ]
          },
          {
            "sequence": 2,
            "informationLinkId": [
              1
            ],
            "net": {
              "value": 136.00,
              "system": "urn:iso:std:iso:4217",
              "code": "USD"
            }
          }
        ],
        "total": {
          "value": 261.00,
          "system": "urn:iso:std:iso:4217",
          "code": "USD"
        }
      }
    },
    {
      "fullUrl": "urn:uuid:ec413f90-9fc3-413f-8751-8971f2e40b6a",
      "resource": {
        "resourceType": "Encounter",
        "id": "ec413f90-9fc3-413f-8751-8971f2e40b6a",
        "meta": {
          "profile": [
            "http://standardhealthrecord.org/fhir/StructureDefinition/shr-encounter-EncounterPerformed"
          ]
        },
        "extension": [
          {
            "url": "http://standardhealthrecord.org/fhir/StructureDefinition/shr-action-PerformedContext-extension",
            "extension": [
              {
                "url": "http://standardhealthrecord.org/fhir/StructureDefinition/shr-action-Status-extension",
                "valueCode": "finished"
              }
            ]
          }
        ],
        "status": "finished",
        "class": {
          "code": "WELLNESS"
        },
        "type": [
          {
            "coding": [
              {
                "system": "http://snomed.info/sct",
                "code": "185349003",
                "display": "Encounter for check up (procedure)"
              }
            ],
            "text": "Encounter for check up (procedure)"
          }
        ],
        "subject": {
          "reference": "urn:uuid:364f1138-aeef-49b2-90ce-4167998fab9e"
        },
        "period": {
          "start": "2012-11-18T12:31:03-05:00",
          "end": "2012-11-18T12:31:03-05:00"
        },
        "serviceProvider": {
          "reference": "urn:uuid:82c4542a-e049-4cb2-b362-0a9aac625280"
        }
      }
    },
    {
      "fullUrl": "urn:uuid:fdd18110-36c9-495f-b050-085121cd6557",
      "resource": {
        "resourceType": "Observation",
        "id": "fdd18110-36c9-495f-b050-085121cd6557",
        "meta": {
          "profile": [
            "http://standardhealthrecord.org/fhir/StructureDefinition/shr-finding-Observation",
            "http://standardhealthrecord.org/fhir/StructureDefinition/shr-vital-VitalSign",
            "http://standardhealthrecord.org/fhir/StructureDefinition/shr-vital-BodyHeight"
          ]
        },
        "status": "final",
        "category": [
          {
            "coding": [
              {
                "system": "http://hl7.org/fhir/observation-category",
                "code": "vital-signs",
                "display": "vital-signs"
              }
            ]
          }
        ],
        "code": {
          "coding": [
            {
              "system": "http://loinc.org",
              "code": "8302-2",
              "display": "Body Height"
            }
          ],
          "text": "Body Height"
        },
        "subject": {
          "reference": "urn:uuid:364f1138-aeef-49b2-90ce-4167998fab9e"
        },
        "context": {
          "reference": "urn:uuid:ec413f90-9fc3-413f-8751-8971f2e40b6a"
        },
        "effectiveDateTime": "2012-11-18T12:31:03-05:00",
        "issued": "2012-11-18T12:31:03.697-05:00",
        "valueQuantity": {
          "value": 169.69376040046185,
          "unit": "cm",
          "system": "http://unitsofmeasure.org",
          "code": "cm"
        }
      }
    },
    {
      "fullUrl": "urn:uuid:e059c706-20f9-49dc-8633-9861a1468a93",
      "resource": {
        "resourceType": "Observation",
        "id": "e059c706-20f9-49dc-8633-9861a1468a93",
        "meta": {
          "profile": [
            "http://standardhealthrecord.org/fhir/StructureDefinition/shr-finding-Observation",
            "http://standardhealthrecord.org/fhir/StructureDefinition/shr-vital-VitalSign",
            "http://standardhealthrecord.org/fhir/StructureDefinition/shr-vital-BodyWeight"
          ]
        },
        "status": "final",
        "category": [
          {
            "coding": [
              {
                "system": "http://hl7.org/fhir/observation-category",
                "code": "vital-signs",
                "display": "vital-signs"
              }
            ]
          }
        ],
        "code": {
          "coding": [
            {
              "system": "http://loinc.org",
              "code": "29463-7",
              "display": "Body Weight"
            }
          ],
          "text": "Body Weight"
        },
        "subject": {
          "reference": "urn:uuid:364f1138-aeef-49b2-90ce-4167998fab9e"
        },
        "context": {
          "reference": "urn:uuid:ec413f90-9fc3-413f-8751-8971f2e40b6a"
        },
        "effectiveDateTime": "2012-11-18T12:31:03-05:00",
        "issued": "2012-11-18T12:31:03.697-05:00",
        "valueQuantity": {
          "value": 85.83039365684567,
          "unit": "kg",
          "system": "http://unitsofmeasure.org",
          "code": "kg"
        }
      }
    },
    {
      "fullUrl": "urn:uuid:c83acca5-a0e6-44a2-9c7d-bd5cbe730c2e",
      "resource": {
        "resourceType": "Observation",
        "id": "c83acca5-a0e6-44a2-9c7d-bd5cbe730c2e",
        "meta": {
          "profile": [
            "http://standardhealthrecord.org/fhir/StructureDefinition/shr-finding-Observation",
            "http://standardhealthrecord.org/fhir/StructureDefinition/shr-vital-VitalSign",
            "http://standardhealthrecord.org/fhir/StructureDefinition/shr-vital-BodyMassIndex"
          ]
        },
        "status": "final",
        "category": [
          {
            "coding": [
              {
                "system": "http://hl7.org/fhir/observation-category",
                "code": "vital-signs",
                "display": "vital-signs"
              }
            ]
          }
        ],
        "code": {
          "coding": [
            {
              "system": "http://loinc.org",
              "code": "39156-5",
              "display": "Body Mass Index"
            }
          ],
          "text": "Body Mass Index"
        },
        "subject": {
          "reference": "urn:uuid:364f1138-aeef-49b2-90ce-4167998fab9e"
        },
        "context": {
          "reference": "urn:uuid:ec413f90-9fc3-413f-8751-8971f2e40b6a"
        },
        "effectiveDateTime": "2012-11-18T12:31:03-05:00",
        "issued": "2012-11-18T12:31:03.697-05:00",
        "valueQuantity": {
          "value": 29.80638844435288,
          "unit": "kg/m2",
          "system": "http://unitsofmeasure.org",
          "code": "kg/m2"
        }
      }
    },
    {
      "fullUrl": "urn:uuid:d578ae4e-806f-4650-8dcd-b9c8b78e600f",
      "resource": {
        "resourceType": "Observation",
        "id": "d578ae4e-806f-4650-8dcd-b9c8b78e600f",
        "meta": {
          "profile": [
            "http://standardhealthrecord.org/fhir/StructureDefinition/shr-finding-Observation",
            "http://standardhealthrecord.org/fhir/StructureDefinition/shr-vital-VitalSign",
            "http://standardhealthrecord.org/fhir/StructureDefinition/shr-vital-BloodPressure"
          ]
        },
        "status": "final",
        "category": [
          {
            "coding": [
              {
                "system": "http://hl7.org/fhir/observation-category",
                "code": "vital-signs",
                "display": "vital-signs"
              }
            ]
          }
        ],
        "code": {
          "coding": [
            {
              "system": "http://loinc.org",
              "code": "55284-4",
              "display": "Blood Pressure"
            }
          ],
          "text": "Blood Pressure"
        },
        "subject": {
          "reference": "urn:uuid:364f1138-aeef-49b2-90ce-4167998fab9e"
        },
        "context": {
          "reference": "urn:uuid:ec413f90-9fc3-413f-8751-8971f2e40b6a"
        },
        "effectiveDateTime": "2012-11-18T12:31:03-05:00",
        "issued": "2012-11-18T12:31:03.697-05:00",
        "component": [
          {
            "code": {
              "coding": [
                {
                  "system": "http://loinc.org",
                  "code": "8462-4",
                  "display": "Diastolic Blood Pressure"
                }
              ],
              "text": "Diastolic Blood Pressure"
            },
            "valueQuantity": {
              "value": 86.61607351418672,
              "unit": "mmHg",
              "system": "http://unitsofmeasure.org",
              "code": "mmHg"
            }
          },
          {
            "code": {
              "coding": [
                {
                  "system": "http://loinc.org",
                  "code": "8480-6",
                  "display": "Systolic Blood Pressure"
                }
              ],
              "text": "Systolic Blood Pressure"
            },
            "valueQuantity": {
              "value": 123.74840400463732,
              "unit": "mmHg",
              "system": "http://unitsofmeasure.org",
              "code": "mmHg"
            }
          }
        ]
      }
    },
    {
      "fullUrl": "urn:uuid:ae1ff5a8-b9ac-40db-9740-98b7b6fde46d",
      "resource": {
        "resourceType": "Procedure",
        "id": "ae1ff5a8-b9ac-40db-9740-98b7b6fde46d",
        "meta": {
          "profile": [
            "http://standardhealthrecord.org/fhir/StructureDefinition/shr-procedure-ProcedurePerformed"
          ]
        },
        "extension": [
          {
            "url": "http://standardhealthrecord.org/fhir/StructureDefinition/shr-action-PerformedContext-extension",
            "extension": [
              {
                "url": "http://standardhealthrecord.org/fhir/StructureDefinition/shr-action-Status-extension",
                "valueCode": "completed"
              }
            ]
          }
        ],
        "status": "completed",
        "code": {
          "coding": [
            {
              "system": "http://snomed.info/sct",
              "code": "428191000124101",
              "display": "Documentation of current medications"
            }
          ],
          "text": "Documentation of current medications"
        },
        "subject": {
          "reference": "urn:uuid:364f1138-aeef-49b2-90ce-4167998fab9e"
        },
        "context": {
          "reference": "urn:uuid:ec413f90-9fc3-413f-8751-8971f2e40b6a"
        },
        "performedDateTime": "2012-11-18T12:31:03-05:00"
      }
    },
    {
      "fullUrl": "urn:uuid:6bcf9577-0303-4990-95cc-2abe8755d844",
      "resource": {
        "resourceType": "Immunization",
        "id": "6bcf9577-0303-4990-95cc-2abe8755d844",
        "meta": {
          "profile": [
            "http://standardhealthrecord.org/fhir/StructureDefinition/shr-immunization-ImmunizationGiven"
          ]
        },
        "extension": [
          {
            "url": "http://standardhealthrecord.org/fhir/StructureDefinition/shr-action-PerformedContext-extension",
            "extension": [
              {
                "url": "http://standardhealthrecord.org/fhir/StructureDefinition/shr-action-Status-extension",
                "valueCode": "completed"
              }
            ]
          }
        ],
        "status": "completed",
        "notGiven": false,
        "vaccineCode": {
          "coding": [
            {
              "system": "http://hl7.org/fhir/sid/cvx",
              "code": "140",
              "display": "Influenza, seasonal, injectable, preservative free"
            }
          ],
          "text": "Influenza, seasonal, injectable, preservative free"
        },
        "patient": {
          "reference": "urn:uuid:364f1138-aeef-49b2-90ce-4167998fab9e"
        },
        "encounter": {
          "reference": "urn:uuid:ec413f90-9fc3-413f-8751-8971f2e40b6a"
        },
        "date": "2012-11-18T12:31:03-05:00",
        "primarySource": true
      }
    },
    {
      "fullUrl": "urn:uuid:35580bb2-6233-4139-bb12-400f58d9e47d",
      "resource": {
        "resourceType": "Immunization",
        "id": "35580bb2-6233-4139-bb12-400f58d9e47d",
        "meta": {
          "profile": [
            "http://standardhealthrecord.org/fhir/StructureDefinition/shr-immunization-ImmunizationGiven"
          ]
        },
        "extension": [
          {
            "url": "http://standardhealthrecord.org/fhir/StructureDefinition/shr-action-PerformedContext-extension",
            "extension": [
              {
                "url": "http://standardhealthrecord.org/fhir/StructureDefinition/shr-action-Status-extension",
                "valueCode": "completed"
              }
            ]
          }
        ],
        "status": "completed",
        "notGiven": false,
        "vaccineCode": {
          "coding": [
            {
              "system": "http://hl7.org/fhir/sid/cvx",
              "code": "113",
              "display": "Td (adult) preservative free"
            }
          ],
          "text": "Td (adult) preservative free"
        },
        "patient": {
          "reference": "urn:uuid:364f1138-aeef-49b2-90ce-4167998fab9e"
        },
        "encounter": {
          "reference": "urn:uuid:ec413f90-9fc3-413f-8751-8971f2e40b6a"
        },
        "date": "2012-11-18T12:31:03-05:00",
        "primarySource": true
      }
    },
    {
      "fullUrl": "urn:uuid:2c7fa5c8-dabf-43fd-bc0b-326ba3ef854f",
      "resource": {
        "resourceType": "Claim",
        "id": "2c7fa5c8-dabf-43fd-bc0b-326ba3ef854f",
        "status": "active",
        "use": "complete",
        "patient": {
          "reference": "urn:uuid:364f1138-aeef-49b2-90ce-4167998fab9e"
        },
        "billablePeriod": {
          "start": "2012-11-18T12:31:03-05:00",
          "end": "2012-11-18T12:31:03-05:00"
        },
        "organization": {
          "reference": "urn:uuid:82c4542a-e049-4cb2-b362-0a9aac625280"
        },
        "information": [
          {
            "sequence": 1,
            "category": {
              "coding": [
                {
                  "system": "http://hl7.org/fhir/claiminformationcategory",
                  "code": "info"
                }
              ]
            },
            "valueReference": {
              "reference": "urn:uuid:6bcf9577-0303-4990-95cc-2abe8755d844"
            }
          },
          {
            "sequence": 2,
            "category": {
              "coding": [
                {
                  "system": "http://hl7.org/fhir/claiminformationcategory",
                  "code": "info"
                }
              ]
            },
            "valueReference": {
              "reference": "urn:uuid:35580bb2-6233-4139-bb12-400f58d9e47d"
            }
          }
        ],
        "procedure": [
          {
            "sequence": 1,
            "procedureReference": {
              "reference": "urn:uuid:ae1ff5a8-b9ac-40db-9740-98b7b6fde46d"
            }
          }
        ],
        "item": [
          {
            "sequence": 1,
            "encounter": [
              {
                "reference": "urn:uuid:ec413f90-9fc3-413f-8751-8971f2e40b6a"
              }
            ]
          },
          {
            "sequence": 2,
            "informationLinkId": [
              1
            ],
            "net": {
              "value": 136.00,
              "system": "urn:iso:std:iso:4217",
              "code": "USD"
            }
          },
          {
            "sequence": 3,
            "informationLinkId": [
              2
            ],
            "net": {
              "value": 136.00,
              "system": "urn:iso:std:iso:4217",
              "code": "USD"
            }
          },
          {
            "sequence": 4,
            "procedureLinkId": [
              1
            ],
            "net": {
              "value": 500.00,
              "system": "urn:iso:std:iso:4217",
              "code": "USD"
            }
          }
        ],
        "total": {
          "value": 897.00,
          "system": "urn:iso:std:iso:4217",
          "code": "USD"
        }
      }
    },
    {
      "fullUrl": "urn:uuid:3330d637-d815-4e11-a9d0-86ea201e1a8e",
      "resource": {
        "resourceType": "Encounter",
        "id": "3330d637-d815-4e11-a9d0-86ea201e1a8e",
        "meta": {
          "profile": [
            "http://standardhealthrecord.org/fhir/StructureDefinition/shr-encounter-EncounterPerformed"
          ]
        },
        "extension": [
          {
            "url": "http://standardhealthrecord.org/fhir/StructureDefinition/shr-action-PerformedContext-extension",
            "extension": [
              {
                "url": "http://standardhealthrecord.org/fhir/StructureDefinition/shr-action-Status-extension",
                "valueCode": "finished"
              }
            ]
          }
        ],
        "status": "finished",
        "class": {
          "code": "WELLNESS"
        },
        "type": [
          {
            "coding": [
              {
                "system": "http://snomed.info/sct",
                "code": "185349003",
                "display": "Encounter for check up (procedure)"
              }
            ],
            "text": "Encounter for check up (procedure)"
          }
        ],
        "subject": {
          "reference": "urn:uuid:364f1138-aeef-49b2-90ce-4167998fab9e"
        },
        "period": {
          "start": "2015-11-22T12:31:03-05:00",
          "end": "2015-11-22T12:31:03-05:00"
        },
        "serviceProvider": {
          "reference": "urn:uuid:82c4542a-e049-4cb2-b362-0a9aac625280"
        }
      }
    },
    {
      "fullUrl": "urn:uuid:23bfc797-0978-470f-8134-4af607d75b0c",
      "resource": {
        "resourceType": "Observation",
        "id": "23bfc797-0978-470f-8134-4af607d75b0c",
        "meta": {
          "profile": [
            "http://standardhealthrecord.org/fhir/StructureDefinition/shr-finding-Observation",
            "http://standardhealthrecord.org/fhir/StructureDefinition/shr-vital-VitalSign",
            "http://standardhealthrecord.org/fhir/StructureDefinition/shr-vital-BodyHeight"
          ]
        },
        "status": "final",
        "category": [
          {
            "coding": [
              {
                "system": "http://hl7.org/fhir/observation-category",
                "code": "vital-signs",
                "display": "vital-signs"
              }
            ]
          }
        ],
        "code": {
          "coding": [
            {
              "system": "http://loinc.org",
              "code": "8302-2",
              "display": "Body Height"
            }
          ],
          "text": "Body Height"
        },
        "subject": {
          "reference": "urn:uuid:364f1138-aeef-49b2-90ce-4167998fab9e"
        },
        "context": {
          "reference": "urn:uuid:3330d637-d815-4e11-a9d0-86ea201e1a8e"
        },
        "effectiveDateTime": "2015-11-22T12:31:03-05:00",
        "issued": "2015-11-22T12:31:03.697-05:00",
        "valueQuantity": {
          "value": 169.69376040046185,
          "unit": "cm",
          "system": "http://unitsofmeasure.org",
          "code": "cm"
        }
      }
    },
    {
      "fullUrl": "urn:uuid:506cb2ab-ce33-4935-b9f7-b4a850c36549",
      "resource": {
        "resourceType": "Observation",
        "id": "506cb2ab-ce33-4935-b9f7-b4a850c36549",
        "meta": {
          "profile": [
            "http://standardhealthrecord.org/fhir/StructureDefinition/shr-finding-Observation",
            "http://standardhealthrecord.org/fhir/StructureDefinition/shr-vital-VitalSign",
            "http://standardhealthrecord.org/fhir/StructureDefinition/shr-vital-BodyWeight"
          ]
        },
        "status": "final",
        "category": [
          {
            "coding": [
              {
                "system": "http://hl7.org/fhir/observation-category",
                "code": "vital-signs",
                "display": "vital-signs"
              }
            ]
          }
        ],
        "code": {
          "coding": [
            {
              "system": "http://loinc.org",
              "code": "29463-7",
              "display": "Body Weight"
            }
          ],
          "text": "Body Weight"
        },
        "subject": {
          "reference": "urn:uuid:364f1138-aeef-49b2-90ce-4167998fab9e"
        },
        "context": {
          "reference": "urn:uuid:3330d637-d815-4e11-a9d0-86ea201e1a8e"
        },
        "effectiveDateTime": "2015-11-22T12:31:03-05:00",
        "issued": "2015-11-22T12:31:03.697-05:00",
        "valueQuantity": {
          "value": 89.85152436762718,
          "unit": "kg",
          "system": "http://unitsofmeasure.org",
          "code": "kg"
        }
      }
    },
    {
      "fullUrl": "urn:uuid:6d33b049-2b2e-4239-b04c-b2d4151227d4",
      "resource": {
        "resourceType": "Observation",
        "id": "6d33b049-2b2e-4239-b04c-b2d4151227d4",
        "meta": {
          "profile": [
            "http://standardhealthrecord.org/fhir/StructureDefinition/shr-finding-Observation",
            "http://standardhealthrecord.org/fhir/StructureDefinition/shr-vital-VitalSign",
            "http://standardhealthrecord.org/fhir/StructureDefinition/shr-vital-BodyMassIndex"
          ]
        },
        "status": "final",
        "category": [
          {
            "coding": [
              {
                "system": "http://hl7.org/fhir/observation-category",
                "code": "vital-signs",
                "display": "vital-signs"
              }
            ]
          }
        ],
        "code": {
          "coding": [
            {
              "system": "http://loinc.org",
              "code": "39156-5",
              "display": "Body Mass Index"
            }
          ],
          "text": "Body Mass Index"
        },
        "subject": {
          "reference": "urn:uuid:364f1138-aeef-49b2-90ce-4167998fab9e"
        },
        "context": {
          "reference": "urn:uuid:3330d637-d815-4e11-a9d0-86ea201e1a8e"
        },
        "effectiveDateTime": "2015-11-22T12:31:03-05:00",
        "issued": "2015-11-22T12:31:03.697-05:00",
        "valueQuantity": {
          "value": 31.20280967516138,
          "unit": "kg/m2",
          "system": "http://unitsofmeasure.org",
          "code": "kg/m2"
        }
      }
    },
    {
      "fullUrl": "urn:uuid:d8b715f3-b37d-4468-8a27-e9cfda89e8ea",
      "resource": {
        "resourceType": "Observation",
        "id": "d8b715f3-b37d-4468-8a27-e9cfda89e8ea",
        "meta": {
          "profile": [
            "http://standardhealthrecord.org/fhir/StructureDefinition/shr-finding-Observation",
            "http://standardhealthrecord.org/fhir/StructureDefinition/shr-vital-VitalSign",
            "http://standardhealthrecord.org/fhir/StructureDefinition/shr-vital-BloodPressure"
          ]
        },
        "status": "final",
        "category": [
          {
            "coding": [
              {
                "system": "http://hl7.org/fhir/observation-category",
                "code": "vital-signs",
                "display": "vital-signs"
              }
            ]
          }
        ],
        "code": {
          "coding": [
            {
              "system": "http://loinc.org",
              "code": "55284-4",
              "display": "Blood Pressure"
            }
          ],
          "text": "Blood Pressure"
        },
        "subject": {
          "reference": "urn:uuid:364f1138-aeef-49b2-90ce-4167998fab9e"
        },
        "context": {
          "reference": "urn:uuid:3330d637-d815-4e11-a9d0-86ea201e1a8e"
        },
        "effectiveDateTime": "2015-11-22T12:31:03-05:00",
        "issued": "2015-11-22T12:31:03.697-05:00",
        "component": [
          {
            "code": {
              "coding": [
                {
                  "system": "http://loinc.org",
                  "code": "8462-4",
                  "display": "Diastolic Blood Pressure"
                }
              ],
              "text": "Diastolic Blood Pressure"
            },
            "valueQuantity": {
              "value": 81.2140235402305,
              "unit": "mmHg",
              "system": "http://unitsofmeasure.org",
              "code": "mmHg"
            }
          },
          {
            "code": {
              "coding": [
                {
                  "system": "http://loinc.org",
                  "code": "8480-6",
                  "display": "Systolic Blood Pressure"
                }
              ],
              "text": "Systolic Blood Pressure"
            },
            "valueQuantity": {
              "value": 113.22717585270493,
              "unit": "mmHg",
              "system": "http://unitsofmeasure.org",
              "code": "mmHg"
            }
          }
        ]
      }
    },
    {
      "fullUrl": "urn:uuid:57e18437-35ab-44c3-b6a1-25348aae58c8",
      "resource": {
        "resourceType": "Immunization",
        "id": "57e18437-35ab-44c3-b6a1-25348aae58c8",
        "meta": {
          "profile": [
            "http://standardhealthrecord.org/fhir/StructureDefinition/shr-immunization-ImmunizationGiven"
          ]
        },
        "extension": [
          {
            "url": "http://standardhealthrecord.org/fhir/StructureDefinition/shr-action-PerformedContext-extension",
            "extension": [
              {
                "url": "http://standardhealthrecord.org/fhir/StructureDefinition/shr-action-Status-extension",
                "valueCode": "completed"
              }
            ]
          }
        ],
        "status": "completed",
        "notGiven": false,
        "vaccineCode": {
          "coding": [
            {
              "system": "http://hl7.org/fhir/sid/cvx",
              "code": "140",
              "display": "Influenza, seasonal, injectable, preservative free"
            }
          ],
          "text": "Influenza, seasonal, injectable, preservative free"
        },
        "patient": {
          "reference": "urn:uuid:364f1138-aeef-49b2-90ce-4167998fab9e"
        },
        "encounter": {
          "reference": "urn:uuid:3330d637-d815-4e11-a9d0-86ea201e1a8e"
        },
        "date": "2015-11-22T12:31:03-05:00",
        "primarySource": true
      }
    },
    {
      "fullUrl": "urn:uuid:d14ce414-a651-488d-80f5-63d665b56936",
      "resource": {
        "resourceType": "Claim",
        "id": "d14ce414-a651-488d-80f5-63d665b56936",
        "status": "active",
        "use": "complete",
        "patient": {
          "reference": "urn:uuid:364f1138-aeef-49b2-90ce-4167998fab9e"
        },
        "billablePeriod": {
          "start": "2015-11-22T12:31:03-05:00",
          "end": "2015-11-22T12:31:03-05:00"
        },
        "organization": {
          "reference": "urn:uuid:82c4542a-e049-4cb2-b362-0a9aac625280"
        },
        "information": [
          {
            "sequence": 1,
            "category": {
              "coding": [
                {
                  "system": "http://hl7.org/fhir/claiminformationcategory",
                  "code": "info"
                }
              ]
            },
            "valueReference": {
              "reference": "urn:uuid:57e18437-35ab-44c3-b6a1-25348aae58c8"
            }
          }
        ],
        "item": [
          {
            "sequence": 1,
            "encounter": [
              {
                "reference": "urn:uuid:3330d637-d815-4e11-a9d0-86ea201e1a8e"
              }
            ]
          },
          {
            "sequence": 2,
            "informationLinkId": [
              1
            ],
            "net": {
              "value": 136.00,
              "system": "urn:iso:std:iso:4217",
              "code": "USD"
            }
          }
        ],
        "total": {
          "value": 261.00,
          "system": "urn:iso:std:iso:4217",
          "code": "USD"
        }
      }
    }
  ]
}
