{
  "resourceType": "Bundle",
  "type": "collection",
  "entry": [
    {
      "fullUrl": "urn:uuid:4a40192a-4119-4b53-b352-7c64901809e2",
      "resource": {
        "resourceType": "Basic",
        "id": "4a40192a-4119-4b53-b352-7c64901809e2",
        "meta": {
          "profile": [
            "http://standardhealthrecord.org/fhir/StructureDefinition/shr-entity-Person"
          ]
        },
        "code": {
          "coding": [
            {
              "system": "http://standardhealthrecord.org/fhir/basic-resource-type",
              "code": "shr-entity-Person",
              "display": "shr-entity-Person"
            }
          ]
        }
      }
    },
    {
      "fullUrl": "urn:uuid:ab83f4e6-db7d-4e36-ae1f-7aea779b2743",
      "resource": {
        "resourceType": "Patient",
        "id": "ab83f4e6-db7d-4e36-ae1f-7aea779b2743",
        "meta": {
          "profile": [
            "http://standardhealthrecord.org/fhir/StructureDefinition/shr-entity-Patient"
          ]
        },
        "text": {
          "status": "generated",
          "div": "<div xmlns=\"http://www.w3.org/1999/xhtml\">Generated by <a href=\"https://github.com/synthetichealth/synthea\">Synthea</a>.Version identifier: synthea-java .   Person seed: 6401208818082737384  Population seed: 1527092297455</div>"
        },
        "extension": [
          {
            "url": "http://hl7.org/fhir/us/core/StructureDefinition/us-core-race",
            "extension": [
              {
                "url": "ombCategory",
                "valueCoding": {
                  "system": "urn:oid:2.16.840.1.113883.6.238",
                  "code": "2106-3",
                  "display": "White"
                }
              },
              {
                "url": "text",
                "valueString": "White"
              }
            ]
          },
          {
            "url": "http://hl7.org/fhir/us/core/StructureDefinition/us-core-ethnicity",
            "extension": [
              {
                "url": "ombCategory",
                "valueCoding": {
                  "system": "urn:oid:2.16.840.1.113883.6.238",
                  "code": "2186-5",
                  "display": "Not Hispanic or Latino"
                }
              },
              {
                "url": "text",
                "valueString": "Not Hispanic or Latino"
              }
            ]
          },
          {
            "url": "http://hl7.org/fhir/StructureDefinition/patient-mothersMaidenName",
            "valueString": "Alta896 Halvorson124"
          },
          {
            "url": "http://hl7.org/fhir/us/core/StructureDefinition/us-core-birthsex",
            "valueCode": "M"
          },
          {
            "url": "http://hl7.org/fhir/StructureDefinition/birthPlace",
            "valueAddress": {
              "city": "Middle Point village",
              "state": "Ohio",
              "country": "US"
            }
          },
          {
            "url": "http://standardhealthrecord.org/fhir/StructureDefinition/shr-actor-FictionalPerson-extension",
            "valueBoolean": true
          },
          {
            "url": "http://standardhealthrecord.org/fhir/StructureDefinition/shr-entity-FathersName-extension",
            "valueHumanName": {
              "text": "Anthony633 Konopelski743"
            }
          },
          {
            "url": "http://standardhealthrecord.org/fhir/StructureDefinition/shr-demographics-SocialSecurityNumber-extension",
            "valueString": "999-20-9054"
          },
          {
            "url": "http://standardhealthrecord.org/fhir/StructureDefinition/shr-entity-Person-extension",
            "valueReference": {
              "reference": "urn:uuid:4a40192a-4119-4b53-b352-7c64901809e2"
            }
          },
          {
            "url": "http://synthetichealth.github.io/synthea/disability-adjusted-life-years",
            "valueDecimal": 0.011113906363270901
          },
          {
            "url": "http://synthetichealth.github.io/synthea/quality-adjusted-life-years",
            "valueDecimal": 36.98888609363673
          }
        ],
        "identifier": [
          {
            "system": "https://github.com/synthetichealth/synthea",
            "value": "fa3a9c14-de6c-4fbb-80d3-06fbf6d2817d"
          },
          {
            "type": {
              "coding": [
                {
                  "system": "http://hl7.org/fhir/v2/0203",
                  "code": "MR",
                  "display": "Medical Record Number"
                }
              ],
              "text": "Medical Record Number"
            },
            "system": "http://hospital.smarthealthit.org",
            "value": "fa3a9c14-de6c-4fbb-80d3-06fbf6d2817d"
          },
          {
            "type": {
              "coding": [
                {
                  "system": "http://hl7.org/fhir/identifier-type",
                  "code": "SB",
                  "display": "Social Security Number"
                }
              ],
              "text": "Social Security Number"
            },
            "system": "http://hl7.org/fhir/sid/us-ssn",
            "value": "999-20-9054"
          },
          {
            "type": {
              "coding": [
                {
                  "system": "http://hl7.org/fhir/v2/0203",
                  "code": "DL",
                  "display": "Driver's License"
                }
              ],
              "text": "Driver's License"
            },
            "system": "urn:oid:2.16.840.1.113883.4.3.25",
            "value": "S99932746"
          },
          {
            "type": {
              "coding": [
                {
                  "system": "http://hl7.org/fhir/v2/0203",
                  "code": "PPN",
                  "display": "Passport Number"
                }
              ],
              "text": "Passport Number"
            },
            "system": "http://standardhealthrecord.org/fhir/StructureDefinition/passportNumber",
            "value": "X1604634X"
          }
        ],
        "name": [
          {
            "use": "official",
            "family": "Konopelski743",
            "given": [
              "Brendan864"
            ],
            "prefix": [
              "Mr."
            ]
          }
        ],
        "telecom": [
          {
            "system": "phone",
            "value": "555-617-9274",
            "use": "home"
          }
        ],
        "gender": "male",
        "birthDate": "1980-04-17",
        "address": [
          {
            "extension": [
              {
                "url": "http://hl7.org/fhir/StructureDefinition/geolocation",
                "extension": [
                  {
                    "url": "latitude",
                    "valueDecimal": -83.482704
                  },
                  {
                    "url": "longitude",
                    "valueDecimal": 41.610064
                  }
                ]
              }
            ],
            "line": [
              "929 Hessel Lane Suite 31"
            ],
            "city": "Northwood",
            "state": "Ohio",
            "postalCode": "43460",
            "country": "US"
          }
        ],
        "maritalStatus": {
          "coding": [
            {
              "system": "http://hl7.org/fhir/v3/MaritalStatus",
              "code": "M",
              "display": "M"
            }
          ],
          "text": "M"
        },
        "multipleBirthBoolean": false,
        "communication": [
          {
            "language": {
              "coding": [
                {
                  "system": "urn:ietf:bcp:47",
                  "code": "en-US",
                  "display": "English"
                }
              ],
              "text": "English"
            }
          }
        ]
      }
    },
    {
      "fullUrl": "urn:uuid:a87be3c1-dbdc-4f1f-9380-824e57d8d2d1",
      "resource": {
        "resourceType": "Organization",
        "id": "a87be3c1-dbdc-4f1f-9380-824e57d8d2d1",
        "meta": {
          "profile": [
            "http://standardhealthrecord.org/fhir/StructureDefinition/shr-entity-Organization"
          ]
        },
        "identifier": [
          {
            "system": "https://github.com/synthetichealth/synthea",
            "value": "8e623acd-0c92-49c6-990f-e71334d3b0d3"
          },
          {
            "system": "urn:ietf:rfc:3986",
            "value": "8e623acd-0c92-49c6-990f-e71334d3b0d3"
          }
        ],
        "type": [
          {
            "coding": [
              {
                "system": "Healthcare Provider",
                "code": "prov",
                "display": "Healthcare Provider"
              }
            ],
            "text": "Healthcare Provider"
          }
        ],
        "name": "DAYTON CHILDREN'S HOSPITAL",
        "telecom": [
          {
            "system": "phone",
            "value": "9376413450"
          }
        ],
        "address": [
          {
            "line": [
              "ONE CHILDRENS PLAZA"
            ],
            "city": "DAYTON",
            "state": "OH",
            "postalCode": "45404",
            "country": "US"
          }
        ],
        "contact": [
          {
            "name": {
              "text": "Synthetic Provider"
            }
          }
        ]
      }
    },
    {
      "fullUrl": "urn:uuid:476a69f1-3f79-4bc2-a37e-d77ffd077ef8",
      "resource": {
        "resourceType": "Encounter",
        "id": "476a69f1-3f79-4bc2-a37e-d77ffd077ef8",
        "meta": {
          "profile": [
            "http://standardhealthrecord.org/fhir/StructureDefinition/shr-encounter-EncounterPerformed"
          ]
        },
        "extension": [
          {
            "url": "http://standardhealthrecord.org/fhir/StructureDefinition/shr-action-PerformedContext-extension",
            "extension": [
              {
                "url": "http://standardhealthrecord.org/fhir/StructureDefinition/shr-action-Status-extension",
                "valueCode": "finished"
              }
            ]
          }
        ],
        "status": "finished",
        "class": {
          "code": "ambulatory"
        },
        "type": [
          {
            "coding": [
              {
                "system": "http://snomed.info/sct",
                "code": "185345009",
                "display": "Encounter for symptom"
              }
            ],
            "text": "Encounter for symptom"
          }
        ],
        "subject": {
          "reference": "urn:uuid:ab83f4e6-db7d-4e36-ae1f-7aea779b2743"
        },
        "period": {
          "start": "2008-08-25T22:05:33-04:00",
          "end": "2008-08-25T22:05:33-04:00"
        },
        "reason": [
          {
            "coding": [
              {
                "system": "http://snomed.info/sct",
                "code": "444814009",
                "display": "Viral sinusitis (disorder)"
              }
            ]
          }
        ],
        "serviceProvider": {
          "reference": "urn:uuid:a87be3c1-dbdc-4f1f-9380-824e57d8d2d1"
        }
      }
    },
    {
      "fullUrl": "urn:uuid:3d6c41a2-b7c2-4dce-b079-defc964cf8ab",
      "resource": {
        "resourceType": "Condition",
        "id": "3d6c41a2-b7c2-4dce-b079-defc964cf8ab",
        "meta": {
          "profile": [
            "http://standardhealthrecord.org/fhir/StructureDefinition/shr-condition-Condition"
          ]
        },
        "clinicalStatus": "resolved",
        "verificationStatus": "confirmed",
        "category": [
          {
            "coding": [
              {
                "system": "http://standardhealthrecord.org/shr/condition/vs/ConditionCategoryVS",
                "code": "disease",
                "display": "Disease"
              }
            ]
          }
        ],
        "code": {
          "coding": [
            {
              "system": "http://snomed.info/sct",
              "code": "444814009",
              "display": "Viral sinusitis (disorder)"
            }
          ],
          "text": "Viral sinusitis (disorder)"
        },
        "subject": {
          "reference": "urn:uuid:ab83f4e6-db7d-4e36-ae1f-7aea779b2743"
        },
        "context": {
          "reference": "urn:uuid:476a69f1-3f79-4bc2-a37e-d77ffd077ef8"
        },
        "onsetDateTime": "2008-08-25T22:05:33-04:00",
        "abatementDateTime": "2008-09-01T22:05:33-04:00",
        "assertedDate": "2008-08-25T22:05:33-04:00"
      }
    },
    {
      "fullUrl": "urn:uuid:a434f394-1b07-4021-af16-2812b51a836e",
      "resource": {
        "resourceType": "Claim",
        "id": "a434f394-1b07-4021-af16-2812b51a836e",
        "status": "active",
        "use": "complete",
        "patient": {
          "reference": "urn:uuid:ab83f4e6-db7d-4e36-ae1f-7aea779b2743"
        },
        "billablePeriod": {
          "start": "2008-08-25T22:05:33-04:00",
          "end": "2008-08-25T22:05:33-04:00"
        },
        "organization": {
          "reference": "urn:uuid:a87be3c1-dbdc-4f1f-9380-824e57d8d2d1"
        },
        "diagnosis": [
          {
            "sequence": 1,
            "diagnosisReference": {
              "reference": "urn:uuid:3d6c41a2-b7c2-4dce-b079-defc964cf8ab"
            }
          }
        ],
        "item": [
          {
            "sequence": 1,
            "encounter": [
              {
                "reference": "urn:uuid:476a69f1-3f79-4bc2-a37e-d77ffd077ef8"
              }
            ]
          },
          {
            "sequence": 2,
            "diagnosisLinkId": [
              1
            ]
          }
        ],
        "total": {
          "value": 125.00,
          "system": "urn:iso:std:iso:4217",
          "code": "USD"
        }
      }
    },
    {
      "fullUrl": "urn:uuid:9cff45a4-7abd-481b-b9b2-3ee662758981",
      "resource": {
        "resourceType": "Encounter",
        "id": "9cff45a4-7abd-481b-b9b2-3ee662758981",
        "meta": {
          "profile": [
            "http://standardhealthrecord.org/fhir/StructureDefinition/shr-encounter-EncounterPerformed"
          ]
        },
        "extension": [
          {
            "url": "http://standardhealthrecord.org/fhir/StructureDefinition/shr-action-PerformedContext-extension",
            "extension": [
              {
                "url": "http://standardhealthrecord.org/fhir/StructureDefinition/shr-action-Status-extension",
                "valueCode": "finished"
              }
            ]
          }
        ],
        "status": "finished",
        "class": {
          "code": "WELLNESS"
        },
        "type": [
          {
            "coding": [
              {
                "system": "http://snomed.info/sct",
                "code": "185349003",
                "display": "Encounter for check up (procedure)"
              }
            ],
            "text": "Encounter for check up (procedure)"
          }
        ],
        "subject": {
          "reference": "urn:uuid:ab83f4e6-db7d-4e36-ae1f-7aea779b2743"
        },
        "period": {
          "start": "2008-11-27T21:05:33-05:00",
          "end": "2008-11-27T21:05:33-05:00"
        },
        "serviceProvider": {
          "reference": "urn:uuid:a87be3c1-dbdc-4f1f-9380-824e57d8d2d1"
        }
      }
    },
    {
      "fullUrl": "urn:uuid:cd4d4dbb-b63a-46f6-8259-d22e2120150b",
      "resource": {
        "resourceType": "Observation",
        "id": "cd4d4dbb-b63a-46f6-8259-d22e2120150b",
        "meta": {
          "profile": [
            "http://standardhealthrecord.org/fhir/StructureDefinition/shr-finding-Observation",
            "http://standardhealthrecord.org/fhir/StructureDefinition/shr-vital-VitalSign",
            "http://standardhealthrecord.org/fhir/StructureDefinition/shr-vital-BodyHeight"
          ]
        },
        "status": "final",
        "category": [
          {
            "coding": [
              {
                "system": "http://hl7.org/fhir/observation-category",
                "code": "vital-signs",
                "display": "vital-signs"
              }
            ]
          }
        ],
        "code": {
          "coding": [
            {
              "system": "http://loinc.org",
              "code": "8302-2",
              "display": "Body Height"
            }
          ],
          "text": "Body Height"
        },
        "subject": {
          "reference": "urn:uuid:ab83f4e6-db7d-4e36-ae1f-7aea779b2743"
        },
        "context": {
          "reference": "urn:uuid:9cff45a4-7abd-481b-b9b2-3ee662758981"
        },
        "effectiveDateTime": "2008-11-27T21:05:33-05:00",
        "issued": "2008-11-27T21:05:33.962-05:00",
        "valueQuantity": {
          "value": 170.47160581004144,
          "unit": "cm",
          "system": "http://unitsofmeasure.org",
          "code": "cm"
        }
      }
    },
    {
      "fullUrl": "urn:uuid:46278a2a-903b-49a9-af3d-87eacbac26aa",
      "resource": {
        "resourceType": "Observation",
        "id": "46278a2a-903b-49a9-af3d-87eacbac26aa",
        "meta": {
          "profile": [
            "http://standardhealthrecord.org/fhir/StructureDefinition/shr-finding-Observation",
            "http://standardhealthrecord.org/fhir/StructureDefinition/shr-vital-VitalSign",
            "http://standardhealthrecord.org/fhir/StructureDefinition/shr-vital-BodyWeight"
          ]
        },
        "status": "final",
        "category": [
          {
            "coding": [
              {
                "system": "http://hl7.org/fhir/observation-category",
                "code": "vital-signs",
                "display": "vital-signs"
              }
            ]
          }
        ],
        "code": {
          "coding": [
            {
              "system": "http://loinc.org",
              "code": "29463-7",
              "display": "Body Weight"
            }
          ],
          "text": "Body Weight"
        },
        "subject": {
          "reference": "urn:uuid:ab83f4e6-db7d-4e36-ae1f-7aea779b2743"
        },
        "context": {
          "reference": "urn:uuid:9cff45a4-7abd-481b-b9b2-3ee662758981"
        },
        "effectiveDateTime": "2008-11-27T21:05:33-05:00",
        "issued": "2008-11-27T21:05:33.962-05:00",
        "valueQuantity": {
          "value": 64.56471396137255,
          "unit": "kg",
          "system": "http://unitsofmeasure.org",
          "code": "kg"
        }
      }
    },
    {
      "fullUrl": "urn:uuid:6eed68d3-1389-447a-9e48-51dc485a9738",
      "resource": {
        "resourceType": "Observation",
        "id": "6eed68d3-1389-447a-9e48-51dc485a9738",
        "meta": {
          "profile": [
            "http://standardhealthrecord.org/fhir/StructureDefinition/shr-finding-Observation",
            "http://standardhealthrecord.org/fhir/StructureDefinition/shr-vital-VitalSign",
            "http://standardhealthrecord.org/fhir/StructureDefinition/shr-vital-BodyMassIndex"
          ]
        },
        "status": "final",
        "category": [
          {
            "coding": [
              {
                "system": "http://hl7.org/fhir/observation-category",
                "code": "vital-signs",
                "display": "vital-signs"
              }
            ]
          }
        ],
        "code": {
          "coding": [
            {
              "system": "http://loinc.org",
              "code": "39156-5",
              "display": "Body Mass Index"
            }
          ],
          "text": "Body Mass Index"
        },
        "subject": {
          "reference": "urn:uuid:ab83f4e6-db7d-4e36-ae1f-7aea779b2743"
        },
        "context": {
          "reference": "urn:uuid:9cff45a4-7abd-481b-b9b2-3ee662758981"
        },
        "effectiveDateTime": "2008-11-27T21:05:33-05:00",
        "issued": "2008-11-27T21:05:33.962-05:00",
        "valueQuantity": {
          "value": 22.217292208656875,
          "unit": "kg/m2",
          "system": "http://unitsofmeasure.org",
          "code": "kg/m2"
        }
      }
    },
    {
      "fullUrl": "urn:uuid:3db033ad-1416-4951-9b03-3307f27c9b7b",
      "resource": {
        "resourceType": "Observation",
        "id": "3db033ad-1416-4951-9b03-3307f27c9b7b",
        "meta": {
          "profile": [
            "http://standardhealthrecord.org/fhir/StructureDefinition/shr-finding-Observation",
            "http://standardhealthrecord.org/fhir/StructureDefinition/shr-vital-VitalSign",
            "http://standardhealthrecord.org/fhir/StructureDefinition/shr-vital-BloodPressure"
          ]
        },
        "status": "final",
        "category": [
          {
            "coding": [
              {
                "system": "http://hl7.org/fhir/observation-category",
                "code": "vital-signs",
                "display": "vital-signs"
              }
            ]
          }
        ],
        "code": {
          "coding": [
            {
              "system": "http://loinc.org",
              "code": "55284-4",
              "display": "Blood Pressure"
            }
          ],
          "text": "Blood Pressure"
        },
        "subject": {
          "reference": "urn:uuid:ab83f4e6-db7d-4e36-ae1f-7aea779b2743"
        },
        "context": {
          "reference": "urn:uuid:9cff45a4-7abd-481b-b9b2-3ee662758981"
        },
        "effectiveDateTime": "2008-11-27T21:05:33-05:00",
        "issued": "2008-11-27T21:05:33.962-05:00",
        "component": [
          {
            "code": {
              "coding": [
                {
                  "system": "http://loinc.org",
                  "code": "8462-4",
                  "display": "Diastolic Blood Pressure"
                }
              ],
              "text": "Diastolic Blood Pressure"
            },
            "valueQuantity": {
              "value": 72.71777239542286,
              "unit": "mmHg",
              "system": "http://unitsofmeasure.org",
              "code": "mmHg"
            }
          },
          {
            "code": {
              "coding": [
                {
                  "system": "http://loinc.org",
                  "code": "8480-6",
                  "display": "Systolic Blood Pressure"
                }
              ],
              "text": "Systolic Blood Pressure"
            },
            "valueQuantity": {
              "value": 108.69624388359303,
              "unit": "mmHg",
              "system": "http://unitsofmeasure.org",
              "code": "mmHg"
            }
          }
        ]
      }
    },
    {
      "fullUrl": "urn:uuid:e7c050ab-97ca-4502-84ae-38718c1e47cc",
      "resource": {
        "resourceType": "Procedure",
        "id": "e7c050ab-97ca-4502-84ae-38718c1e47cc",
        "meta": {
          "profile": [
            "http://standardhealthrecord.org/fhir/StructureDefinition/shr-procedure-ProcedurePerformed"
          ]
        },
        "extension": [
          {
            "url": "http://standardhealthrecord.org/fhir/StructureDefinition/shr-action-PerformedContext-extension",
            "extension": [
              {
                "url": "http://standardhealthrecord.org/fhir/StructureDefinition/shr-action-Status-extension",
                "valueCode": "completed"
              }
            ]
          }
        ],
        "status": "completed",
        "code": {
          "coding": [
            {
              "system": "http://snomed.info/sct",
              "code": "428191000124101",
              "display": "Documentation of current medications"
            }
          ],
          "text": "Documentation of current medications"
        },
        "subject": {
          "reference": "urn:uuid:ab83f4e6-db7d-4e36-ae1f-7aea779b2743"
        },
        "context": {
          "reference": "urn:uuid:9cff45a4-7abd-481b-b9b2-3ee662758981"
        },
        "performedDateTime": "2008-11-27T21:05:33-05:00"
      }
    },
    {
      "fullUrl": "urn:uuid:7341808c-9339-45d2-bde4-2ddecd5f3100",
      "resource": {
        "resourceType": "Immunization",
        "id": "7341808c-9339-45d2-bde4-2ddecd5f3100",
        "meta": {
          "profile": [
            "http://standardhealthrecord.org/fhir/StructureDefinition/shr-immunization-ImmunizationGiven"
          ]
        },
        "extension": [
          {
            "url": "http://standardhealthrecord.org/fhir/StructureDefinition/shr-action-PerformedContext-extension",
            "extension": [
              {
                "url": "http://standardhealthrecord.org/fhir/StructureDefinition/shr-action-Status-extension",
                "valueCode": "completed"
              }
            ]
          }
        ],
        "status": "completed",
        "notGiven": false,
        "vaccineCode": {
          "coding": [
            {
              "system": "http://hl7.org/fhir/sid/cvx",
              "code": "140",
              "display": "Influenza, seasonal, injectable, preservative free"
            }
          ],
          "text": "Influenza, seasonal, injectable, preservative free"
        },
        "patient": {
          "reference": "urn:uuid:ab83f4e6-db7d-4e36-ae1f-7aea779b2743"
        },
        "encounter": {
          "reference": "urn:uuid:9cff45a4-7abd-481b-b9b2-3ee662758981"
        },
        "date": "2008-11-27T21:05:33-05:00",
        "primarySource": true
      }
    },
    {
      "fullUrl": "urn:uuid:c2c72a56-b0ed-4f49-b057-57db3c0298b2",
      "resource": {
        "resourceType": "Claim",
        "id": "c2c72a56-b0ed-4f49-b057-57db3c0298b2",
        "status": "active",
        "use": "complete",
        "patient": {
          "reference": "urn:uuid:ab83f4e6-db7d-4e36-ae1f-7aea779b2743"
        },
        "billablePeriod": {
          "start": "2008-11-27T21:05:33-05:00",
          "end": "2008-11-27T21:05:33-05:00"
        },
        "organization": {
          "reference": "urn:uuid:a87be3c1-dbdc-4f1f-9380-824e57d8d2d1"
        },
        "information": [
          {
            "sequence": 1,
            "category": {
              "coding": [
                {
                  "system": "http://hl7.org/fhir/claiminformationcategory",
                  "code": "info"
                }
              ]
            },
            "valueReference": {
              "reference": "urn:uuid:7341808c-9339-45d2-bde4-2ddecd5f3100"
            }
          }
        ],
        "procedure": [
          {
            "sequence": 1,
            "procedureReference": {
              "reference": "urn:uuid:e7c050ab-97ca-4502-84ae-38718c1e47cc"
            }
          }
        ],
        "item": [
          {
            "sequence": 1,
            "encounter": [
              {
                "reference": "urn:uuid:9cff45a4-7abd-481b-b9b2-3ee662758981"
              }
            ]
          },
          {
            "sequence": 2,
            "informationLinkId": [
              1
            ],
            "net": {
              "value": 136.00,
              "system": "urn:iso:std:iso:4217",
              "code": "USD"
            }
          },
          {
            "sequence": 3,
            "procedureLinkId": [
              1
            ],
            "net": {
              "value": 500.00,
              "system": "urn:iso:std:iso:4217",
              "code": "USD"
            }
          }
        ],
        "total": {
          "value": 761.00,
          "system": "urn:iso:std:iso:4217",
          "code": "USD"
        }
      }
    },
    {
      "fullUrl": "urn:uuid:64649ee9-054f-488a-aea8-070268e121c9",
      "resource": {
        "resourceType": "Encounter",
        "id": "64649ee9-054f-488a-aea8-070268e121c9",
        "meta": {
          "profile": [
            "http://standardhealthrecord.org/fhir/StructureDefinition/shr-encounter-EncounterPerformed"
          ]
        },
        "extension": [
          {
            "url": "http://standardhealthrecord.org/fhir/StructureDefinition/shr-action-PerformedContext-extension",
            "extension": [
              {
                "url": "http://standardhealthrecord.org/fhir/StructureDefinition/shr-action-Status-extension",
                "valueCode": "finished"
              }
            ]
          }
        ],
        "status": "finished",
        "class": {
          "code": "WELLNESS"
        },
        "type": [
          {
            "coding": [
              {
                "system": "http://snomed.info/sct",
                "code": "185349003",
                "display": "Encounter for check up (procedure)"
              }
            ],
            "text": "Encounter for check up (procedure)"
          }
        ],
        "subject": {
          "reference": "urn:uuid:ab83f4e6-db7d-4e36-ae1f-7aea779b2743"
        },
        "period": {
          "start": "2011-12-01T21:05:33-05:00",
          "end": "2011-12-01T21:05:33-05:00"
        },
        "serviceProvider": {
          "reference": "urn:uuid:a87be3c1-dbdc-4f1f-9380-824e57d8d2d1"
        }
      }
    },
    {
      "fullUrl": "urn:uuid:48466954-ad3b-4661-9dc2-6d019e7f8b6e",
      "resource": {
        "resourceType": "Observation",
        "id": "48466954-ad3b-4661-9dc2-6d019e7f8b6e",
        "meta": {
          "profile": [
            "http://standardhealthrecord.org/fhir/StructureDefinition/shr-finding-Observation",
            "http://standardhealthrecord.org/fhir/StructureDefinition/shr-vital-VitalSign",
            "http://standardhealthrecord.org/fhir/StructureDefinition/shr-vital-BodyHeight"
          ]
        },
        "status": "final",
        "category": [
          {
            "coding": [
              {
                "system": "http://hl7.org/fhir/observation-category",
                "code": "vital-signs",
                "display": "vital-signs"
              }
            ]
          }
        ],
        "code": {
          "coding": [
            {
              "system": "http://loinc.org",
              "code": "8302-2",
              "display": "Body Height"
            }
          ],
          "text": "Body Height"
        },
        "subject": {
          "reference": "urn:uuid:ab83f4e6-db7d-4e36-ae1f-7aea779b2743"
        },
        "context": {
          "reference": "urn:uuid:64649ee9-054f-488a-aea8-070268e121c9"
        },
        "effectiveDateTime": "2011-12-01T21:05:33-05:00",
        "issued": "2011-12-01T21:05:33.962-05:00",
        "valueQuantity": {
          "value": 170.47160581004144,
          "unit": "cm",
          "system": "http://unitsofmeasure.org",
          "code": "cm"
        }
      }
    },
    {
      "fullUrl": "urn:uuid:9fb5ead9-5593-4589-b934-88e6cc748ef0",
      "resource": {
        "resourceType": "Observation",
        "id": "9fb5ead9-5593-4589-b934-88e6cc748ef0",
        "meta": {
          "profile": [
            "http://standardhealthrecord.org/fhir/StructureDefinition/shr-finding-Observation",
            "http://standardhealthrecord.org/fhir/StructureDefinition/shr-vital-VitalSign",
            "http://standardhealthrecord.org/fhir/StructureDefinition/shr-vital-BodyWeight"
          ]
        },
        "status": "final",
        "category": [
          {
            "coding": [
              {
                "system": "http://hl7.org/fhir/observation-category",
                "code": "vital-signs",
                "display": "vital-signs"
              }
            ]
          }
        ],
        "code": {
          "coding": [
            {
              "system": "http://loinc.org",
              "code": "29463-7",
              "display": "Body Weight"
            }
          ],
          "text": "Body Weight"
        },
        "subject": {
          "reference": "urn:uuid:ab83f4e6-db7d-4e36-ae1f-7aea779b2743"
        },
        "context": {
          "reference": "urn:uuid:64649ee9-054f-488a-aea8-070268e121c9"
        },
        "effectiveDateTime": "2011-12-01T21:05:33-05:00",
        "issued": "2011-12-01T21:05:33.962-05:00",
        "valueQuantity": {
          "value": 68.51335180241222,
          "unit": "kg",
          "system": "http://unitsofmeasure.org",
          "code": "kg"
        }
      }
    },
    {
      "fullUrl": "urn:uuid:bccacca1-5245-473c-b450-513d8fcf117d",
      "resource": {
        "resourceType": "Observation",
        "id": "bccacca1-5245-473c-b450-513d8fcf117d",
        "meta": {
          "profile": [
            "http://standardhealthrecord.org/fhir/StructureDefinition/shr-finding-Observation",
            "http://standardhealthrecord.org/fhir/StructureDefinition/shr-vital-VitalSign",
            "http://standardhealthrecord.org/fhir/StructureDefinition/shr-vital-BodyMassIndex"
          ]
        },
        "status": "final",
        "category": [
          {
            "coding": [
              {
                "system": "http://hl7.org/fhir/observation-category",
                "code": "vital-signs",
                "display": "vital-signs"
              }
            ]
          }
        ],
        "code": {
          "coding": [
            {
              "system": "http://loinc.org",
              "code": "39156-5",
              "display": "Body Mass Index"
            }
          ],
          "text": "Body Mass Index"
        },
        "subject": {
          "reference": "urn:uuid:ab83f4e6-db7d-4e36-ae1f-7aea779b2743"
        },
        "context": {
          "reference": "urn:uuid:64649ee9-054f-488a-aea8-070268e121c9"
        },
        "effectiveDateTime": "2011-12-01T21:05:33-05:00",
        "issued": "2011-12-01T21:05:33.962-05:00",
        "valueQuantity": {
          "value": 23.576053602582107,
          "unit": "kg/m2",
          "system": "http://unitsofmeasure.org",
          "code": "kg/m2"
        }
      }
    },
    {
      "fullUrl": "urn:uuid:cfcc4af3-d2e3-4ded-9f40-25f3cbc0ffa1",
      "resource": {
        "resourceType": "Observation",
        "id": "cfcc4af3-d2e3-4ded-9f40-25f3cbc0ffa1",
        "meta": {
          "profile": [
            "http://standardhealthrecord.org/fhir/StructureDefinition/shr-finding-Observation",
            "http://standardhealthrecord.org/fhir/StructureDefinition/shr-vital-VitalSign",
            "http://standardhealthrecord.org/fhir/StructureDefinition/shr-vital-BloodPressure"
          ]
        },
        "status": "final",
        "category": [
          {
            "coding": [
              {
                "system": "http://hl7.org/fhir/observation-category",
                "code": "vital-signs",
                "display": "vital-signs"
              }
            ]
          }
        ],
        "code": {
          "coding": [
            {
              "system": "http://loinc.org",
              "code": "55284-4",
              "display": "Blood Pressure"
            }
          ],
          "text": "Blood Pressure"
        },
        "subject": {
          "reference": "urn:uuid:ab83f4e6-db7d-4e36-ae1f-7aea779b2743"
        },
        "context": {
          "reference": "urn:uuid:64649ee9-054f-488a-aea8-070268e121c9"
        },
        "effectiveDateTime": "2011-12-01T21:05:33-05:00",
        "issued": "2011-12-01T21:05:33.962-05:00",
        "component": [
          {
            "code": {
              "coding": [
                {
                  "system": "http://loinc.org",
                  "code": "8462-4",
                  "display": "Diastolic Blood Pressure"
                }
              ],
              "text": "Diastolic Blood Pressure"
            },
            "valueQuantity": {
              "value": 78.0004894467448,
              "unit": "mmHg",
              "system": "http://unitsofmeasure.org",
              "code": "mmHg"
            }
          },
          {
            "code": {
              "coding": [
                {
                  "system": "http://loinc.org",
                  "code": "8480-6",
                  "display": "Systolic Blood Pressure"
                }
              ],
              "text": "Systolic Blood Pressure"
            },
            "valueQuantity": {
              "value": 128.34578399313727,
              "unit": "mmHg",
              "system": "http://unitsofmeasure.org",
              "code": "mmHg"
            }
          }
        ]
      }
    },
    {
      "fullUrl": "urn:uuid:fcfc5c5d-39ad-474c-9de6-59a7a942bba1",
      "resource": {
        "resourceType": "Observation",
        "id": "fcfc5c5d-39ad-474c-9de6-59a7a942bba1",
        "meta": {
          "profile": [
            "http://standardhealthrecord.org/fhir/StructureDefinition/shr-finding-Observation"
          ]
        },
        "status": "final",
        "category": [
          {
            "coding": [
              {
                "system": "http://hl7.org/fhir/observation-category",
                "code": "laboratory",
                "display": "laboratory"
              }
            ]
          }
        ],
        "code": {
          "coding": [
            {
              "system": "http://loinc.org",
              "code": "2093-3",
              "display": "Total Cholesterol"
            }
          ],
          "text": "Total Cholesterol"
        },
        "subject": {
          "reference": "urn:uuid:ab83f4e6-db7d-4e36-ae1f-7aea779b2743"
        },
        "context": {
          "reference": "urn:uuid:64649ee9-054f-488a-aea8-070268e121c9"
        },
        "effectiveDateTime": "2011-12-01T21:05:33-05:00",
        "issued": "2011-12-01T21:05:33.962-05:00",
        "valueQuantity": {
          "value": 175.67435111067715,
          "unit": "mg/dL",
          "system": "http://unitsofmeasure.org",
          "code": "mg/dL"
        }
      }
    },
    {
      "fullUrl": "urn:uuid:decbe198-37c3-4570-9778-281a86e4ab36",
      "resource": {
        "resourceType": "Observation",
        "id": "decbe198-37c3-4570-9778-281a86e4ab36",
        "meta": {
          "profile": [
            "http://standardhealthrecord.org/fhir/StructureDefinition/shr-finding-Observation"
          ]
        },
        "status": "final",
        "category": [
          {
            "coding": [
              {
                "system": "http://hl7.org/fhir/observation-category",
                "code": "laboratory",
                "display": "laboratory"
              }
            ]
          }
        ],
        "code": {
          "coding": [
            {
              "system": "http://loinc.org",
              "code": "2571-8",
              "display": "Triglycerides"
            }
          ],
          "text": "Triglycerides"
        },
        "subject": {
          "reference": "urn:uuid:ab83f4e6-db7d-4e36-ae1f-7aea779b2743"
        },
        "context": {
          "reference": "urn:uuid:64649ee9-054f-488a-aea8-070268e121c9"
        },
        "effectiveDateTime": "2011-12-01T21:05:33-05:00",
        "issued": "2011-12-01T21:05:33.962-05:00",
        "valueQuantity": {
          "value": 123.69428290992963,
          "unit": "mg/dL",
          "system": "http://unitsofmeasure.org",
          "code": "mg/dL"
        }
      }
    },
    {
      "fullUrl": "urn:uuid:372608b6-e0d6-47e8-9e84-1c98789636fc",
      "resource": {
        "resourceType": "Observation",
        "id": "372608b6-e0d6-47e8-9e84-1c98789636fc",
        "meta": {
          "profile": [
            "http://standardhealthrecord.org/fhir/StructureDefinition/shr-finding-Observation"
          ]
        },
        "status": "final",
        "category": [
          {
            "coding": [
              {
                "system": "http://hl7.org/fhir/observation-category",
                "code": "laboratory",
                "display": "laboratory"
              }
            ]
          }
        ],
        "code": {
          "coding": [
            {
              "system": "http://loinc.org",
              "code": "18262-6",
              "display": "Low Density Lipoprotein Cholesterol"
            }
          ],
          "text": "Low Density Lipoprotein Cholesterol"
        },
        "subject": {
          "reference": "urn:uuid:ab83f4e6-db7d-4e36-ae1f-7aea779b2743"
        },
        "context": {
          "reference": "urn:uuid:64649ee9-054f-488a-aea8-070268e121c9"
        },
        "effectiveDateTime": "2011-12-01T21:05:33-05:00",
        "issued": "2011-12-01T21:05:33.962-05:00",
        "valueQuantity": {
          "value": 71.46149460803547,
          "unit": "mg/dL",
          "system": "http://unitsofmeasure.org",
          "code": "mg/dL"
        }
      }
    },
    {
      "fullUrl": "urn:uuid:2386c542-1779-4513-8923-9c30c4ac4793",
      "resource": {
        "resourceType": "Observation",
        "id": "2386c542-1779-4513-8923-9c30c4ac4793",
        "meta": {
          "profile": [
            "http://standardhealthrecord.org/fhir/StructureDefinition/shr-finding-Observation"
          ]
        },
        "status": "final",
        "category": [
          {
            "coding": [
              {
                "system": "http://hl7.org/fhir/observation-category",
                "code": "laboratory",
                "display": "laboratory"
              }
            ]
          }
        ],
        "code": {
          "coding": [
            {
              "system": "http://loinc.org",
              "code": "2085-9",
              "display": "High Density Lipoprotein Cholesterol"
            }
          ],
          "text": "High Density Lipoprotein Cholesterol"
        },
        "subject": {
          "reference": "urn:uuid:ab83f4e6-db7d-4e36-ae1f-7aea779b2743"
        },
        "context": {
          "reference": "urn:uuid:64649ee9-054f-488a-aea8-070268e121c9"
        },
        "effectiveDateTime": "2011-12-01T21:05:33-05:00",
        "issued": "2011-12-01T21:05:33.962-05:00",
        "valueQuantity": {
          "value": 79.47399992065576,
          "unit": "mg/dL",
          "system": "http://unitsofmeasure.org",
          "code": "mg/dL"
        }
      }
    },
    {
      "fullUrl": "urn:uuid:cecdc630-2ad8-4a76-896c-ba11c3b8b6dc",
      "resource": {
        "resourceType": "Immunization",
        "id": "cecdc630-2ad8-4a76-896c-ba11c3b8b6dc",
        "meta": {
          "profile": [
            "http://standardhealthrecord.org/fhir/StructureDefinition/shr-immunization-ImmunizationGiven"
          ]
        },
        "extension": [
          {
            "url": "http://standardhealthrecord.org/fhir/StructureDefinition/shr-action-PerformedContext-extension",
            "extension": [
              {
                "url": "http://standardhealthrecord.org/fhir/StructureDefinition/shr-action-Status-extension",
                "valueCode": "completed"
              }
            ]
          }
        ],
        "status": "completed",
        "notGiven": false,
        "vaccineCode": {
          "coding": [
            {
              "system": "http://hl7.org/fhir/sid/cvx",
              "code": "140",
              "display": "Influenza, seasonal, injectable, preservative free"
            }
          ],
          "text": "Influenza, seasonal, injectable, preservative free"
        },
        "patient": {
          "reference": "urn:uuid:ab83f4e6-db7d-4e36-ae1f-7aea779b2743"
        },
        "encounter": {
          "reference": "urn:uuid:64649ee9-054f-488a-aea8-070268e121c9"
        },
        "date": "2011-12-01T21:05:33-05:00",
        "primarySource": true
      }
    },
    {
      "fullUrl": "urn:uuid:6f9e336e-8493-4084-b5c4-3b8f81ffe8c3",
      "resource": {
        "resourceType": "Immunization",
        "id": "6f9e336e-8493-4084-b5c4-3b8f81ffe8c3",
        "meta": {
          "profile": [
            "http://standardhealthrecord.org/fhir/StructureDefinition/shr-immunization-ImmunizationGiven"
          ]
        },
        "extension": [
          {
            "url": "http://standardhealthrecord.org/fhir/StructureDefinition/shr-action-PerformedContext-extension",
            "extension": [
              {
                "url": "http://standardhealthrecord.org/fhir/StructureDefinition/shr-action-Status-extension",
                "valueCode": "completed"
              }
            ]
          }
        ],
        "status": "completed",
        "notGiven": false,
        "vaccineCode": {
          "coding": [
            {
              "system": "http://hl7.org/fhir/sid/cvx",
              "code": "113",
              "display": "Td (adult) preservative free"
            }
          ],
          "text": "Td (adult) preservative free"
        },
        "patient": {
          "reference": "urn:uuid:ab83f4e6-db7d-4e36-ae1f-7aea779b2743"
        },
        "encounter": {
          "reference": "urn:uuid:64649ee9-054f-488a-aea8-070268e121c9"
        },
        "date": "2011-12-01T21:05:33-05:00",
        "primarySource": true
      }
    },
    {
      "fullUrl": "urn:uuid:a9c53c4c-813d-4afd-97ff-2b1ca18ede7b",
      "resource": {
        "resourceType": "DiagnosticReport",
        "id": "a9c53c4c-813d-4afd-97ff-2b1ca18ede7b",
        "status": "final",
        "code": {
          "coding": [
            {
              "system": "http://loinc.org",
              "code": "57698-3",
              "display": "Lipid Panel"
            }
          ],
          "text": "Lipid Panel"
        },
        "subject": {
          "reference": "urn:uuid:ab83f4e6-db7d-4e36-ae1f-7aea779b2743"
        },
        "context": {
          "reference": "urn:uuid:64649ee9-054f-488a-aea8-070268e121c9"
        },
        "effectiveDateTime": "2011-12-01T21:05:33-05:00",
        "issued": "2011-12-01T21:05:33.962-05:00",
        "result": [
          {
            "reference": "urn:uuid:cfcc4af3-d2e3-4ded-9f40-25f3cbc0ffa1",
            "display": "Blood Pressure"
          },
          {
            "reference": "urn:uuid:fcfc5c5d-39ad-474c-9de6-59a7a942bba1",
            "display": "Total Cholesterol"
          },
          {
            "reference": "urn:uuid:decbe198-37c3-4570-9778-281a86e4ab36",
            "display": "Triglycerides"
          },
          {
            "reference": "urn:uuid:372608b6-e0d6-47e8-9e84-1c98789636fc",
            "display": "Low Density Lipoprotein Cholesterol"
          }
        ]
      }
    },
    {
      "fullUrl": "urn:uuid:414f1fce-4717-4cd9-9032-690af4edc7df",
      "resource": {
        "resourceType": "Claim",
        "id": "414f1fce-4717-4cd9-9032-690af4edc7df",
        "status": "active",
        "use": "complete",
        "patient": {
          "reference": "urn:uuid:ab83f4e6-db7d-4e36-ae1f-7aea779b2743"
        },
        "billablePeriod": {
          "start": "2011-12-01T21:05:33-05:00",
          "end": "2011-12-01T21:05:33-05:00"
        },
        "organization": {
          "reference": "urn:uuid:a87be3c1-dbdc-4f1f-9380-824e57d8d2d1"
        },
        "information": [
          {
            "sequence": 1,
            "category": {
              "coding": [
                {
                  "system": "http://hl7.org/fhir/claiminformationcategory",
                  "code": "info"
                }
              ]
            },
            "valueReference": {
              "reference": "urn:uuid:cecdc630-2ad8-4a76-896c-ba11c3b8b6dc"
            }
          },
          {
            "sequence": 2,
            "category": {
              "coding": [
                {
                  "system": "http://hl7.org/fhir/claiminformationcategory",
                  "code": "info"
                }
              ]
            },
            "valueReference": {
              "reference": "urn:uuid:6f9e336e-8493-4084-b5c4-3b8f81ffe8c3"
            }
          }
        ],
        "item": [
          {
            "sequence": 1,
            "encounter": [
              {
                "reference": "urn:uuid:64649ee9-054f-488a-aea8-070268e121c9"
              }
            ]
          },
          {
            "sequence": 2,
            "informationLinkId": [
              1
            ],
            "net": {
              "value": 136.00,
              "system": "urn:iso:std:iso:4217",
              "code": "USD"
            }
          },
          {
            "sequence": 3,
            "informationLinkId": [
              2
            ],
            "net": {
              "value": 136.00,
              "system": "urn:iso:std:iso:4217",
              "code": "USD"
            }
          }
        ],
        "total": {
          "value": 397.00,
          "system": "urn:iso:std:iso:4217",
          "code": "USD"
        }
      }
    },
    {
      "fullUrl": "urn:uuid:0503d10e-495c-4d1a-bae6-404a3e08864f",
      "resource": {
        "resourceType": "Encounter",
        "id": "0503d10e-495c-4d1a-bae6-404a3e08864f",
        "meta": {
          "profile": [
            "http://standardhealthrecord.org/fhir/StructureDefinition/shr-encounter-EncounterPerformed"
          ]
        },
        "extension": [
          {
            "url": "http://standardhealthrecord.org/fhir/StructureDefinition/shr-action-PerformedContext-extension",
            "extension": [
              {
                "url": "http://standardhealthrecord.org/fhir/StructureDefinition/shr-action-Status-extension",
                "valueCode": "finished"
              }
            ]
          }
        ],
        "status": "finished",
        "class": {
          "code": "WELLNESS"
        },
        "type": [
          {
            "coding": [
              {
                "system": "http://snomed.info/sct",
                "code": "185349003",
                "display": "Encounter for check up (procedure)"
              }
            ],
            "text": "Encounter for check up (procedure)"
          }
        ],
        "subject": {
          "reference": "urn:uuid:ab83f4e6-db7d-4e36-ae1f-7aea779b2743"
        },
        "period": {
          "start": "2014-12-04T21:05:33-05:00",
          "end": "2014-12-04T21:05:33-05:00"
        },
        "serviceProvider": {
          "reference": "urn:uuid:a87be3c1-dbdc-4f1f-9380-824e57d8d2d1"
        }
      }
    },
    {
      "fullUrl": "urn:uuid:1c1014b0-2127-401e-9139-d9745a976b92",
      "resource": {
        "resourceType": "Observation",
        "id": "1c1014b0-2127-401e-9139-d9745a976b92",
        "meta": {
          "profile": [
            "http://standardhealthrecord.org/fhir/StructureDefinition/shr-finding-Observation",
            "http://standardhealthrecord.org/fhir/StructureDefinition/shr-vital-VitalSign",
            "http://standardhealthrecord.org/fhir/StructureDefinition/shr-vital-BodyHeight"
          ]
        },
        "status": "final",
        "category": [
          {
            "coding": [
              {
                "system": "http://hl7.org/fhir/observation-category",
                "code": "vital-signs",
                "display": "vital-signs"
              }
            ]
          }
        ],
        "code": {
          "coding": [
            {
              "system": "http://loinc.org",
              "code": "8302-2",
              "display": "Body Height"
            }
          ],
          "text": "Body Height"
        },
        "subject": {
          "reference": "urn:uuid:ab83f4e6-db7d-4e36-ae1f-7aea779b2743"
        },
        "context": {
          "reference": "urn:uuid:0503d10e-495c-4d1a-bae6-404a3e08864f"
        },
        "effectiveDateTime": "2014-12-04T21:05:33-05:00",
        "issued": "2014-12-04T21:05:33.962-05:00",
        "valueQuantity": {
          "value": 170.47160581004144,
          "unit": "cm",
          "system": "http://unitsofmeasure.org",
          "code": "cm"
        }
      }
    },
    {
      "fullUrl": "urn:uuid:7a9bf4bd-7eeb-4680-afdf-0f4913184d57",
      "resource": {
        "resourceType": "Observation",
        "id": "7a9bf4bd-7eeb-4680-afdf-0f4913184d57",
        "meta": {
          "profile": [
            "http://standardhealthrecord.org/fhir/StructureDefinition/shr-finding-Observation",
            "http://standardhealthrecord.org/fhir/StructureDefinition/shr-vital-VitalSign",
            "http://standardhealthrecord.org/fhir/StructureDefinition/shr-vital-BodyWeight"
          ]
        },
        "status": "final",
        "category": [
          {
            "coding": [
              {
                "system": "http://hl7.org/fhir/observation-category",
                "code": "vital-signs",
                "display": "vital-signs"
              }
            ]
          }
        ],
        "code": {
          "coding": [
            {
              "system": "http://loinc.org",
              "code": "29463-7",
              "display": "Body Weight"
            }
          ],
          "text": "Body Weight"
        },
        "subject": {
          "reference": "urn:uuid:ab83f4e6-db7d-4e36-ae1f-7aea779b2743"
        },
        "context": {
          "reference": "urn:uuid:0503d10e-495c-4d1a-bae6-404a3e08864f"
        },
        "effectiveDateTime": "2014-12-04T21:05:33-05:00",
        "issued": "2014-12-04T21:05:33.962-05:00",
        "valueQuantity": {
          "value": 73.50608018419189,
          "unit": "kg",
          "system": "http://unitsofmeasure.org",
          "code": "kg"
        }
      }
    },
    {
      "fullUrl": "urn:uuid:5058d0f8-0911-40f4-9edd-aee16f7d3b7b",
      "resource": {
        "resourceType": "Observation",
        "id": "5058d0f8-0911-40f4-9edd-aee16f7d3b7b",
        "meta": {
          "profile": [
            "http://standardhealthrecord.org/fhir/StructureDefinition/shr-finding-Observation",
            "http://standardhealthrecord.org/fhir/StructureDefinition/shr-vital-VitalSign",
            "http://standardhealthrecord.org/fhir/StructureDefinition/shr-vital-BodyMassIndex"
          ]
        },
        "status": "final",
        "category": [
          {
            "coding": [
              {
                "system": "http://hl7.org/fhir/observation-category",
                "code": "vital-signs",
                "display": "vital-signs"
              }
            ]
          }
        ],
        "code": {
          "coding": [
            {
              "system": "http://loinc.org",
              "code": "39156-5",
              "display": "Body Mass Index"
            }
          ],
          "text": "Body Mass Index"
        },
        "subject": {
          "reference": "urn:uuid:ab83f4e6-db7d-4e36-ae1f-7aea779b2743"
        },
        "context": {
          "reference": "urn:uuid:0503d10e-495c-4d1a-bae6-404a3e08864f"
        },
        "effectiveDateTime": "2014-12-04T21:05:33-05:00",
        "issued": "2014-12-04T21:05:33.962-05:00",
        "valueQuantity": {
          "value": 25.29409583603515,
          "unit": "kg/m2",
          "system": "http://unitsofmeasure.org",
          "code": "kg/m2"
        }
      }
    },
    {
      "fullUrl": "urn:uuid:b4f0739c-52df-409b-856e-045998da0b75",
      "resource": {
        "resourceType": "Observation",
        "id": "b4f0739c-52df-409b-856e-045998da0b75",
        "meta": {
          "profile": [
            "http://standardhealthrecord.org/fhir/StructureDefinition/shr-finding-Observation",
            "http://standardhealthrecord.org/fhir/StructureDefinition/shr-vital-VitalSign",
            "http://standardhealthrecord.org/fhir/StructureDefinition/shr-vital-BloodPressure"
          ]
        },
        "status": "final",
        "category": [
          {
            "coding": [
              {
                "system": "http://hl7.org/fhir/observation-category",
                "code": "vital-signs",
                "display": "vital-signs"
              }
            ]
          }
        ],
        "code": {
          "coding": [
            {
              "system": "http://loinc.org",
              "code": "55284-4",
              "display": "Blood Pressure"
            }
          ],
          "text": "Blood Pressure"
        },
        "subject": {
          "reference": "urn:uuid:ab83f4e6-db7d-4e36-ae1f-7aea779b2743"
        },
        "context": {
          "reference": "urn:uuid:0503d10e-495c-4d1a-bae6-404a3e08864f"
        },
        "effectiveDateTime": "2014-12-04T21:05:33-05:00",
        "issued": "2014-12-04T21:05:33.962-05:00",
        "component": [
          {
            "code": {
              "coding": [
                {
                  "system": "http://loinc.org",
                  "code": "8462-4",
                  "display": "Diastolic Blood Pressure"
                }
              ],
              "text": "Diastolic Blood Pressure"
            },
            "valueQuantity": {
              "value": 84.51277543377867,
              "unit": "mmHg",
              "system": "http://unitsofmeasure.org",
              "code": "mmHg"
            }
          },
          {
            "code": {
              "coding": [
                {
                  "system": "http://loinc.org",
                  "code": "8480-6",
                  "display": "Systolic Blood Pressure"
                }
              ],
              "text": "Systolic Blood Pressure"
            },
            "valueQuantity": {
              "value": 138.5565322097767,
              "unit": "mmHg",
              "system": "http://unitsofmeasure.org",
              "code": "mmHg"
            }
          }
        ]
      }
    },
    {
      "fullUrl": "urn:uuid:6385cc1d-4914-4604-9da8-da205deafd0e",
      "resource": {
        "resourceType": "Observation",
        "id": "6385cc1d-4914-4604-9da8-da205deafd0e",
        "meta": {
          "profile": [
            "http://standardhealthrecord.org/fhir/StructureDefinition/shr-finding-Observation"
          ]
        },
        "status": "final",
        "category": [
          {
            "coding": [
              {
                "system": "http://hl7.org/fhir/observation-category",
                "code": "laboratory",
                "display": "laboratory"
              }
            ]
          }
        ],
        "code": {
          "coding": [
            {
              "system": "http://loinc.org",
              "code": "2093-3",
              "display": "Total Cholesterol"
            }
          ],
          "text": "Total Cholesterol"
        },
        "subject": {
          "reference": "urn:uuid:ab83f4e6-db7d-4e36-ae1f-7aea779b2743"
        },
        "context": {
          "reference": "urn:uuid:0503d10e-495c-4d1a-bae6-404a3e08864f"
        },
        "effectiveDateTime": "2014-12-04T21:05:33-05:00",
        "issued": "2014-12-04T21:05:33.962-05:00",
        "valueQuantity": {
          "value": 175.31163775896573,
          "unit": "mg/dL",
          "system": "http://unitsofmeasure.org",
          "code": "mg/dL"
        }
      }
    },
    {
      "fullUrl": "urn:uuid:da01badc-5a94-4c7d-8a79-c9a9f9cd2b0e",
      "resource": {
        "resourceType": "Observation",
        "id": "da01badc-5a94-4c7d-8a79-c9a9f9cd2b0e",
        "meta": {
          "profile": [
            "http://standardhealthrecord.org/fhir/StructureDefinition/shr-finding-Observation"
          ]
        },
        "status": "final",
        "category": [
          {
            "coding": [
              {
                "system": "http://hl7.org/fhir/observation-category",
                "code": "laboratory",
                "display": "laboratory"
              }
            ]
          }
        ],
        "code": {
          "coding": [
            {
              "system": "http://loinc.org",
              "code": "2571-8",
              "display": "Triglycerides"
            }
          ],
          "text": "Triglycerides"
        },
        "subject": {
          "reference": "urn:uuid:ab83f4e6-db7d-4e36-ae1f-7aea779b2743"
        },
        "context": {
          "reference": "urn:uuid:0503d10e-495c-4d1a-bae6-404a3e08864f"
        },
        "effectiveDateTime": "2014-12-04T21:05:33-05:00",
        "issued": "2014-12-04T21:05:33.962-05:00",
        "valueQuantity": {
          "value": 131.1696463603005,
          "unit": "mg/dL",
          "system": "http://unitsofmeasure.org",
          "code": "mg/dL"
        }
      }
    },
    {
      "fullUrl": "urn:uuid:c85c40f8-af42-44a3-a1ea-d42b5e5992df",
      "resource": {
        "resourceType": "Observation",
        "id": "c85c40f8-af42-44a3-a1ea-d42b5e5992df",
        "meta": {
          "profile": [
            "http://standardhealthrecord.org/fhir/StructureDefinition/shr-finding-Observation"
          ]
        },
        "status": "final",
        "category": [
          {
            "coding": [
              {
                "system": "http://hl7.org/fhir/observation-category",
                "code": "laboratory",
                "display": "laboratory"
              }
            ]
          }
        ],
        "code": {
          "coding": [
            {
              "system": "http://loinc.org",
              "code": "18262-6",
              "display": "Low Density Lipoprotein Cholesterol"
            }
          ],
          "text": "Low Density Lipoprotein Cholesterol"
        },
        "subject": {
          "reference": "urn:uuid:ab83f4e6-db7d-4e36-ae1f-7aea779b2743"
        },
        "context": {
          "reference": "urn:uuid:0503d10e-495c-4d1a-bae6-404a3e08864f"
        },
        "effectiveDateTime": "2014-12-04T21:05:33-05:00",
        "issued": "2014-12-04T21:05:33.962-05:00",
        "valueQuantity": {
          "value": 71.2799456051282,
          "unit": "mg/dL",
          "system": "http://unitsofmeasure.org",
          "code": "mg/dL"
        }
      }
    },
    {
      "fullUrl": "urn:uuid:6bb3bb3d-cf89-4682-b209-aba576d4e9a5",
      "resource": {
        "resourceType": "Observation",
        "id": "6bb3bb3d-cf89-4682-b209-aba576d4e9a5",
        "meta": {
          "profile": [
            "http://standardhealthrecord.org/fhir/StructureDefinition/shr-finding-Observation"
          ]
        },
        "status": "final",
        "category": [
          {
            "coding": [
              {
                "system": "http://hl7.org/fhir/observation-category",
                "code": "laboratory",
                "display": "laboratory"
              }
            ]
          }
        ],
        "code": {
          "coding": [
            {
              "system": "http://loinc.org",
              "code": "2085-9",
              "display": "High Density Lipoprotein Cholesterol"
            }
          ],
          "text": "High Density Lipoprotein Cholesterol"
        },
        "subject": {
          "reference": "urn:uuid:ab83f4e6-db7d-4e36-ae1f-7aea779b2743"
        },
        "context": {
          "reference": "urn:uuid:0503d10e-495c-4d1a-bae6-404a3e08864f"
        },
        "effectiveDateTime": "2014-12-04T21:05:33-05:00",
        "issued": "2014-12-04T21:05:33.962-05:00",
        "valueQuantity": {
          "value": 77.79776288177743,
          "unit": "mg/dL",
          "system": "http://unitsofmeasure.org",
          "code": "mg/dL"
        }
      }
    },
    {
      "fullUrl": "urn:uuid:831616b0-81a8-4b5c-ad50-ac5c948ac9a5",
      "resource": {
        "resourceType": "Immunization",
        "id": "831616b0-81a8-4b5c-ad50-ac5c948ac9a5",
        "meta": {
          "profile": [
            "http://standardhealthrecord.org/fhir/StructureDefinition/shr-immunization-ImmunizationGiven"
          ]
        },
        "extension": [
          {
            "url": "http://standardhealthrecord.org/fhir/StructureDefinition/shr-action-PerformedContext-extension",
            "extension": [
              {
                "url": "http://standardhealthrecord.org/fhir/StructureDefinition/shr-action-Status-extension",
                "valueCode": "completed"
              }
            ]
          }
        ],
        "status": "completed",
        "notGiven": false,
        "vaccineCode": {
          "coding": [
            {
              "system": "http://hl7.org/fhir/sid/cvx",
              "code": "140",
              "display": "Influenza, seasonal, injectable, preservative free"
            }
          ],
          "text": "Influenza, seasonal, injectable, preservative free"
        },
        "patient": {
          "reference": "urn:uuid:ab83f4e6-db7d-4e36-ae1f-7aea779b2743"
        },
        "encounter": {
          "reference": "urn:uuid:0503d10e-495c-4d1a-bae6-404a3e08864f"
        },
        "date": "2014-12-04T21:05:33-05:00",
        "primarySource": true
      }
    },
    {
      "fullUrl": "urn:uuid:44e3e1a0-a902-43d4-80a0-72e911cbcf0d",
      "resource": {
        "resourceType": "DiagnosticReport",
        "id": "44e3e1a0-a902-43d4-80a0-72e911cbcf0d",
        "status": "final",
        "code": {
          "coding": [
            {
              "system": "http://loinc.org",
              "code": "57698-3",
              "display": "Lipid Panel"
            }
          ],
          "text": "Lipid Panel"
        },
        "subject": {
          "reference": "urn:uuid:ab83f4e6-db7d-4e36-ae1f-7aea779b2743"
        },
        "context": {
          "reference": "urn:uuid:0503d10e-495c-4d1a-bae6-404a3e08864f"
        },
        "effectiveDateTime": "2014-12-04T21:05:33-05:00",
        "issued": "2014-12-04T21:05:33.962-05:00",
        "result": [
          {
            "reference": "urn:uuid:b4f0739c-52df-409b-856e-045998da0b75",
            "display": "Blood Pressure"
          },
          {
            "reference": "urn:uuid:6385cc1d-4914-4604-9da8-da205deafd0e",
            "display": "Total Cholesterol"
          },
          {
            "reference": "urn:uuid:da01badc-5a94-4c7d-8a79-c9a9f9cd2b0e",
            "display": "Triglycerides"
          },
          {
            "reference": "urn:uuid:c85c40f8-af42-44a3-a1ea-d42b5e5992df",
            "display": "Low Density Lipoprotein Cholesterol"
          }
        ]
      }
    },
    {
      "fullUrl": "urn:uuid:ab018bb0-704d-4971-b7b3-088d22519ab3",
      "resource": {
        "resourceType": "Claim",
        "id": "ab018bb0-704d-4971-b7b3-088d22519ab3",
        "status": "active",
        "use": "complete",
        "patient": {
          "reference": "urn:uuid:ab83f4e6-db7d-4e36-ae1f-7aea779b2743"
        },
        "billablePeriod": {
          "start": "2014-12-04T21:05:33-05:00",
          "end": "2014-12-04T21:05:33-05:00"
        },
        "organization": {
          "reference": "urn:uuid:a87be3c1-dbdc-4f1f-9380-824e57d8d2d1"
        },
        "information": [
          {
            "sequence": 1,
            "category": {
              "coding": [
                {
                  "system": "http://hl7.org/fhir/claiminformationcategory",
                  "code": "info"
                }
              ]
            },
            "valueReference": {
              "reference": "urn:uuid:831616b0-81a8-4b5c-ad50-ac5c948ac9a5"
            }
          }
        ],
        "item": [
          {
            "sequence": 1,
            "encounter": [
              {
                "reference": "urn:uuid:0503d10e-495c-4d1a-bae6-404a3e08864f"
              }
            ]
          },
          {
            "sequence": 2,
            "informationLinkId": [
              1
            ],
            "net": {
              "value": 136.00,
              "system": "urn:iso:std:iso:4217",
              "code": "USD"
            }
          }
        ],
        "total": {
          "value": 261.00,
          "system": "urn:iso:std:iso:4217",
          "code": "USD"
        }
      }
    },
    {
      "fullUrl": "urn:uuid:fe6d8dc0-c5ef-4045-919c-9b12e7c1d701",
      "resource": {
        "resourceType": "Encounter",
        "id": "fe6d8dc0-c5ef-4045-919c-9b12e7c1d701",
        "meta": {
          "profile": [
            "http://standardhealthrecord.org/fhir/StructureDefinition/shr-encounter-EncounterPerformed"
          ]
        },
        "extension": [
          {
            "url": "http://standardhealthrecord.org/fhir/StructureDefinition/shr-action-PerformedContext-extension",
            "extension": [
              {
                "url": "http://standardhealthrecord.org/fhir/StructureDefinition/shr-action-Status-extension",
                "valueCode": "finished"
              }
            ]
          }
        ],
        "status": "finished",
        "class": {
          "code": "ambulatory"
        },
        "type": [
          {
            "coding": [
              {
                "system": "http://snomed.info/sct",
                "code": "185345009",
                "display": "Encounter for symptom"
              }
            ],
            "text": "Encounter for symptom"
          }
        ],
        "subject": {
          "reference": "urn:uuid:ab83f4e6-db7d-4e36-ae1f-7aea779b2743"
        },
        "period": {
          "start": "2015-10-02T22:05:33-04:00",
          "end": "2015-10-02T22:05:33-04:00"
        },
        "reason": [
          {
            "coding": [
              {
                "system": "http://snomed.info/sct",
                "code": "444814009",
                "display": "Viral sinusitis (disorder)"
              }
            ]
          }
        ],
        "serviceProvider": {
          "reference": "urn:uuid:a87be3c1-dbdc-4f1f-9380-824e57d8d2d1"
        }
      }
    },
    {
      "fullUrl": "urn:uuid:e8eea17f-6db1-4d0a-a71b-256dc2f22e10",
      "resource": {
        "resourceType": "Condition",
        "id": "e8eea17f-6db1-4d0a-a71b-256dc2f22e10",
        "meta": {
          "profile": [
            "http://standardhealthrecord.org/fhir/StructureDefinition/shr-condition-Condition"
          ]
        },
        "clinicalStatus": "resolved",
        "verificationStatus": "confirmed",
        "category": [
          {
            "coding": [
              {
                "system": "http://standardhealthrecord.org/shr/condition/vs/ConditionCategoryVS",
                "code": "disease",
                "display": "Disease"
              }
            ]
          }
        ],
        "code": {
          "coding": [
            {
              "system": "http://snomed.info/sct",
              "code": "444814009",
              "display": "Viral sinusitis (disorder)"
            }
          ],
          "text": "Viral sinusitis (disorder)"
        },
        "subject": {
          "reference": "urn:uuid:ab83f4e6-db7d-4e36-ae1f-7aea779b2743"
        },
        "context": {
          "reference": "urn:uuid:fe6d8dc0-c5ef-4045-919c-9b12e7c1d701"
        },
        "onsetDateTime": "2015-10-02T22:05:33-04:00",
        "abatementDateTime": "2015-10-23T22:05:33-04:00",
        "assertedDate": "2015-10-02T22:05:33-04:00"
      }
    },
    {
      "fullUrl": "urn:uuid:36b3bd7a-7ceb-4647-884d-c241555efa26",
      "resource": {
        "resourceType": "Claim",
        "id": "36b3bd7a-7ceb-4647-884d-c241555efa26",
        "status": "active",
        "use": "complete",
        "patient": {
          "reference": "urn:uuid:ab83f4e6-db7d-4e36-ae1f-7aea779b2743"
        },
        "billablePeriod": {
          "start": "2015-10-02T22:05:33-04:00",
          "end": "2015-10-02T22:05:33-04:00"
        },
        "organization": {
          "reference": "urn:uuid:a87be3c1-dbdc-4f1f-9380-824e57d8d2d1"
        },
        "diagnosis": [
          {
            "sequence": 1,
            "diagnosisReference": {
              "reference": "urn:uuid:e8eea17f-6db1-4d0a-a71b-256dc2f22e10"
            }
          }
        ],
        "item": [
          {
            "sequence": 1,
            "encounter": [
              {
                "reference": "urn:uuid:fe6d8dc0-c5ef-4045-919c-9b12e7c1d701"
              }
            ]
          },
          {
            "sequence": 2,
            "diagnosisLinkId": [
              1
            ]
          }
        ],
        "total": {
          "value": 125.00,
          "system": "urn:iso:std:iso:4217",
          "code": "USD"
        }
      }
    },
    {
      "fullUrl": "urn:uuid:6aa80e26-5574-4762-a7d4-a1a8ff08c9d8",
      "resource": {
        "resourceType": "Encounter",
        "id": "6aa80e26-5574-4762-a7d4-a1a8ff08c9d8",
        "meta": {
          "profile": [
            "http://standardhealthrecord.org/fhir/StructureDefinition/shr-encounter-EncounterPerformed"
          ]
        },
        "extension": [
          {
            "url": "http://standardhealthrecord.org/fhir/StructureDefinition/shr-action-PerformedContext-extension",
            "extension": [
              {
                "url": "http://standardhealthrecord.org/fhir/StructureDefinition/shr-action-Status-extension",
                "valueCode": "finished"
              }
            ]
          }
        ],
        "status": "finished",
        "class": {
          "code": "WELLNESS"
        },
        "type": [
          {
            "coding": [
              {
                "system": "http://snomed.info/sct",
                "code": "185349003",
                "display": "Encounter for check up (procedure)"
              }
            ],
            "text": "Encounter for check up (procedure)"
          }
        ],
        "subject": {
          "reference": "urn:uuid:ab83f4e6-db7d-4e36-ae1f-7aea779b2743"
        },
        "period": {
          "start": "2017-12-07T21:05:33-05:00",
          "end": "2017-12-07T21:05:33-05:00"
        },
        "serviceProvider": {
          "reference": "urn:uuid:a87be3c1-dbdc-4f1f-9380-824e57d8d2d1"
        }
      }
    },
    {
      "fullUrl": "urn:uuid:c953a63e-8bf1-446d-a53f-71687902aec0",
      "resource": {
        "resourceType": "Observation",
        "id": "c953a63e-8bf1-446d-a53f-71687902aec0",
        "meta": {
          "profile": [
            "http://standardhealthrecord.org/fhir/StructureDefinition/shr-finding-Observation",
            "http://standardhealthrecord.org/fhir/StructureDefinition/shr-vital-VitalSign",
            "http://standardhealthrecord.org/fhir/StructureDefinition/shr-vital-BodyHeight"
          ]
        },
        "status": "final",
        "category": [
          {
            "coding": [
              {
                "system": "http://hl7.org/fhir/observation-category",
                "code": "vital-signs",
                "display": "vital-signs"
              }
            ]
          }
        ],
        "code": {
          "coding": [
            {
              "system": "http://loinc.org",
              "code": "8302-2",
              "display": "Body Height"
            }
          ],
          "text": "Body Height"
        },
        "subject": {
          "reference": "urn:uuid:ab83f4e6-db7d-4e36-ae1f-7aea779b2743"
        },
        "context": {
          "reference": "urn:uuid:6aa80e26-5574-4762-a7d4-a1a8ff08c9d8"
        },
        "effectiveDateTime": "2017-12-07T21:05:33-05:00",
        "issued": "2017-12-07T21:05:33.962-05:00",
        "valueQuantity": {
          "value": 170.47160581004144,
          "unit": "cm",
          "system": "http://unitsofmeasure.org",
          "code": "cm"
        }
      }
    },
    {
      "fullUrl": "urn:uuid:3255d197-0a57-4420-b48f-3e666e297740",
      "resource": {
        "resourceType": "Observation",
        "id": "3255d197-0a57-4420-b48f-3e666e297740",
        "meta": {
          "profile": [
            "http://standardhealthrecord.org/fhir/StructureDefinition/shr-finding-Observation",
            "http://standardhealthrecord.org/fhir/StructureDefinition/shr-vital-VitalSign",
            "http://standardhealthrecord.org/fhir/StructureDefinition/shr-vital-BodyWeight"
          ]
        },
        "status": "final",
        "category": [
          {
            "coding": [
              {
                "system": "http://hl7.org/fhir/observation-category",
                "code": "vital-signs",
                "display": "vital-signs"
              }
            ]
          }
        ],
        "code": {
          "coding": [
            {
              "system": "http://loinc.org",
              "code": "29463-7",
              "display": "Body Weight"
            }
          ],
          "text": "Body Weight"
        },
        "subject": {
          "reference": "urn:uuid:ab83f4e6-db7d-4e36-ae1f-7aea779b2743"
        },
        "context": {
          "reference": "urn:uuid:6aa80e26-5574-4762-a7d4-a1a8ff08c9d8"
        },
        "effectiveDateTime": "2017-12-07T21:05:33-05:00",
        "issued": "2017-12-07T21:05:33.962-05:00",
        "valueQuantity": {
          "value": 78.20481101504826,
          "unit": "kg",
          "system": "http://unitsofmeasure.org",
          "code": "kg"
        }
      }
    },
    {
      "fullUrl": "urn:uuid:5d788e14-1b6c-4118-a7a0-5a9d424d3716",
      "resource": {
        "resourceType": "Observation",
        "id": "5d788e14-1b6c-4118-a7a0-5a9d424d3716",
        "meta": {
          "profile": [
            "http://standardhealthrecord.org/fhir/StructureDefinition/shr-finding-Observation",
            "http://standardhealthrecord.org/fhir/StructureDefinition/shr-vital-VitalSign",
            "http://standardhealthrecord.org/fhir/StructureDefinition/shr-vital-BodyMassIndex"
          ]
        },
        "status": "final",
        "category": [
          {
            "coding": [
              {
                "system": "http://hl7.org/fhir/observation-category",
                "code": "vital-signs",
                "display": "vital-signs"
              }
            ]
          }
        ],
        "code": {
          "coding": [
            {
              "system": "http://loinc.org",
              "code": "39156-5",
              "display": "Body Mass Index"
            }
          ],
          "text": "Body Mass Index"
        },
        "subject": {
          "reference": "urn:uuid:ab83f4e6-db7d-4e36-ae1f-7aea779b2743"
        },
        "context": {
          "reference": "urn:uuid:6aa80e26-5574-4762-a7d4-a1a8ff08c9d8"
        },
        "effectiveDateTime": "2017-12-07T21:05:33-05:00",
        "issued": "2017-12-07T21:05:33.962-05:00",
        "valueQuantity": {
          "value": 26.910970897874922,
          "unit": "kg/m2",
          "system": "http://unitsofmeasure.org",
          "code": "kg/m2"
        }
      }
    },
    {
      "fullUrl": "urn:uuid:e1dbf43c-756b-4ac5-bebd-43b37cf1329d",
      "resource": {
        "resourceType": "Observation",
        "id": "e1dbf43c-756b-4ac5-bebd-43b37cf1329d",
        "meta": {
          "profile": [
            "http://standardhealthrecord.org/fhir/StructureDefinition/shr-finding-Observation",
            "http://standardhealthrecord.org/fhir/StructureDefinition/shr-vital-VitalSign",
            "http://standardhealthrecord.org/fhir/StructureDefinition/shr-vital-BloodPressure"
          ]
        },
        "status": "final",
        "category": [
          {
            "coding": [
              {
                "system": "http://hl7.org/fhir/observation-category",
                "code": "vital-signs",
                "display": "vital-signs"
              }
            ]
          }
        ],
        "code": {
          "coding": [
            {
              "system": "http://loinc.org",
              "code": "55284-4",
              "display": "Blood Pressure"
            }
          ],
          "text": "Blood Pressure"
        },
        "subject": {
          "reference": "urn:uuid:ab83f4e6-db7d-4e36-ae1f-7aea779b2743"
        },
        "context": {
          "reference": "urn:uuid:6aa80e26-5574-4762-a7d4-a1a8ff08c9d8"
        },
        "effectiveDateTime": "2017-12-07T21:05:33-05:00",
        "issued": "2017-12-07T21:05:33.962-05:00",
        "component": [
          {
            "code": {
              "coding": [
                {
                  "system": "http://loinc.org",
                  "code": "8462-4",
                  "display": "Diastolic Blood Pressure"
                }
              ],
              "text": "Diastolic Blood Pressure"
            },
            "valueQuantity": {
              "value": 74.20479973970458,
              "unit": "mmHg",
              "system": "http://unitsofmeasure.org",
              "code": "mmHg"
            }
          },
          {
            "code": {
              "coding": [
                {
                  "system": "http://loinc.org",
                  "code": "8480-6",
                  "display": "Systolic Blood Pressure"
                }
              ],
              "text": "Systolic Blood Pressure"
            },
            "valueQuantity": {
              "value": 107.72421816262981,
              "unit": "mmHg",
              "system": "http://unitsofmeasure.org",
              "code": "mmHg"
            }
          }
        ]
      }
    },
    {
      "fullUrl": "urn:uuid:2a80b672-40ec-41be-a968-e52f19119228",
      "resource": {
        "resourceType": "Observation",
        "id": "2a80b672-40ec-41be-a968-e52f19119228",
        "meta": {
          "profile": [
            "http://standardhealthrecord.org/fhir/StructureDefinition/shr-finding-Observation"
          ]
        },
        "status": "final",
        "category": [
          {
            "coding": [
              {
                "system": "http://hl7.org/fhir/observation-category",
                "code": "laboratory",
                "display": "laboratory"
              }
            ]
          }
        ],
        "code": {
          "coding": [
            {
              "system": "http://loinc.org",
              "code": "2093-3",
              "display": "Total Cholesterol"
            }
          ],
          "text": "Total Cholesterol"
        },
        "subject": {
          "reference": "urn:uuid:ab83f4e6-db7d-4e36-ae1f-7aea779b2743"
        },
        "context": {
          "reference": "urn:uuid:6aa80e26-5574-4762-a7d4-a1a8ff08c9d8"
        },
        "effectiveDateTime": "2017-12-07T21:05:33-05:00",
        "issued": "2017-12-07T21:05:33.962-05:00",
        "valueQuantity": {
          "value": 162.55405769424848,
          "unit": "mg/dL",
          "system": "http://unitsofmeasure.org",
          "code": "mg/dL"
        }
      }
    },
    {
      "fullUrl": "urn:uuid:a77490e3-0a86-4192-a0d3-ade8cad90d60",
      "resource": {
        "resourceType": "Observation",
        "id": "a77490e3-0a86-4192-a0d3-ade8cad90d60",
        "meta": {
          "profile": [
            "http://standardhealthrecord.org/fhir/StructureDefinition/shr-finding-Observation"
          ]
        },
        "status": "final",
        "category": [
          {
            "coding": [
              {
                "system": "http://hl7.org/fhir/observation-category",
                "code": "laboratory",
                "display": "laboratory"
              }
            ]
          }
        ],
        "code": {
          "coding": [
            {
              "system": "http://loinc.org",
              "code": "2571-8",
              "display": "Triglycerides"
            }
          ],
          "text": "Triglycerides"
        },
        "subject": {
          "reference": "urn:uuid:ab83f4e6-db7d-4e36-ae1f-7aea779b2743"
        },
        "context": {
          "reference": "urn:uuid:6aa80e26-5574-4762-a7d4-a1a8ff08c9d8"
        },
        "effectiveDateTime": "2017-12-07T21:05:33-05:00",
        "issued": "2017-12-07T21:05:33.962-05:00",
        "valueQuantity": {
          "value": 147.64588908177194,
          "unit": "mg/dL",
          "system": "http://unitsofmeasure.org",
          "code": "mg/dL"
        }
      }
    },
    {
      "fullUrl": "urn:uuid:49dc74a1-7c3b-4d8d-9daf-2da08d8ee0ef",
      "resource": {
        "resourceType": "Observation",
        "id": "49dc74a1-7c3b-4d8d-9daf-2da08d8ee0ef",
        "meta": {
          "profile": [
            "http://standardhealthrecord.org/fhir/StructureDefinition/shr-finding-Observation"
          ]
        },
        "status": "final",
        "category": [
          {
            "coding": [
              {
                "system": "http://hl7.org/fhir/observation-category",
                "code": "laboratory",
                "display": "laboratory"
              }
            ]
          }
        ],
        "code": {
          "coding": [
            {
              "system": "http://loinc.org",
              "code": "18262-6",
              "display": "Low Density Lipoprotein Cholesterol"
            }
          ],
          "text": "Low Density Lipoprotein Cholesterol"
        },
        "subject": {
          "reference": "urn:uuid:ab83f4e6-db7d-4e36-ae1f-7aea779b2743"
        },
        "context": {
          "reference": "urn:uuid:6aa80e26-5574-4762-a7d4-a1a8ff08c9d8"
        },
        "effectiveDateTime": "2017-12-07T21:05:33-05:00",
        "issued": "2017-12-07T21:05:33.962-05:00",
        "valueQuantity": {
          "value": 64.84072162691307,
          "unit": "mg/dL",
          "system": "http://unitsofmeasure.org",
          "code": "mg/dL"
        }
      }
    },
    {
      "fullUrl": "urn:uuid:0c52619c-ebd5-469f-92a5-7d2e9c57f05f",
      "resource": {
        "resourceType": "Observation",
        "id": "0c52619c-ebd5-469f-92a5-7d2e9c57f05f",
        "meta": {
          "profile": [
            "http://standardhealthrecord.org/fhir/StructureDefinition/shr-finding-Observation"
          ]
        },
        "status": "final",
        "category": [
          {
            "coding": [
              {
                "system": "http://hl7.org/fhir/observation-category",
                "code": "laboratory",
                "display": "laboratory"
              }
            ]
          }
        ],
        "code": {
          "coding": [
            {
              "system": "http://loinc.org",
              "code": "2085-9",
              "display": "High Density Lipoprotein Cholesterol"
            }
          ],
          "text": "High Density Lipoprotein Cholesterol"
        },
        "subject": {
          "reference": "urn:uuid:ab83f4e6-db7d-4e36-ae1f-7aea779b2743"
        },
        "context": {
          "reference": "urn:uuid:6aa80e26-5574-4762-a7d4-a1a8ff08c9d8"
        },
        "effectiveDateTime": "2017-12-07T21:05:33-05:00",
        "issued": "2017-12-07T21:05:33.962-05:00",
        "valueQuantity": {
          "value": 68.18415825098103,
          "unit": "mg/dL",
          "system": "http://unitsofmeasure.org",
          "code": "mg/dL"
        }
      }
    },
    {
      "fullUrl": "urn:uuid:8304533c-adca-4b0f-a255-2a3396c15840",
      "resource": {
        "resourceType": "Immunization",
        "id": "8304533c-adca-4b0f-a255-2a3396c15840",
        "meta": {
          "profile": [
            "http://standardhealthrecord.org/fhir/StructureDefinition/shr-immunization-ImmunizationGiven"
          ]
        },
        "extension": [
          {
            "url": "http://standardhealthrecord.org/fhir/StructureDefinition/shr-action-PerformedContext-extension",
            "extension": [
              {
                "url": "http://standardhealthrecord.org/fhir/StructureDefinition/shr-action-Status-extension",
                "valueCode": "completed"
              }
            ]
          }
        ],
        "status": "completed",
        "notGiven": false,
        "vaccineCode": {
          "coding": [
            {
              "system": "http://hl7.org/fhir/sid/cvx",
              "code": "140",
              "display": "Influenza, seasonal, injectable, preservative free"
            }
          ],
          "text": "Influenza, seasonal, injectable, preservative free"
        },
        "patient": {
          "reference": "urn:uuid:ab83f4e6-db7d-4e36-ae1f-7aea779b2743"
        },
        "encounter": {
          "reference": "urn:uuid:6aa80e26-5574-4762-a7d4-a1a8ff08c9d8"
        },
        "date": "2017-12-07T21:05:33-05:00",
        "primarySource": true
      }
    },
    {
      "fullUrl": "urn:uuid:3616cf53-216a-432b-a2f9-d3e1af3d944e",
      "resource": {
        "resourceType": "DiagnosticReport",
        "id": "3616cf53-216a-432b-a2f9-d3e1af3d944e",
        "status": "final",
        "code": {
          "coding": [
            {
              "system": "http://loinc.org",
              "code": "57698-3",
              "display": "Lipid Panel"
            }
          ],
          "text": "Lipid Panel"
        },
        "subject": {
          "reference": "urn:uuid:ab83f4e6-db7d-4e36-ae1f-7aea779b2743"
        },
        "context": {
          "reference": "urn:uuid:6aa80e26-5574-4762-a7d4-a1a8ff08c9d8"
        },
        "effectiveDateTime": "2017-12-07T21:05:33-05:00",
        "issued": "2017-12-07T21:05:33.962-05:00",
        "result": [
          {
            "reference": "urn:uuid:e1dbf43c-756b-4ac5-bebd-43b37cf1329d",
            "display": "Blood Pressure"
          },
          {
            "reference": "urn:uuid:2a80b672-40ec-41be-a968-e52f19119228",
            "display": "Total Cholesterol"
          },
          {
            "reference": "urn:uuid:a77490e3-0a86-4192-a0d3-ade8cad90d60",
            "display": "Triglycerides"
          },
          {
            "reference": "urn:uuid:49dc74a1-7c3b-4d8d-9daf-2da08d8ee0ef",
            "display": "Low Density Lipoprotein Cholesterol"
          }
        ]
      }
    },
    {
      "fullUrl": "urn:uuid:a23bf1e1-3dcc-4ba4-9cc9-159d65aaf30c",
      "resource": {
        "resourceType": "Claim",
        "id": "a23bf1e1-3dcc-4ba4-9cc9-159d65aaf30c",
        "status": "active",
        "use": "complete",
        "patient": {
          "reference": "urn:uuid:ab83f4e6-db7d-4e36-ae1f-7aea779b2743"
        },
        "billablePeriod": {
          "start": "2017-12-07T21:05:33-05:00",
          "end": "2017-12-07T21:05:33-05:00"
        },
        "organization": {
          "reference": "urn:uuid:a87be3c1-dbdc-4f1f-9380-824e57d8d2d1"
        },
        "information": [
          {
            "sequence": 1,
            "category": {
              "coding": [
                {
                  "system": "http://hl7.org/fhir/claiminformationcategory",
                  "code": "info"
                }
              ]
            },
            "valueReference": {
              "reference": "urn:uuid:8304533c-adca-4b0f-a255-2a3396c15840"
            }
          }
        ],
        "item": [
          {
            "sequence": 1,
            "encounter": [
              {
                "reference": "urn:uuid:6aa80e26-5574-4762-a7d4-a1a8ff08c9d8"
              }
            ]
          },
          {
            "sequence": 2,
            "informationLinkId": [
              1
            ],
            "net": {
              "value": 136.00,
              "system": "urn:iso:std:iso:4217",
              "code": "USD"
            }
          }
        ],
        "total": {
          "value": 261.00,
          "system": "urn:iso:std:iso:4217",
          "code": "USD"
        }
      }
    }
  ]
}
