{
  "resourceType": "Bundle",
  "type": "collection",
  "entry": [
    {
      "fullUrl": "urn:uuid:e08e42bb-3e1c-4ded-9a5c-2f2bbb5e165c",
      "resource": {
        "resourceType": "Basic",
        "id": "e08e42bb-3e1c-4ded-9a5c-2f2bbb5e165c",
        "meta": {
          "profile": [
            "http://standardhealthrecord.org/fhir/StructureDefinition/shr-entity-Person"
          ]
        },
        "code": {
          "coding": [
            {
              "system": "http://standardhealthrecord.org/fhir/basic-resource-type",
              "code": "shr-entity-Person",
              "display": "shr-entity-Person"
            }
          ]
        }
      }
    },
    {
      "fullUrl": "urn:uuid:9c1569f5-4d1d-4029-a1bf-e1c28d7da2b4",
      "resource": {
        "resourceType": "Patient",
        "id": "9c1569f5-4d1d-4029-a1bf-e1c28d7da2b4",
        "meta": {
          "profile": [
            "http://standardhealthrecord.org/fhir/StructureDefinition/shr-entity-Patient"
          ]
        },
        "text": {
          "status": "generated",
          "div": "<div xmlns=\"http://www.w3.org/1999/xhtml\">Generated by <a href=\"https://github.com/synthetichealth/synthea\">Synthea</a>.Version identifier: synthea-java .   Person seed: 6558200256482285960  Population seed: 1527092335524</div>"
        },
        "extension": [
          {
            "url": "http://hl7.org/fhir/us/core/StructureDefinition/us-core-race",
            "extension": [
              {
                "url": "ombCategory",
                "valueCoding": {
                  "system": "urn:oid:2.16.840.1.113883.6.238",
                  "code": "2106-3",
                  "display": "White"
                }
              },
              {
                "url": "text",
                "valueString": "White"
              }
            ]
          },
          {
            "url": "http://hl7.org/fhir/us/core/StructureDefinition/us-core-ethnicity",
            "extension": [
              {
                "url": "ombCategory",
                "valueCoding": {
                  "system": "urn:oid:2.16.840.1.113883.6.238",
                  "code": "2186-5",
                  "display": "Not Hispanic or Latino"
                }
              },
              {
                "url": "text",
                "valueString": "Not Hispanic or Latino"
              }
            ]
          },
          {
            "url": "http://hl7.org/fhir/StructureDefinition/patient-mothersMaidenName",
            "valueString": "See995 Nienow652"
          },
          {
            "url": "http://hl7.org/fhir/us/core/StructureDefinition/us-core-birthsex",
            "valueCode": "M"
          },
          {
            "url": "http://hl7.org/fhir/StructureDefinition/birthPlace",
            "valueAddress": {
              "city": "Bridgeville",
              "state": "Delaware",
              "country": "US"
            }
          },
          {
            "url": "http://standardhealthrecord.org/fhir/StructureDefinition/shr-actor-FictionalPerson-extension",
            "valueBoolean": true
          },
          {
            "url": "http://standardhealthrecord.org/fhir/StructureDefinition/shr-entity-FathersName-extension",
            "valueHumanName": {
              "text": "Walker122 Parker433"
            }
          },
          {
            "url": "http://standardhealthrecord.org/fhir/StructureDefinition/shr-demographics-SocialSecurityNumber-extension",
            "valueString": "999-86-2199"
          },
          {
            "url": "http://standardhealthrecord.org/fhir/StructureDefinition/shr-entity-Person-extension",
            "valueReference": {
              "reference": "urn:uuid:e08e42bb-3e1c-4ded-9a5c-2f2bbb5e165c"
            }
          },
          {
            "url": "http://synthetichealth.github.io/synthea/disability-adjusted-life-years",
            "valueDecimal": 0.0
          },
          {
            "url": "http://synthetichealth.github.io/synthea/quality-adjusted-life-years",
            "valueDecimal": 42.0
          }
        ],
        "identifier": [
          {
            "system": "https://github.com/synthetichealth/synthea",
            "value": "690b187a-3552-4c3d-87e2-3989c9a0880d"
          },
          {
            "type": {
              "coding": [
                {
                  "system": "http://hl7.org/fhir/v2/0203",
                  "code": "MR",
                  "display": "Medical Record Number"
                }
              ],
              "text": "Medical Record Number"
            },
            "system": "http://hospital.smarthealthit.org",
            "value": "690b187a-3552-4c3d-87e2-3989c9a0880d"
          },
          {
            "type": {
              "coding": [
                {
                  "system": "http://hl7.org/fhir/identifier-type",
                  "code": "SB",
                  "display": "Social Security Number"
                }
              ],
              "text": "Social Security Number"
            },
            "system": "http://hl7.org/fhir/sid/us-ssn",
            "value": "999-86-2199"
          },
          {
            "type": {
              "coding": [
                {
                  "system": "http://hl7.org/fhir/v2/0203",
                  "code": "DL",
                  "display": "Driver's License"
                }
              ],
              "text": "Driver's License"
            },
            "system": "urn:oid:2.16.840.1.113883.4.3.25",
            "value": "S99990125"
          },
          {
            "type": {
              "coding": [
                {
                  "system": "http://hl7.org/fhir/v2/0203",
                  "code": "PPN",
                  "display": "Passport Number"
                }
              ],
              "text": "Passport Number"
            },
            "system": "http://standardhealthrecord.org/fhir/StructureDefinition/passportNumber",
            "value": "X21992046X"
          }
        ],
        "name": [
          {
            "use": "official",
            "family": "Parker433",
            "given": [
              "Brice635"
            ],
            "prefix": [
              "Mr."
            ]
          }
        ],
        "telecom": [
          {
            "system": "phone",
            "value": "555-958-1368",
            "use": "home"
          }
        ],
        "gender": "male",
        "birthDate": "1975-04-30",
        "address": [
          {
            "extension": [
              {
                "url": "http://hl7.org/fhir/StructureDefinition/geolocation",
                "extension": [
                  {
                    "url": "latitude",
                    "valueDecimal": -75.521659
                  },
                  {
                    "url": "longitude",
                    "valueDecimal": 39.160606
                  }
                ]
              }
            ],
            "line": [
              "116 Harber Center"
            ],
            "city": "Dover",
            "state": "Delaware",
            "postalCode": "19901",
            "country": "US"
          }
        ],
        "maritalStatus": {
          "coding": [
            {
              "system": "http://hl7.org/fhir/v3/MaritalStatus",
              "code": "M",
              "display": "M"
            }
          ],
          "text": "M"
        },
        "multipleBirthBoolean": false,
        "communication": [
          {
            "language": {
              "coding": [
                {
                  "system": "urn:ietf:bcp:47",
                  "code": "en-US",
                  "display": "English"
                }
              ],
              "text": "English"
            }
          }
        ]
      }
    },
    {
      "fullUrl": "urn:uuid:a8c7844a-f2ae-44b1-b219-7fb7fc5ed484",
      "resource": {
        "resourceType": "Organization",
        "id": "a8c7844a-f2ae-44b1-b219-7fb7fc5ed484",
        "meta": {
          "profile": [
            "http://standardhealthrecord.org/fhir/StructureDefinition/shr-entity-Organization"
          ]
        },
        "identifier": [
          {
            "system": "https://github.com/synthetichealth/synthea",
            "value": "713ada4f-3bf2-4b5a-bf93-96f333531fe8"
          },
          {
            "system": "urn:ietf:rfc:3986",
            "value": "713ada4f-3bf2-4b5a-bf93-96f333531fe8"
          }
        ],
        "type": [
          {
            "coding": [
              {
                "system": "Healthcare Provider",
                "code": "prov",
                "display": "Healthcare Provider"
              }
            ],
            "text": "Healthcare Provider"
          }
        ],
        "name": "ALFRED I DUPONT HOSPITAL FOR CHILDREN",
        "telecom": [
          {
            "system": "phone",
            "value": "3026514000"
          }
        ],
        "address": [
          {
            "line": [
              "1600 ROCKLAND RD PO BOX 269"
            ],
            "city": "WILMINGTON",
            "state": "DE",
            "postalCode": "19899",
            "country": "US"
          }
        ],
        "contact": [
          {
            "name": {
              "text": "Synthetic Provider"
            }
          }
        ]
      }
    },
    {
      "fullUrl": "urn:uuid:1027b59f-20f8-40c8-9196-a640e395686f",
      "resource": {
        "resourceType": "Encounter",
        "id": "1027b59f-20f8-40c8-9196-a640e395686f",
        "meta": {
          "profile": [
            "http://standardhealthrecord.org/fhir/StructureDefinition/shr-encounter-EncounterPerformed"
          ]
        },
        "extension": [
          {
            "url": "http://standardhealthrecord.org/fhir/StructureDefinition/shr-action-PerformedContext-extension",
            "extension": [
              {
                "url": "http://standardhealthrecord.org/fhir/StructureDefinition/shr-action-Status-extension",
                "valueCode": "finished"
              }
            ]
          }
        ],
        "status": "finished",
        "class": {
          "code": "WELLNESS"
        },
        "type": [
          {
            "coding": [
              {
                "system": "http://snomed.info/sct",
                "code": "185349003",
                "display": "Encounter for check up (procedure)"
              }
            ],
            "text": "Encounter for check up (procedure)"
          }
        ],
        "subject": {
          "reference": "urn:uuid:9c1569f5-4d1d-4029-a1bf-e1c28d7da2b4"
        },
        "period": {
          "start": "2010-03-24T14:18:38-04:00",
          "end": "2010-03-24T14:18:38-04:00"
        },
        "serviceProvider": {
          "reference": "urn:uuid:a8c7844a-f2ae-44b1-b219-7fb7fc5ed484"
        }
      }
    },
    {
      "fullUrl": "urn:uuid:b7e4415d-689f-42a5-a75a-17fed4d4fbc4",
      "resource": {
        "resourceType": "Observation",
        "id": "b7e4415d-689f-42a5-a75a-17fed4d4fbc4",
        "meta": {
          "profile": [
            "http://standardhealthrecord.org/fhir/StructureDefinition/shr-finding-Observation",
            "http://standardhealthrecord.org/fhir/StructureDefinition/shr-vital-VitalSign",
            "http://standardhealthrecord.org/fhir/StructureDefinition/shr-vital-BodyHeight"
          ]
        },
        "status": "final",
        "category": [
          {
            "coding": [
              {
                "system": "http://hl7.org/fhir/observation-category",
                "code": "vital-signs",
                "display": "vital-signs"
              }
            ]
          }
        ],
        "code": {
          "coding": [
            {
              "system": "http://loinc.org",
              "code": "8302-2",
              "display": "Body Height"
            }
          ],
          "text": "Body Height"
        },
        "subject": {
          "reference": "urn:uuid:9c1569f5-4d1d-4029-a1bf-e1c28d7da2b4"
        },
        "context": {
          "reference": "urn:uuid:1027b59f-20f8-40c8-9196-a640e395686f"
        },
        "effectiveDateTime": "2010-03-24T14:18:38-04:00",
        "issued": "2010-03-24T14:18:38.588-04:00",
        "valueQuantity": {
          "value": 175.62879776861988,
          "unit": "cm",
          "system": "http://unitsofmeasure.org",
          "code": "cm"
        }
      }
    },
    {
      "fullUrl": "urn:uuid:66c01772-4aae-4108-932c-e41c1e014ea0",
      "resource": {
        "resourceType": "Observation",
        "id": "66c01772-4aae-4108-932c-e41c1e014ea0",
        "meta": {
          "profile": [
            "http://standardhealthrecord.org/fhir/StructureDefinition/shr-finding-Observation",
            "http://standardhealthrecord.org/fhir/StructureDefinition/shr-vital-VitalSign",
            "http://standardhealthrecord.org/fhir/StructureDefinition/shr-vital-BodyWeight"
          ]
        },
        "status": "final",
        "category": [
          {
            "coding": [
              {
                "system": "http://hl7.org/fhir/observation-category",
                "code": "vital-signs",
                "display": "vital-signs"
              }
            ]
          }
        ],
        "code": {
          "coding": [
            {
              "system": "http://loinc.org",
              "code": "29463-7",
              "display": "Body Weight"
            }
          ],
          "text": "Body Weight"
        },
        "subject": {
          "reference": "urn:uuid:9c1569f5-4d1d-4029-a1bf-e1c28d7da2b4"
        },
        "context": {
          "reference": "urn:uuid:1027b59f-20f8-40c8-9196-a640e395686f"
        },
        "effectiveDateTime": "2010-03-24T14:18:38-04:00",
        "issued": "2010-03-24T14:18:38.588-04:00",
        "valueQuantity": {
          "value": 92.46834087395375,
          "unit": "kg",
          "system": "http://unitsofmeasure.org",
          "code": "kg"
        }
      }
    },
    {
      "fullUrl": "urn:uuid:a3e3d210-4641-450e-bb13-f77ef160fbb0",
      "resource": {
        "resourceType": "Observation",
        "id": "a3e3d210-4641-450e-bb13-f77ef160fbb0",
        "meta": {
          "profile": [
            "http://standardhealthrecord.org/fhir/StructureDefinition/shr-finding-Observation",
            "http://standardhealthrecord.org/fhir/StructureDefinition/shr-vital-VitalSign",
            "http://standardhealthrecord.org/fhir/StructureDefinition/shr-vital-BodyMassIndex"
          ]
        },
        "status": "final",
        "category": [
          {
            "coding": [
              {
                "system": "http://hl7.org/fhir/observation-category",
                "code": "vital-signs",
                "display": "vital-signs"
              }
            ]
          }
        ],
        "code": {
          "coding": [
            {
              "system": "http://loinc.org",
              "code": "39156-5",
              "display": "Body Mass Index"
            }
          ],
          "text": "Body Mass Index"
        },
        "subject": {
          "reference": "urn:uuid:9c1569f5-4d1d-4029-a1bf-e1c28d7da2b4"
        },
        "context": {
          "reference": "urn:uuid:1027b59f-20f8-40c8-9196-a640e395686f"
        },
        "effectiveDateTime": "2010-03-24T14:18:38-04:00",
        "issued": "2010-03-24T14:18:38.588-04:00",
        "valueQuantity": {
          "value": 29.97792773693094,
          "unit": "kg/m2",
          "system": "http://unitsofmeasure.org",
          "code": "kg/m2"
        }
      }
    },
    {
      "fullUrl": "urn:uuid:207348b5-6d5a-4911-89db-cb177cfacbc2",
      "resource": {
        "resourceType": "Observation",
        "id": "207348b5-6d5a-4911-89db-cb177cfacbc2",
        "meta": {
          "profile": [
            "http://standardhealthrecord.org/fhir/StructureDefinition/shr-finding-Observation",
            "http://standardhealthrecord.org/fhir/StructureDefinition/shr-vital-VitalSign",
            "http://standardhealthrecord.org/fhir/StructureDefinition/shr-vital-BloodPressure"
          ]
        },
        "status": "final",
        "category": [
          {
            "coding": [
              {
                "system": "http://hl7.org/fhir/observation-category",
                "code": "vital-signs",
                "display": "vital-signs"
              }
            ]
          }
        ],
        "code": {
          "coding": [
            {
              "system": "http://loinc.org",
              "code": "55284-4",
              "display": "Blood Pressure"
            }
          ],
          "text": "Blood Pressure"
        },
        "subject": {
          "reference": "urn:uuid:9c1569f5-4d1d-4029-a1bf-e1c28d7da2b4"
        },
        "context": {
          "reference": "urn:uuid:1027b59f-20f8-40c8-9196-a640e395686f"
        },
        "effectiveDateTime": "2010-03-24T14:18:38-04:00",
        "issued": "2010-03-24T14:18:38.588-04:00",
        "component": [
          {
            "code": {
              "coding": [
                {
                  "system": "http://loinc.org",
                  "code": "8462-4",
                  "display": "Diastolic Blood Pressure"
                }
              ],
              "text": "Diastolic Blood Pressure"
            },
            "valueQuantity": {
              "value": 88.33424551277557,
              "unit": "mmHg",
              "system": "http://unitsofmeasure.org",
              "code": "mmHg"
            }
          },
          {
            "code": {
              "coding": [
                {
                  "system": "http://loinc.org",
                  "code": "8480-6",
                  "display": "Systolic Blood Pressure"
                }
              ],
              "text": "Systolic Blood Pressure"
            },
            "valueQuantity": {
              "value": 115.80471807701326,
              "unit": "mmHg",
              "system": "http://unitsofmeasure.org",
              "code": "mmHg"
            }
          }
        ]
      }
    },
    {
      "fullUrl": "urn:uuid:5fe44ea8-b3a1-4a42-8a20-72819b2f895c",
      "resource": {
        "resourceType": "Observation",
        "id": "5fe44ea8-b3a1-4a42-8a20-72819b2f895c",
        "meta": {
          "profile": [
            "http://standardhealthrecord.org/fhir/StructureDefinition/shr-finding-Observation"
          ]
        },
        "status": "final",
        "category": [
          {
            "coding": [
              {
                "system": "http://hl7.org/fhir/observation-category",
                "code": "laboratory",
                "display": "laboratory"
              }
            ]
          }
        ],
        "code": {
          "coding": [
            {
              "system": "http://loinc.org",
              "code": "2093-3",
              "display": "Total Cholesterol"
            }
          ],
          "text": "Total Cholesterol"
        },
        "subject": {
          "reference": "urn:uuid:9c1569f5-4d1d-4029-a1bf-e1c28d7da2b4"
        },
        "context": {
          "reference": "urn:uuid:1027b59f-20f8-40c8-9196-a640e395686f"
        },
        "effectiveDateTime": "2010-03-24T14:18:38-04:00",
        "issued": "2010-03-24T14:18:38.588-04:00",
        "valueQuantity": {
          "value": 191.5086036241309,
          "unit": "mg/dL",
          "system": "http://unitsofmeasure.org",
          "code": "mg/dL"
        }
      }
    },
    {
      "fullUrl": "urn:uuid:174ae455-e01a-4ba9-9ade-570ee4b7704d",
      "resource": {
        "resourceType": "Observation",
        "id": "174ae455-e01a-4ba9-9ade-570ee4b7704d",
        "meta": {
          "profile": [
            "http://standardhealthrecord.org/fhir/StructureDefinition/shr-finding-Observation"
          ]
        },
        "status": "final",
        "category": [
          {
            "coding": [
              {
                "system": "http://hl7.org/fhir/observation-category",
                "code": "laboratory",
                "display": "laboratory"
              }
            ]
          }
        ],
        "code": {
          "coding": [
            {
              "system": "http://loinc.org",
              "code": "2571-8",
              "display": "Triglycerides"
            }
          ],
          "text": "Triglycerides"
        },
        "subject": {
          "reference": "urn:uuid:9c1569f5-4d1d-4029-a1bf-e1c28d7da2b4"
        },
        "context": {
          "reference": "urn:uuid:1027b59f-20f8-40c8-9196-a640e395686f"
        },
        "effectiveDateTime": "2010-03-24T14:18:38-04:00",
        "issued": "2010-03-24T14:18:38.588-04:00",
        "valueQuantity": {
          "value": 136.68407423413618,
          "unit": "mg/dL",
          "system": "http://unitsofmeasure.org",
          "code": "mg/dL"
        }
      }
    },
    {
      "fullUrl": "urn:uuid:b08540d9-2706-4c4c-9acb-7ecf04d4c2ac",
      "resource": {
        "resourceType": "Observation",
        "id": "b08540d9-2706-4c4c-9acb-7ecf04d4c2ac",
        "meta": {
          "profile": [
            "http://standardhealthrecord.org/fhir/StructureDefinition/shr-finding-Observation"
          ]
        },
        "status": "final",
        "category": [
          {
            "coding": [
              {
                "system": "http://hl7.org/fhir/observation-category",
                "code": "laboratory",
                "display": "laboratory"
              }
            ]
          }
        ],
        "code": {
          "coding": [
            {
              "system": "http://loinc.org",
              "code": "18262-6",
              "display": "Low Density Lipoprotein Cholesterol"
            }
          ],
          "text": "Low Density Lipoprotein Cholesterol"
        },
        "subject": {
          "reference": "urn:uuid:9c1569f5-4d1d-4029-a1bf-e1c28d7da2b4"
        },
        "context": {
          "reference": "urn:uuid:1027b59f-20f8-40c8-9196-a640e395686f"
        },
        "effectiveDateTime": "2010-03-24T14:18:38-04:00",
        "issued": "2010-03-24T14:18:38.588-04:00",
        "valueQuantity": {
          "value": 104.35696771742873,
          "unit": "mg/dL",
          "system": "http://unitsofmeasure.org",
          "code": "mg/dL"
        }
      }
    },
    {
      "fullUrl": "urn:uuid:37d17c1f-8648-4bae-abc5-598a4559dc06",
      "resource": {
        "resourceType": "Observation",
        "id": "37d17c1f-8648-4bae-abc5-598a4559dc06",
        "meta": {
          "profile": [
            "http://standardhealthrecord.org/fhir/StructureDefinition/shr-finding-Observation"
          ]
        },
        "status": "final",
        "category": [
          {
            "coding": [
              {
                "system": "http://hl7.org/fhir/observation-category",
                "code": "laboratory",
                "display": "laboratory"
              }
            ]
          }
        ],
        "code": {
          "coding": [
            {
              "system": "http://loinc.org",
              "code": "2085-9",
              "display": "High Density Lipoprotein Cholesterol"
            }
          ],
          "text": "High Density Lipoprotein Cholesterol"
        },
        "subject": {
          "reference": "urn:uuid:9c1569f5-4d1d-4029-a1bf-e1c28d7da2b4"
        },
        "context": {
          "reference": "urn:uuid:1027b59f-20f8-40c8-9196-a640e395686f"
        },
        "effectiveDateTime": "2010-03-24T14:18:38-04:00",
        "issued": "2010-03-24T14:18:38.588-04:00",
        "valueQuantity": {
          "value": 59.814821059874916,
          "unit": "mg/dL",
          "system": "http://unitsofmeasure.org",
          "code": "mg/dL"
        }
      }
    },
    {
      "fullUrl": "urn:uuid:55f3d6a7-8c9b-4f58-a5c5-85587b945d8f",
      "resource": {
        "resourceType": "Immunization",
        "id": "55f3d6a7-8c9b-4f58-a5c5-85587b945d8f",
        "meta": {
          "profile": [
            "http://standardhealthrecord.org/fhir/StructureDefinition/shr-immunization-ImmunizationGiven"
          ]
        },
        "extension": [
          {
            "url": "http://standardhealthrecord.org/fhir/StructureDefinition/shr-action-PerformedContext-extension",
            "extension": [
              {
                "url": "http://standardhealthrecord.org/fhir/StructureDefinition/shr-action-Status-extension",
                "valueCode": "completed"
              }
            ]
          }
        ],
        "status": "completed",
        "notGiven": false,
        "vaccineCode": {
          "coding": [
            {
              "system": "http://hl7.org/fhir/sid/cvx",
              "code": "140",
              "display": "Influenza, seasonal, injectable, preservative free"
            }
          ],
          "text": "Influenza, seasonal, injectable, preservative free"
        },
        "patient": {
          "reference": "urn:uuid:9c1569f5-4d1d-4029-a1bf-e1c28d7da2b4"
        },
        "encounter": {
          "reference": "urn:uuid:1027b59f-20f8-40c8-9196-a640e395686f"
        },
        "date": "2010-03-24T14:18:38-04:00",
        "primarySource": true
      }
    },
    {
      "fullUrl": "urn:uuid:96e14272-1260-4436-843b-28ebaf2b4f52",
      "resource": {
        "resourceType": "DiagnosticReport",
        "id": "96e14272-1260-4436-843b-28ebaf2b4f52",
        "status": "final",
        "code": {
          "coding": [
            {
              "system": "http://loinc.org",
              "code": "57698-3",
              "display": "Lipid Panel"
            }
          ],
          "text": "Lipid Panel"
        },
        "subject": {
          "reference": "urn:uuid:9c1569f5-4d1d-4029-a1bf-e1c28d7da2b4"
        },
        "context": {
          "reference": "urn:uuid:1027b59f-20f8-40c8-9196-a640e395686f"
        },
        "effectiveDateTime": "2010-03-24T14:18:38-04:00",
        "issued": "2010-03-24T14:18:38.588-04:00",
        "result": [
          {
            "reference": "urn:uuid:207348b5-6d5a-4911-89db-cb177cfacbc2",
            "display": "Blood Pressure"
          },
          {
            "reference": "urn:uuid:5fe44ea8-b3a1-4a42-8a20-72819b2f895c",
            "display": "Total Cholesterol"
          },
          {
            "reference": "urn:uuid:174ae455-e01a-4ba9-9ade-570ee4b7704d",
            "display": "Triglycerides"
          },
          {
            "reference": "urn:uuid:b08540d9-2706-4c4c-9acb-7ecf04d4c2ac",
            "display": "Low Density Lipoprotein Cholesterol"
          }
        ]
      }
    },
    {
      "fullUrl": "urn:uuid:15f400e6-4e15-4511-be22-94fbd0ad0311",
      "resource": {
        "resourceType": "Claim",
        "id": "15f400e6-4e15-4511-be22-94fbd0ad0311",
        "status": "active",
        "use": "complete",
        "patient": {
          "reference": "urn:uuid:9c1569f5-4d1d-4029-a1bf-e1c28d7da2b4"
        },
        "billablePeriod": {
          "start": "2010-03-24T14:18:38-04:00",
          "end": "2010-03-24T14:18:38-04:00"
        },
        "organization": {
          "reference": "urn:uuid:a8c7844a-f2ae-44b1-b219-7fb7fc5ed484"
        },
        "information": [
          {
            "sequence": 1,
            "category": {
              "coding": [
                {
                  "system": "http://hl7.org/fhir/claiminformationcategory",
                  "code": "info"
                }
              ]
            },
            "valueReference": {
              "reference": "urn:uuid:55f3d6a7-8c9b-4f58-a5c5-85587b945d8f"
            }
          }
        ],
        "item": [
          {
            "sequence": 1,
            "encounter": [
              {
                "reference": "urn:uuid:1027b59f-20f8-40c8-9196-a640e395686f"
              }
            ]
          },
          {
            "sequence": 2,
            "informationLinkId": [
              1
            ],
            "net": {
              "value": 136.00,
              "system": "urn:iso:std:iso:4217",
              "code": "USD"
            }
          }
        ],
        "total": {
          "value": 261.00,
          "system": "urn:iso:std:iso:4217",
          "code": "USD"
        }
      }
    },
    {
      "fullUrl": "urn:uuid:2d72462a-2998-4502-bdfc-8eb323e027bb",
      "resource": {
        "resourceType": "Encounter",
        "id": "2d72462a-2998-4502-bdfc-8eb323e027bb",
        "meta": {
          "profile": [
            "http://standardhealthrecord.org/fhir/StructureDefinition/shr-encounter-EncounterPerformed"
          ]
        },
        "extension": [
          {
            "url": "http://standardhealthrecord.org/fhir/StructureDefinition/shr-action-PerformedContext-extension",
            "extension": [
              {
                "url": "http://standardhealthrecord.org/fhir/StructureDefinition/shr-action-Status-extension",
                "valueCode": "finished"
              }
            ]
          }
        ],
        "status": "finished",
        "class": {
          "code": "ambulatory"
        },
        "type": [
          {
            "coding": [
              {
                "system": "http://snomed.info/sct",
                "code": "185345009",
                "display": "Encounter for symptom"
              }
            ],
            "text": "Encounter for symptom"
          }
        ],
        "subject": {
          "reference": "urn:uuid:9c1569f5-4d1d-4029-a1bf-e1c28d7da2b4"
        },
        "period": {
          "start": "2010-05-27T14:18:38-04:00",
          "end": "2010-05-27T14:18:38-04:00"
        },
        "reason": [
          {
            "coding": [
              {
                "system": "http://snomed.info/sct",
                "code": "195662009",
                "display": "Acute viral pharyngitis (disorder)"
              }
            ]
          }
        ],
        "serviceProvider": {
          "reference": "urn:uuid:a8c7844a-f2ae-44b1-b219-7fb7fc5ed484"
        }
      }
    },
    {
      "fullUrl": "urn:uuid:67166592-1891-462b-bcf2-6f22e50c1a13",
      "resource": {
        "resourceType": "Condition",
        "id": "67166592-1891-462b-bcf2-6f22e50c1a13",
        "meta": {
          "profile": [
            "http://standardhealthrecord.org/fhir/StructureDefinition/shr-condition-Condition"
          ]
        },
        "clinicalStatus": "resolved",
        "verificationStatus": "confirmed",
        "category": [
          {
            "coding": [
              {
                "system": "http://standardhealthrecord.org/shr/condition/vs/ConditionCategoryVS",
                "code": "disease",
                "display": "Disease"
              }
            ]
          }
        ],
        "code": {
          "coding": [
            {
              "system": "http://snomed.info/sct",
              "code": "195662009",
              "display": "Acute viral pharyngitis (disorder)"
            }
          ],
          "text": "Acute viral pharyngitis (disorder)"
        },
        "subject": {
          "reference": "urn:uuid:9c1569f5-4d1d-4029-a1bf-e1c28d7da2b4"
        },
        "context": {
          "reference": "urn:uuid:2d72462a-2998-4502-bdfc-8eb323e027bb"
        },
        "onsetDateTime": "2010-05-27T14:18:38-04:00",
        "abatementDateTime": "2010-06-07T14:18:38-04:00",
        "assertedDate": "2010-05-27T14:18:38-04:00"
      }
    },
    {
      "fullUrl": "urn:uuid:f5b9d5fe-256b-4d88-8d2b-7d85fbeabb90",
      "resource": {
        "resourceType": "Observation",
        "id": "f5b9d5fe-256b-4d88-8d2b-7d85fbeabb90",
        "meta": {
          "profile": [
            "http://standardhealthrecord.org/fhir/StructureDefinition/shr-finding-Observation",
            "http://standardhealthrecord.org/fhir/StructureDefinition/shr-vital-VitalSign"
          ]
        },
        "status": "final",
        "category": [
          {
            "coding": [
              {
                "system": "http://hl7.org/fhir/observation-category",
                "code": "vital-signs",
                "display": "vital-signs"
              }
            ]
          }
        ],
        "code": {
          "coding": [
            {
              "system": "http://loinc.org",
              "code": "8331-1",
              "display": "Oral temperature"
            }
          ],
          "text": "Oral temperature"
        },
        "subject": {
          "reference": "urn:uuid:9c1569f5-4d1d-4029-a1bf-e1c28d7da2b4"
        },
        "context": {
          "reference": "urn:uuid:2d72462a-2998-4502-bdfc-8eb323e027bb"
        },
        "effectiveDateTime": "2010-05-27T14:18:38-04:00",
        "issued": "2010-05-27T14:18:38.588-04:00",
        "valueQuantity": {
          "value": 37.11996109208521,
          "unit": "Cel",
          "system": "http://unitsofmeasure.org",
          "code": "Cel"
        }
      }
    },
    {
      "fullUrl": "urn:uuid:4286b23a-8cf0-479b-856a-1e57bb3d16a0",
      "resource": {
        "resourceType": "Claim",
        "id": "4286b23a-8cf0-479b-856a-1e57bb3d16a0",
        "status": "active",
        "use": "complete",
        "patient": {
          "reference": "urn:uuid:9c1569f5-4d1d-4029-a1bf-e1c28d7da2b4"
        },
        "billablePeriod": {
          "start": "2010-05-27T14:18:38-04:00",
          "end": "2010-05-27T14:18:38-04:00"
        },
        "organization": {
          "reference": "urn:uuid:a8c7844a-f2ae-44b1-b219-7fb7fc5ed484"
        },
        "diagnosis": [
          {
            "sequence": 1,
            "diagnosisReference": {
              "reference": "urn:uuid:67166592-1891-462b-bcf2-6f22e50c1a13"
            }
          }
        ],
        "item": [
          {
            "sequence": 1,
            "encounter": [
              {
                "reference": "urn:uuid:2d72462a-2998-4502-bdfc-8eb323e027bb"
              }
            ]
          },
          {
            "sequence": 2,
            "diagnosisLinkId": [
              1
            ]
          }
        ],
        "total": {
          "value": 125.00,
          "system": "urn:iso:std:iso:4217",
          "code": "USD"
        }
      }
    },
    {
      "fullUrl": "urn:uuid:1e9939b8-882c-4cf4-ab02-bb9f1330aad7",
      "resource": {
        "resourceType": "Encounter",
        "id": "1e9939b8-882c-4cf4-ab02-bb9f1330aad7",
        "meta": {
          "profile": [
            "http://standardhealthrecord.org/fhir/StructureDefinition/shr-encounter-EncounterPerformed"
          ]
        },
        "extension": [
          {
            "url": "http://standardhealthrecord.org/fhir/StructureDefinition/shr-action-PerformedContext-extension",
            "extension": [
              {
                "url": "http://standardhealthrecord.org/fhir/StructureDefinition/shr-action-Status-extension",
                "valueCode": "finished"
              }
            ]
          }
        ],
        "status": "finished",
        "class": {
          "code": "WELLNESS"
        },
        "type": [
          {
            "coding": [
              {
                "system": "http://snomed.info/sct",
                "code": "185349003",
                "display": "Encounter for check up (procedure)"
              }
            ],
            "text": "Encounter for check up (procedure)"
          }
        ],
        "subject": {
          "reference": "urn:uuid:9c1569f5-4d1d-4029-a1bf-e1c28d7da2b4"
        },
        "period": {
          "start": "2013-03-27T14:18:38-04:00",
          "end": "2013-03-27T14:18:38-04:00"
        },
        "serviceProvider": {
          "reference": "urn:uuid:a8c7844a-f2ae-44b1-b219-7fb7fc5ed484"
        }
      }
    },
    {
      "fullUrl": "urn:uuid:09e5c7ec-7b0e-47d6-bea2-2351fe4443e9",
      "resource": {
        "resourceType": "Observation",
        "id": "09e5c7ec-7b0e-47d6-bea2-2351fe4443e9",
        "meta": {
          "profile": [
            "http://standardhealthrecord.org/fhir/StructureDefinition/shr-finding-Observation",
            "http://standardhealthrecord.org/fhir/StructureDefinition/shr-vital-VitalSign",
            "http://standardhealthrecord.org/fhir/StructureDefinition/shr-vital-BodyHeight"
          ]
        },
        "status": "final",
        "category": [
          {
            "coding": [
              {
                "system": "http://hl7.org/fhir/observation-category",
                "code": "vital-signs",
                "display": "vital-signs"
              }
            ]
          }
        ],
        "code": {
          "coding": [
            {
              "system": "http://loinc.org",
              "code": "8302-2",
              "display": "Body Height"
            }
          ],
          "text": "Body Height"
        },
        "subject": {
          "reference": "urn:uuid:9c1569f5-4d1d-4029-a1bf-e1c28d7da2b4"
        },
        "context": {
          "reference": "urn:uuid:1e9939b8-882c-4cf4-ab02-bb9f1330aad7"
        },
        "effectiveDateTime": "2013-03-27T14:18:38-04:00",
        "issued": "2013-03-27T14:18:38.588-04:00",
        "valueQuantity": {
          "value": 175.62879776861988,
          "unit": "cm",
          "system": "http://unitsofmeasure.org",
          "code": "cm"
        }
      }
    },
    {
      "fullUrl": "urn:uuid:2b274e13-3c48-45a4-b3b1-54d9b7f62e3e",
      "resource": {
        "resourceType": "Observation",
        "id": "2b274e13-3c48-45a4-b3b1-54d9b7f62e3e",
        "meta": {
          "profile": [
            "http://standardhealthrecord.org/fhir/StructureDefinition/shr-finding-Observation",
            "http://standardhealthrecord.org/fhir/StructureDefinition/shr-vital-VitalSign",
            "http://standardhealthrecord.org/fhir/StructureDefinition/shr-vital-BodyWeight"
          ]
        },
        "status": "final",
        "category": [
          {
            "coding": [
              {
                "system": "http://hl7.org/fhir/observation-category",
                "code": "vital-signs",
                "display": "vital-signs"
              }
            ]
          }
        ],
        "code": {
          "coding": [
            {
              "system": "http://loinc.org",
              "code": "29463-7",
              "display": "Body Weight"
            }
          ],
          "text": "Body Weight"
        },
        "subject": {
          "reference": "urn:uuid:9c1569f5-4d1d-4029-a1bf-e1c28d7da2b4"
        },
        "context": {
          "reference": "urn:uuid:1e9939b8-882c-4cf4-ab02-bb9f1330aad7"
        },
        "effectiveDateTime": "2013-03-27T14:18:38-04:00",
        "issued": "2013-03-27T14:18:38.588-04:00",
        "valueQuantity": {
          "value": 97.36187608007627,
          "unit": "kg",
          "system": "http://unitsofmeasure.org",
          "code": "kg"
        }
      }
    },
    {
      "fullUrl": "urn:uuid:a6c0f359-6ee5-4927-88f7-00c4c6c4e9ff",
      "resource": {
        "resourceType": "Observation",
        "id": "a6c0f359-6ee5-4927-88f7-00c4c6c4e9ff",
        "meta": {
          "profile": [
            "http://standardhealthrecord.org/fhir/StructureDefinition/shr-finding-Observation",
            "http://standardhealthrecord.org/fhir/StructureDefinition/shr-vital-VitalSign",
            "http://standardhealthrecord.org/fhir/StructureDefinition/shr-vital-BodyMassIndex"
          ]
        },
        "status": "final",
        "category": [
          {
            "coding": [
              {
                "system": "http://hl7.org/fhir/observation-category",
                "code": "vital-signs",
                "display": "vital-signs"
              }
            ]
          }
        ],
        "code": {
          "coding": [
            {
              "system": "http://loinc.org",
              "code": "39156-5",
              "display": "Body Mass Index"
            }
          ],
          "text": "Body Mass Index"
        },
        "subject": {
          "reference": "urn:uuid:9c1569f5-4d1d-4029-a1bf-e1c28d7da2b4"
        },
        "context": {
          "reference": "urn:uuid:1e9939b8-882c-4cf4-ab02-bb9f1330aad7"
        },
        "effectiveDateTime": "2013-03-27T14:18:38-04:00",
        "issued": "2013-03-27T14:18:38.588-04:00",
        "valueQuantity": {
          "value": 31.56439553121349,
          "unit": "kg/m2",
          "system": "http://unitsofmeasure.org",
          "code": "kg/m2"
        }
      }
    },
    {
      "fullUrl": "urn:uuid:608f3585-2a01-4f5c-84ad-3373ca375e37",
      "resource": {
        "resourceType": "Observation",
        "id": "608f3585-2a01-4f5c-84ad-3373ca375e37",
        "meta": {
          "profile": [
            "http://standardhealthrecord.org/fhir/StructureDefinition/shr-finding-Observation",
            "http://standardhealthrecord.org/fhir/StructureDefinition/shr-vital-VitalSign",
            "http://standardhealthrecord.org/fhir/StructureDefinition/shr-vital-BloodPressure"
          ]
        },
        "status": "final",
        "category": [
          {
            "coding": [
              {
                "system": "http://hl7.org/fhir/observation-category",
                "code": "vital-signs",
                "display": "vital-signs"
              }
            ]
          }
        ],
        "code": {
          "coding": [
            {
              "system": "http://loinc.org",
              "code": "55284-4",
              "display": "Blood Pressure"
            }
          ],
          "text": "Blood Pressure"
        },
        "subject": {
          "reference": "urn:uuid:9c1569f5-4d1d-4029-a1bf-e1c28d7da2b4"
        },
        "context": {
          "reference": "urn:uuid:1e9939b8-882c-4cf4-ab02-bb9f1330aad7"
        },
        "effectiveDateTime": "2013-03-27T14:18:38-04:00",
        "issued": "2013-03-27T14:18:38.588-04:00",
        "component": [
          {
            "code": {
              "coding": [
                {
                  "system": "http://loinc.org",
                  "code": "8462-4",
                  "display": "Diastolic Blood Pressure"
                }
              ],
              "text": "Diastolic Blood Pressure"
            },
            "valueQuantity": {
              "value": 87.80237717411433,
              "unit": "mmHg",
              "system": "http://unitsofmeasure.org",
              "code": "mmHg"
            }
          },
          {
            "code": {
              "coding": [
                {
                  "system": "http://loinc.org",
                  "code": "8480-6",
                  "display": "Systolic Blood Pressure"
                }
              ],
              "text": "Systolic Blood Pressure"
            },
            "valueQuantity": {
              "value": 116.20431743771357,
              "unit": "mmHg",
              "system": "http://unitsofmeasure.org",
              "code": "mmHg"
            }
          }
        ]
      }
    },
    {
      "fullUrl": "urn:uuid:e21af869-1f89-4bee-b907-0042f0f40053",
      "resource": {
        "resourceType": "Observation",
        "id": "e21af869-1f89-4bee-b907-0042f0f40053",
        "meta": {
          "profile": [
            "http://standardhealthrecord.org/fhir/StructureDefinition/shr-finding-Observation"
          ]
        },
        "status": "final",
        "category": [
          {
            "coding": [
              {
                "system": "http://hl7.org/fhir/observation-category",
                "code": "laboratory",
                "display": "laboratory"
              }
            ]
          }
        ],
        "code": {
          "coding": [
            {
              "system": "http://loinc.org",
              "code": "2093-3",
              "display": "Total Cholesterol"
            }
          ],
          "text": "Total Cholesterol"
        },
        "subject": {
          "reference": "urn:uuid:9c1569f5-4d1d-4029-a1bf-e1c28d7da2b4"
        },
        "context": {
          "reference": "urn:uuid:1e9939b8-882c-4cf4-ab02-bb9f1330aad7"
        },
        "effectiveDateTime": "2013-03-27T14:18:38-04:00",
        "issued": "2013-03-27T14:18:38.588-04:00",
        "valueQuantity": {
          "value": 162.75833498221388,
          "unit": "mg/dL",
          "system": "http://unitsofmeasure.org",
          "code": "mg/dL"
        }
      }
    },
    {
      "fullUrl": "urn:uuid:c49f4950-5ffc-4f42-8b96-7364ce2c9aea",
      "resource": {
        "resourceType": "Observation",
        "id": "c49f4950-5ffc-4f42-8b96-7364ce2c9aea",
        "meta": {
          "profile": [
            "http://standardhealthrecord.org/fhir/StructureDefinition/shr-finding-Observation"
          ]
        },
        "status": "final",
        "category": [
          {
            "coding": [
              {
                "system": "http://hl7.org/fhir/observation-category",
                "code": "laboratory",
                "display": "laboratory"
              }
            ]
          }
        ],
        "code": {
          "coding": [
            {
              "system": "http://loinc.org",
              "code": "2571-8",
              "display": "Triglycerides"
            }
          ],
          "text": "Triglycerides"
        },
        "subject": {
          "reference": "urn:uuid:9c1569f5-4d1d-4029-a1bf-e1c28d7da2b4"
        },
        "context": {
          "reference": "urn:uuid:1e9939b8-882c-4cf4-ab02-bb9f1330aad7"
        },
        "effectiveDateTime": "2013-03-27T14:18:38-04:00",
        "issued": "2013-03-27T14:18:38.588-04:00",
        "valueQuantity": {
          "value": 124.97497818158371,
          "unit": "mg/dL",
          "system": "http://unitsofmeasure.org",
          "code": "mg/dL"
        }
      }
    },
    {
      "fullUrl": "urn:uuid:ad646f74-1097-4f24-888c-64ea010fa00e",
      "resource": {
        "resourceType": "Observation",
        "id": "ad646f74-1097-4f24-888c-64ea010fa00e",
        "meta": {
          "profile": [
            "http://standardhealthrecord.org/fhir/StructureDefinition/shr-finding-Observation"
          ]
        },
        "status": "final",
        "category": [
          {
            "coding": [
              {
                "system": "http://hl7.org/fhir/observation-category",
                "code": "laboratory",
                "display": "laboratory"
              }
            ]
          }
        ],
        "code": {
          "coding": [
            {
              "system": "http://loinc.org",
              "code": "18262-6",
              "display": "Low Density Lipoprotein Cholesterol"
            }
          ],
          "text": "Low Density Lipoprotein Cholesterol"
        },
        "subject": {
          "reference": "urn:uuid:9c1569f5-4d1d-4029-a1bf-e1c28d7da2b4"
        },
        "context": {
          "reference": "urn:uuid:1e9939b8-882c-4cf4-ab02-bb9f1330aad7"
        },
        "effectiveDateTime": "2013-03-27T14:18:38-04:00",
        "issued": "2013-03-27T14:18:38.588-04:00",
        "valueQuantity": {
          "value": 67.35892201849836,
          "unit": "mg/dL",
          "system": "http://unitsofmeasure.org",
          "code": "mg/dL"
        }
      }
    },
    {
      "fullUrl": "urn:uuid:6bb236de-2f18-4a24-a6f1-42aaf1f2d5e1",
      "resource": {
        "resourceType": "Observation",
        "id": "6bb236de-2f18-4a24-a6f1-42aaf1f2d5e1",
        "meta": {
          "profile": [
            "http://standardhealthrecord.org/fhir/StructureDefinition/shr-finding-Observation"
          ]
        },
        "status": "final",
        "category": [
          {
            "coding": [
              {
                "system": "http://hl7.org/fhir/observation-category",
                "code": "laboratory",
                "display": "laboratory"
              }
            ]
          }
        ],
        "code": {
          "coding": [
            {
              "system": "http://loinc.org",
              "code": "2085-9",
              "display": "High Density Lipoprotein Cholesterol"
            }
          ],
          "text": "High Density Lipoprotein Cholesterol"
        },
        "subject": {
          "reference": "urn:uuid:9c1569f5-4d1d-4029-a1bf-e1c28d7da2b4"
        },
        "context": {
          "reference": "urn:uuid:1e9939b8-882c-4cf4-ab02-bb9f1330aad7"
        },
        "effectiveDateTime": "2013-03-27T14:18:38-04:00",
        "issued": "2013-03-27T14:18:38.588-04:00",
        "valueQuantity": {
          "value": 70.40441732739878,
          "unit": "mg/dL",
          "system": "http://unitsofmeasure.org",
          "code": "mg/dL"
        }
      }
    },
    {
      "fullUrl": "urn:uuid:1dee80f4-fc40-4b92-9cf2-6f5e0d283eb8",
      "resource": {
        "resourceType": "Immunization",
        "id": "1dee80f4-fc40-4b92-9cf2-6f5e0d283eb8",
        "meta": {
          "profile": [
            "http://standardhealthrecord.org/fhir/StructureDefinition/shr-immunization-ImmunizationGiven"
          ]
        },
        "extension": [
          {
            "url": "http://standardhealthrecord.org/fhir/StructureDefinition/shr-action-PerformedContext-extension",
            "extension": [
              {
                "url": "http://standardhealthrecord.org/fhir/StructureDefinition/shr-action-Status-extension",
                "valueCode": "completed"
              }
            ]
          }
        ],
        "status": "completed",
        "notGiven": false,
        "vaccineCode": {
          "coding": [
            {
              "system": "http://hl7.org/fhir/sid/cvx",
              "code": "140",
              "display": "Influenza, seasonal, injectable, preservative free"
            }
          ],
          "text": "Influenza, seasonal, injectable, preservative free"
        },
        "patient": {
          "reference": "urn:uuid:9c1569f5-4d1d-4029-a1bf-e1c28d7da2b4"
        },
        "encounter": {
          "reference": "urn:uuid:1e9939b8-882c-4cf4-ab02-bb9f1330aad7"
        },
        "date": "2013-03-27T14:18:38-04:00",
        "primarySource": true
      }
    },
    {
      "fullUrl": "urn:uuid:3b751be7-65ff-402f-8a65-4ecb150751e6",
      "resource": {
        "resourceType": "DiagnosticReport",
        "id": "3b751be7-65ff-402f-8a65-4ecb150751e6",
        "status": "final",
        "code": {
          "coding": [
            {
              "system": "http://loinc.org",
              "code": "57698-3",
              "display": "Lipid Panel"
            }
          ],
          "text": "Lipid Panel"
        },
        "subject": {
          "reference": "urn:uuid:9c1569f5-4d1d-4029-a1bf-e1c28d7da2b4"
        },
        "context": {
          "reference": "urn:uuid:1e9939b8-882c-4cf4-ab02-bb9f1330aad7"
        },
        "effectiveDateTime": "2013-03-27T14:18:38-04:00",
        "issued": "2013-03-27T14:18:38.588-04:00",
        "result": [
          {
            "reference": "urn:uuid:608f3585-2a01-4f5c-84ad-3373ca375e37",
            "display": "Blood Pressure"
          },
          {
            "reference": "urn:uuid:e21af869-1f89-4bee-b907-0042f0f40053",
            "display": "Total Cholesterol"
          },
          {
            "reference": "urn:uuid:c49f4950-5ffc-4f42-8b96-7364ce2c9aea",
            "display": "Triglycerides"
          },
          {
            "reference": "urn:uuid:ad646f74-1097-4f24-888c-64ea010fa00e",
            "display": "Low Density Lipoprotein Cholesterol"
          }
        ]
      }
    },
    {
      "fullUrl": "urn:uuid:fee74f10-b44c-4413-8cea-c6dedaac9288",
      "resource": {
        "resourceType": "Claim",
        "id": "fee74f10-b44c-4413-8cea-c6dedaac9288",
        "status": "active",
        "use": "complete",
        "patient": {
          "reference": "urn:uuid:9c1569f5-4d1d-4029-a1bf-e1c28d7da2b4"
        },
        "billablePeriod": {
          "start": "2013-03-27T14:18:38-04:00",
          "end": "2013-03-27T14:18:38-04:00"
        },
        "organization": {
          "reference": "urn:uuid:a8c7844a-f2ae-44b1-b219-7fb7fc5ed484"
        },
        "information": [
          {
            "sequence": 1,
            "category": {
              "coding": [
                {
                  "system": "http://hl7.org/fhir/claiminformationcategory",
                  "code": "info"
                }
              ]
            },
            "valueReference": {
              "reference": "urn:uuid:1dee80f4-fc40-4b92-9cf2-6f5e0d283eb8"
            }
          }
        ],
        "item": [
          {
            "sequence": 1,
            "encounter": [
              {
                "reference": "urn:uuid:1e9939b8-882c-4cf4-ab02-bb9f1330aad7"
              }
            ]
          },
          {
            "sequence": 2,
            "informationLinkId": [
              1
            ],
            "net": {
              "value": 136.00,
              "system": "urn:iso:std:iso:4217",
              "code": "USD"
            }
          }
        ],
        "total": {
          "value": 261.00,
          "system": "urn:iso:std:iso:4217",
          "code": "USD"
        }
      }
    },
    {
      "fullUrl": "urn:uuid:83fb4982-7ce1-46af-a527-073559fee8fb",
      "resource": {
        "resourceType": "Encounter",
        "id": "83fb4982-7ce1-46af-a527-073559fee8fb",
        "meta": {
          "profile": [
            "http://standardhealthrecord.org/fhir/StructureDefinition/shr-encounter-EncounterPerformed"
          ]
        },
        "extension": [
          {
            "url": "http://standardhealthrecord.org/fhir/StructureDefinition/shr-action-PerformedContext-extension",
            "extension": [
              {
                "url": "http://standardhealthrecord.org/fhir/StructureDefinition/shr-action-Status-extension",
                "valueCode": "finished"
              }
            ]
          }
        ],
        "status": "finished",
        "class": {
          "code": "ambulatory"
        },
        "type": [
          {
            "coding": [
              {
                "system": "http://snomed.info/sct",
                "code": "185345009",
                "display": "Encounter for symptom"
              }
            ],
            "text": "Encounter for symptom"
          }
        ],
        "subject": {
          "reference": "urn:uuid:9c1569f5-4d1d-4029-a1bf-e1c28d7da2b4"
        },
        "period": {
          "start": "2014-10-07T14:18:38-04:00",
          "end": "2014-10-07T14:18:38-04:00"
        },
        "reason": [
          {
            "coding": [
              {
                "system": "http://snomed.info/sct",
                "code": "444814009",
                "display": "Viral sinusitis (disorder)"
              }
            ]
          }
        ],
        "serviceProvider": {
          "reference": "urn:uuid:a8c7844a-f2ae-44b1-b219-7fb7fc5ed484"
        }
      }
    },
    {
      "fullUrl": "urn:uuid:dbfbf4dc-d77e-43fa-baf9-783464518a72",
      "resource": {
        "resourceType": "Condition",
        "id": "dbfbf4dc-d77e-43fa-baf9-783464518a72",
        "meta": {
          "profile": [
            "http://standardhealthrecord.org/fhir/StructureDefinition/shr-condition-Condition"
          ]
        },
        "clinicalStatus": "resolved",
        "verificationStatus": "confirmed",
        "category": [
          {
            "coding": [
              {
                "system": "http://standardhealthrecord.org/shr/condition/vs/ConditionCategoryVS",
                "code": "disease",
                "display": "Disease"
              }
            ]
          }
        ],
        "code": {
          "coding": [
            {
              "system": "http://snomed.info/sct",
              "code": "444814009",
              "display": "Viral sinusitis (disorder)"
            }
          ],
          "text": "Viral sinusitis (disorder)"
        },
        "subject": {
          "reference": "urn:uuid:9c1569f5-4d1d-4029-a1bf-e1c28d7da2b4"
        },
        "context": {
          "reference": "urn:uuid:83fb4982-7ce1-46af-a527-073559fee8fb"
        },
        "onsetDateTime": "2014-10-07T14:18:38-04:00",
        "abatementDateTime": "2014-10-21T14:18:38-04:00",
        "assertedDate": "2014-10-07T14:18:38-04:00"
      }
    },
    {
      "fullUrl": "urn:uuid:349a93c3-820b-48fb-a092-040ef87118d3",
      "resource": {
        "resourceType": "Claim",
        "id": "349a93c3-820b-48fb-a092-040ef87118d3",
        "status": "active",
        "use": "complete",
        "patient": {
          "reference": "urn:uuid:9c1569f5-4d1d-4029-a1bf-e1c28d7da2b4"
        },
        "billablePeriod": {
          "start": "2014-10-07T14:18:38-04:00",
          "end": "2014-10-07T14:18:38-04:00"
        },
        "organization": {
          "reference": "urn:uuid:a8c7844a-f2ae-44b1-b219-7fb7fc5ed484"
        },
        "diagnosis": [
          {
            "sequence": 1,
            "diagnosisReference": {
              "reference": "urn:uuid:dbfbf4dc-d77e-43fa-baf9-783464518a72"
            }
          }
        ],
        "item": [
          {
            "sequence": 1,
            "encounter": [
              {
                "reference": "urn:uuid:83fb4982-7ce1-46af-a527-073559fee8fb"
              }
            ]
          },
          {
            "sequence": 2,
            "diagnosisLinkId": [
              1
            ]
          }
        ],
        "total": {
          "value": 125.00,
          "system": "urn:iso:std:iso:4217",
          "code": "USD"
        }
      }
    },
    {
      "fullUrl": "urn:uuid:7ea0eb08-50d5-4446-8af5-2e3ec0a7ded0",
      "resource": {
        "resourceType": "Encounter",
        "id": "7ea0eb08-50d5-4446-8af5-2e3ec0a7ded0",
        "meta": {
          "profile": [
            "http://standardhealthrecord.org/fhir/StructureDefinition/shr-encounter-EncounterPerformed"
          ]
        },
        "extension": [
          {
            "url": "http://standardhealthrecord.org/fhir/StructureDefinition/shr-action-PerformedContext-extension",
            "extension": [
              {
                "url": "http://standardhealthrecord.org/fhir/StructureDefinition/shr-action-Status-extension",
                "valueCode": "finished"
              }
            ]
          }
        ],
        "status": "finished",
        "class": {
          "code": "WELLNESS"
        },
        "type": [
          {
            "coding": [
              {
                "system": "http://snomed.info/sct",
                "code": "185349003",
                "display": "Encounter for check up (procedure)"
              }
            ],
            "text": "Encounter for check up (procedure)"
          }
        ],
        "subject": {
          "reference": "urn:uuid:9c1569f5-4d1d-4029-a1bf-e1c28d7da2b4"
        },
        "period": {
          "start": "2015-05-06T14:18:38-04:00",
          "end": "2015-05-06T14:18:38-04:00"
        },
        "serviceProvider": {
          "reference": "urn:uuid:a8c7844a-f2ae-44b1-b219-7fb7fc5ed484"
        }
      }
    },
    {
      "fullUrl": "urn:uuid:842a0134-757e-4928-a995-3cc64259699e",
      "resource": {
        "resourceType": "Observation",
        "id": "842a0134-757e-4928-a995-3cc64259699e",
        "meta": {
          "profile": [
            "http://standardhealthrecord.org/fhir/StructureDefinition/shr-finding-Observation",
            "http://standardhealthrecord.org/fhir/StructureDefinition/shr-vital-VitalSign",
            "http://standardhealthrecord.org/fhir/StructureDefinition/shr-vital-BodyHeight"
          ]
        },
        "status": "final",
        "category": [
          {
            "coding": [
              {
                "system": "http://hl7.org/fhir/observation-category",
                "code": "vital-signs",
                "display": "vital-signs"
              }
            ]
          }
        ],
        "code": {
          "coding": [
            {
              "system": "http://loinc.org",
              "code": "8302-2",
              "display": "Body Height"
            }
          ],
          "text": "Body Height"
        },
        "subject": {
          "reference": "urn:uuid:9c1569f5-4d1d-4029-a1bf-e1c28d7da2b4"
        },
        "context": {
          "reference": "urn:uuid:7ea0eb08-50d5-4446-8af5-2e3ec0a7ded0"
        },
        "effectiveDateTime": "2015-05-06T14:18:38-04:00",
        "issued": "2015-05-06T14:18:38.588-04:00",
        "valueQuantity": {
          "value": 175.62879776861988,
          "unit": "cm",
          "system": "http://unitsofmeasure.org",
          "code": "cm"
        }
      }
    },
    {
      "fullUrl": "urn:uuid:cc7bc637-a12f-4ed3-875c-8c1533799252",
      "resource": {
        "resourceType": "Observation",
        "id": "cc7bc637-a12f-4ed3-875c-8c1533799252",
        "meta": {
          "profile": [
            "http://standardhealthrecord.org/fhir/StructureDefinition/shr-finding-Observation",
            "http://standardhealthrecord.org/fhir/StructureDefinition/shr-vital-VitalSign",
            "http://standardhealthrecord.org/fhir/StructureDefinition/shr-vital-BodyWeight"
          ]
        },
        "status": "final",
        "category": [
          {
            "coding": [
              {
                "system": "http://hl7.org/fhir/observation-category",
                "code": "vital-signs",
                "display": "vital-signs"
              }
            ]
          }
        ],
        "code": {
          "coding": [
            {
              "system": "http://loinc.org",
              "code": "29463-7",
              "display": "Body Weight"
            }
          ],
          "text": "Body Weight"
        },
        "subject": {
          "reference": "urn:uuid:9c1569f5-4d1d-4029-a1bf-e1c28d7da2b4"
        },
        "context": {
          "reference": "urn:uuid:7ea0eb08-50d5-4446-8af5-2e3ec0a7ded0"
        },
        "effectiveDateTime": "2015-05-06T14:18:38-04:00",
        "issued": "2015-05-06T14:18:38.588-04:00",
        "valueQuantity": {
          "value": 100.77227752755638,
          "unit": "kg",
          "system": "http://unitsofmeasure.org",
          "code": "kg"
        }
      }
    },
    {
      "fullUrl": "urn:uuid:ee8b2bcf-c496-4f35-b999-20e6e4c9116f",
      "resource": {
        "resourceType": "Observation",
        "id": "ee8b2bcf-c496-4f35-b999-20e6e4c9116f",
        "meta": {
          "profile": [
            "http://standardhealthrecord.org/fhir/StructureDefinition/shr-finding-Observation",
            "http://standardhealthrecord.org/fhir/StructureDefinition/shr-vital-VitalSign",
            "http://standardhealthrecord.org/fhir/StructureDefinition/shr-vital-BodyMassIndex"
          ]
        },
        "status": "final",
        "category": [
          {
            "coding": [
              {
                "system": "http://hl7.org/fhir/observation-category",
                "code": "vital-signs",
                "display": "vital-signs"
              }
            ]
          }
        ],
        "code": {
          "coding": [
            {
              "system": "http://loinc.org",
              "code": "39156-5",
              "display": "Body Mass Index"
            }
          ],
          "text": "Body Mass Index"
        },
        "subject": {
          "reference": "urn:uuid:9c1569f5-4d1d-4029-a1bf-e1c28d7da2b4"
        },
        "context": {
          "reference": "urn:uuid:7ea0eb08-50d5-4446-8af5-2e3ec0a7ded0"
        },
        "effectiveDateTime": "2015-05-06T14:18:38-04:00",
        "issued": "2015-05-06T14:18:38.588-04:00",
        "valueQuantity": {
          "value": 32.67003630707477,
          "unit": "kg/m2",
          "system": "http://unitsofmeasure.org",
          "code": "kg/m2"
        }
      }
    },
    {
      "fullUrl": "urn:uuid:cde95bc6-050b-4bee-b02e-64f06f53c960",
      "resource": {
        "resourceType": "Observation",
        "id": "cde95bc6-050b-4bee-b02e-64f06f53c960",
        "meta": {
          "profile": [
            "http://standardhealthrecord.org/fhir/StructureDefinition/shr-finding-Observation",
            "http://standardhealthrecord.org/fhir/StructureDefinition/shr-vital-VitalSign",
            "http://standardhealthrecord.org/fhir/StructureDefinition/shr-vital-BloodPressure"
          ]
        },
        "status": "final",
        "category": [
          {
            "coding": [
              {
                "system": "http://hl7.org/fhir/observation-category",
                "code": "vital-signs",
                "display": "vital-signs"
              }
            ]
          }
        ],
        "code": {
          "coding": [
            {
              "system": "http://loinc.org",
              "code": "55284-4",
              "display": "Blood Pressure"
            }
          ],
          "text": "Blood Pressure"
        },
        "subject": {
          "reference": "urn:uuid:9c1569f5-4d1d-4029-a1bf-e1c28d7da2b4"
        },
        "context": {
          "reference": "urn:uuid:7ea0eb08-50d5-4446-8af5-2e3ec0a7ded0"
        },
        "effectiveDateTime": "2015-05-06T14:18:38-04:00",
        "issued": "2015-05-06T14:18:38.588-04:00",
        "component": [
          {
            "code": {
              "coding": [
                {
                  "system": "http://loinc.org",
                  "code": "8462-4",
                  "display": "Diastolic Blood Pressure"
                }
              ],
              "text": "Diastolic Blood Pressure"
            },
            "valueQuantity": {
              "value": 84.86778934554432,
              "unit": "mmHg",
              "system": "http://unitsofmeasure.org",
              "code": "mmHg"
            }
          },
          {
            "code": {
              "coding": [
                {
                  "system": "http://loinc.org",
                  "code": "8480-6",
                  "display": "Systolic Blood Pressure"
                }
              ],
              "text": "Systolic Blood Pressure"
            },
            "valueQuantity": {
              "value": 116.78352573594228,
              "unit": "mmHg",
              "system": "http://unitsofmeasure.org",
              "code": "mmHg"
            }
          }
        ]
      }
    },
    {
      "fullUrl": "urn:uuid:c95d1bdd-a68a-4da7-b951-959f5342292d",
      "resource": {
        "resourceType": "Procedure",
        "id": "c95d1bdd-a68a-4da7-b951-959f5342292d",
        "meta": {
          "profile": [
            "http://standardhealthrecord.org/fhir/StructureDefinition/shr-procedure-ProcedurePerformed"
          ]
        },
        "extension": [
          {
            "url": "http://standardhealthrecord.org/fhir/StructureDefinition/shr-action-PerformedContext-extension",
            "extension": [
              {
                "url": "http://standardhealthrecord.org/fhir/StructureDefinition/shr-action-Status-extension",
                "valueCode": "completed"
              }
            ]
          }
        ],
        "status": "completed",
        "code": {
          "coding": [
            {
              "system": "http://snomed.info/sct",
              "code": "428191000124101",
              "display": "Documentation of current medications"
            }
          ],
          "text": "Documentation of current medications"
        },
        "subject": {
          "reference": "urn:uuid:9c1569f5-4d1d-4029-a1bf-e1c28d7da2b4"
        },
        "context": {
          "reference": "urn:uuid:7ea0eb08-50d5-4446-8af5-2e3ec0a7ded0"
        },
        "performedDateTime": "2015-05-06T14:18:38-04:00"
      }
    },
    {
      "fullUrl": "urn:uuid:58584b14-0e59-462b-aef6-65e4008a1909",
      "resource": {
        "resourceType": "Immunization",
        "id": "58584b14-0e59-462b-aef6-65e4008a1909",
        "meta": {
          "profile": [
            "http://standardhealthrecord.org/fhir/StructureDefinition/shr-immunization-ImmunizationGiven"
          ]
        },
        "extension": [
          {
            "url": "http://standardhealthrecord.org/fhir/StructureDefinition/shr-action-PerformedContext-extension",
            "extension": [
              {
                "url": "http://standardhealthrecord.org/fhir/StructureDefinition/shr-action-Status-extension",
                "valueCode": "completed"
              }
            ]
          }
        ],
        "status": "completed",
        "notGiven": false,
        "vaccineCode": {
          "coding": [
            {
              "system": "http://hl7.org/fhir/sid/cvx",
              "code": "140",
              "display": "Influenza, seasonal, injectable, preservative free"
            }
          ],
          "text": "Influenza, seasonal, injectable, preservative free"
        },
        "patient": {
          "reference": "urn:uuid:9c1569f5-4d1d-4029-a1bf-e1c28d7da2b4"
        },
        "encounter": {
          "reference": "urn:uuid:7ea0eb08-50d5-4446-8af5-2e3ec0a7ded0"
        },
        "date": "2015-05-06T14:18:38-04:00",
        "primarySource": true
      }
    },
    {
      "fullUrl": "urn:uuid:ead023ef-212b-46e6-9ace-efae2ba2f8e6",
      "resource": {
        "resourceType": "Claim",
        "id": "ead023ef-212b-46e6-9ace-efae2ba2f8e6",
        "status": "active",
        "use": "complete",
        "patient": {
          "reference": "urn:uuid:9c1569f5-4d1d-4029-a1bf-e1c28d7da2b4"
        },
        "billablePeriod": {
          "start": "2015-05-06T14:18:38-04:00",
          "end": "2015-05-06T14:18:38-04:00"
        },
        "organization": {
          "reference": "urn:uuid:a8c7844a-f2ae-44b1-b219-7fb7fc5ed484"
        },
        "information": [
          {
            "sequence": 1,
            "category": {
              "coding": [
                {
                  "system": "http://hl7.org/fhir/claiminformationcategory",
                  "code": "info"
                }
              ]
            },
            "valueReference": {
              "reference": "urn:uuid:58584b14-0e59-462b-aef6-65e4008a1909"
            }
          }
        ],
        "procedure": [
          {
            "sequence": 1,
            "procedureReference": {
              "reference": "urn:uuid:c95d1bdd-a68a-4da7-b951-959f5342292d"
            }
          }
        ],
        "item": [
          {
            "sequence": 1,
            "encounter": [
              {
                "reference": "urn:uuid:7ea0eb08-50d5-4446-8af5-2e3ec0a7ded0"
              }
            ]
          },
          {
            "sequence": 2,
            "informationLinkId": [
              1
            ],
            "net": {
              "value": 136.00,
              "system": "urn:iso:std:iso:4217",
              "code": "USD"
            }
          },
          {
            "sequence": 3,
            "procedureLinkId": [
              1
            ],
            "net": {
              "value": 500.00,
              "system": "urn:iso:std:iso:4217",
              "code": "USD"
            }
          }
        ],
        "total": {
          "value": 761.00,
          "system": "urn:iso:std:iso:4217",
          "code": "USD"
        }
      }
    },
    {
      "fullUrl": "urn:uuid:9eec23c4-00f1-418a-9abb-aa8f16b4698e",
      "resource": {
        "resourceType": "Encounter",
        "id": "9eec23c4-00f1-418a-9abb-aa8f16b4698e",
        "meta": {
          "profile": [
            "http://standardhealthrecord.org/fhir/StructureDefinition/shr-encounter-EncounterPerformed"
          ]
        },
        "extension": [
          {
            "url": "http://standardhealthrecord.org/fhir/StructureDefinition/shr-action-PerformedContext-extension",
            "extension": [
              {
                "url": "http://standardhealthrecord.org/fhir/StructureDefinition/shr-action-Status-extension",
                "valueCode": "finished"
              }
            ]
          }
        ],
        "status": "finished",
        "class": {
          "code": "WELLNESS"
        },
        "type": [
          {
            "coding": [
              {
                "system": "http://snomed.info/sct",
                "code": "185349003",
                "display": "Encounter for check up (procedure)"
              }
            ],
            "text": "Encounter for check up (procedure)"
          }
        ],
        "subject": {
          "reference": "urn:uuid:9c1569f5-4d1d-4029-a1bf-e1c28d7da2b4"
        },
        "period": {
          "start": "2017-05-10T14:18:38-04:00",
          "end": "2017-05-10T14:18:38-04:00"
        },
        "serviceProvider": {
          "reference": "urn:uuid:a8c7844a-f2ae-44b1-b219-7fb7fc5ed484"
        }
      }
    },
    {
      "fullUrl": "urn:uuid:09fcd289-6f8b-4300-abab-b2188fef8918",
      "resource": {
        "resourceType": "Observation",
        "id": "09fcd289-6f8b-4300-abab-b2188fef8918",
        "meta": {
          "profile": [
            "http://standardhealthrecord.org/fhir/StructureDefinition/shr-finding-Observation",
            "http://standardhealthrecord.org/fhir/StructureDefinition/shr-vital-VitalSign",
            "http://standardhealthrecord.org/fhir/StructureDefinition/shr-vital-BodyHeight"
          ]
        },
        "status": "final",
        "category": [
          {
            "coding": [
              {
                "system": "http://hl7.org/fhir/observation-category",
                "code": "vital-signs",
                "display": "vital-signs"
              }
            ]
          }
        ],
        "code": {
          "coding": [
            {
              "system": "http://loinc.org",
              "code": "8302-2",
              "display": "Body Height"
            }
          ],
          "text": "Body Height"
        },
        "subject": {
          "reference": "urn:uuid:9c1569f5-4d1d-4029-a1bf-e1c28d7da2b4"
        },
        "context": {
          "reference": "urn:uuid:9eec23c4-00f1-418a-9abb-aa8f16b4698e"
        },
        "effectiveDateTime": "2017-05-10T14:18:38-04:00",
        "issued": "2017-05-10T14:18:38.588-04:00",
        "valueQuantity": {
          "value": 175.62879776861988,
          "unit": "cm",
          "system": "http://unitsofmeasure.org",
          "code": "cm"
        }
      }
    },
    {
      "fullUrl": "urn:uuid:3fbf5662-75e2-4f0e-95d7-d195b384e759",
      "resource": {
        "resourceType": "Observation",
        "id": "3fbf5662-75e2-4f0e-95d7-d195b384e759",
        "meta": {
          "profile": [
            "http://standardhealthrecord.org/fhir/StructureDefinition/shr-finding-Observation",
            "http://standardhealthrecord.org/fhir/StructureDefinition/shr-vital-VitalSign",
            "http://standardhealthrecord.org/fhir/StructureDefinition/shr-vital-BodyWeight"
          ]
        },
        "status": "final",
        "category": [
          {
            "coding": [
              {
                "system": "http://hl7.org/fhir/observation-category",
                "code": "vital-signs",
                "display": "vital-signs"
              }
            ]
          }
        ],
        "code": {
          "coding": [
            {
              "system": "http://loinc.org",
              "code": "29463-7",
              "display": "Body Weight"
            }
          ],
          "text": "Body Weight"
        },
        "subject": {
          "reference": "urn:uuid:9c1569f5-4d1d-4029-a1bf-e1c28d7da2b4"
        },
        "context": {
          "reference": "urn:uuid:9eec23c4-00f1-418a-9abb-aa8f16b4698e"
        },
        "effectiveDateTime": "2017-05-10T14:18:38-04:00",
        "issued": "2017-05-10T14:18:38.588-04:00",
        "valueQuantity": {
          "value": 105.4881601012893,
          "unit": "kg",
          "system": "http://unitsofmeasure.org",
          "code": "kg"
        }
      }
    },
    {
      "fullUrl": "urn:uuid:8f04668a-56bb-4388-9bff-b035b57411f1",
      "resource": {
        "resourceType": "Observation",
        "id": "8f04668a-56bb-4388-9bff-b035b57411f1",
        "meta": {
          "profile": [
            "http://standardhealthrecord.org/fhir/StructureDefinition/shr-finding-Observation",
            "http://standardhealthrecord.org/fhir/StructureDefinition/shr-vital-VitalSign",
            "http://standardhealthrecord.org/fhir/StructureDefinition/shr-vital-BodyMassIndex"
          ]
        },
        "status": "final",
        "category": [
          {
            "coding": [
              {
                "system": "http://hl7.org/fhir/observation-category",
                "code": "vital-signs",
                "display": "vital-signs"
              }
            ]
          }
        ],
        "code": {
          "coding": [
            {
              "system": "http://loinc.org",
              "code": "39156-5",
              "display": "Body Mass Index"
            }
          ],
          "text": "Body Mass Index"
        },
        "subject": {
          "reference": "urn:uuid:9c1569f5-4d1d-4029-a1bf-e1c28d7da2b4"
        },
        "context": {
          "reference": "urn:uuid:9eec23c4-00f1-418a-9abb-aa8f16b4698e"
        },
        "effectiveDateTime": "2017-05-10T14:18:38-04:00",
        "issued": "2017-05-10T14:18:38.588-04:00",
        "valueQuantity": {
          "value": 34.19890971039371,
          "unit": "kg/m2",
          "system": "http://unitsofmeasure.org",
          "code": "kg/m2"
        }
      }
    },
    {
      "fullUrl": "urn:uuid:8f767494-8698-4165-a2d7-a556b5dc1d23",
      "resource": {
        "resourceType": "Observation",
        "id": "8f767494-8698-4165-a2d7-a556b5dc1d23",
        "meta": {
          "profile": [
            "http://standardhealthrecord.org/fhir/StructureDefinition/shr-finding-Observation",
            "http://standardhealthrecord.org/fhir/StructureDefinition/shr-vital-VitalSign",
            "http://standardhealthrecord.org/fhir/StructureDefinition/shr-vital-BloodPressure"
          ]
        },
        "status": "final",
        "category": [
          {
            "coding": [
              {
                "system": "http://hl7.org/fhir/observation-category",
                "code": "vital-signs",
                "display": "vital-signs"
              }
            ]
          }
        ],
        "code": {
          "coding": [
            {
              "system": "http://loinc.org",
              "code": "55284-4",
              "display": "Blood Pressure"
            }
          ],
          "text": "Blood Pressure"
        },
        "subject": {
          "reference": "urn:uuid:9c1569f5-4d1d-4029-a1bf-e1c28d7da2b4"
        },
        "context": {
          "reference": "urn:uuid:9eec23c4-00f1-418a-9abb-aa8f16b4698e"
        },
        "effectiveDateTime": "2017-05-10T14:18:38-04:00",
        "issued": "2017-05-10T14:18:38.588-04:00",
        "component": [
          {
            "code": {
              "coding": [
                {
                  "system": "http://loinc.org",
                  "code": "8462-4",
                  "display": "Diastolic Blood Pressure"
                }
              ],
              "text": "Diastolic Blood Pressure"
            },
            "valueQuantity": {
              "value": 85.39269777730223,
              "unit": "mmHg",
              "system": "http://unitsofmeasure.org",
              "code": "mmHg"
            }
          },
          {
            "code": {
              "coding": [
                {
                  "system": "http://loinc.org",
                  "code": "8480-6",
                  "display": "Systolic Blood Pressure"
                }
              ],
              "text": "Systolic Blood Pressure"
            },
            "valueQuantity": {
              "value": 125.31324277850234,
              "unit": "mmHg",
              "system": "http://unitsofmeasure.org",
              "code": "mmHg"
            }
          }
        ]
      }
    },
    {
      "fullUrl": "urn:uuid:aa84e109-72b6-4e81-841b-efa84f4478d2",
      "resource": {
        "resourceType": "Observation",
        "id": "aa84e109-72b6-4e81-841b-efa84f4478d2",
        "meta": {
          "profile": [
            "http://standardhealthrecord.org/fhir/StructureDefinition/shr-finding-Observation"
          ]
        },
        "status": "final",
        "category": [
          {
            "coding": [
              {
                "system": "http://hl7.org/fhir/observation-category",
                "code": "laboratory",
                "display": "laboratory"
              }
            ]
          }
        ],
        "code": {
          "coding": [
            {
              "system": "http://loinc.org",
              "code": "2093-3",
              "display": "Total Cholesterol"
            }
          ],
          "text": "Total Cholesterol"
        },
        "subject": {
          "reference": "urn:uuid:9c1569f5-4d1d-4029-a1bf-e1c28d7da2b4"
        },
        "context": {
          "reference": "urn:uuid:9eec23c4-00f1-418a-9abb-aa8f16b4698e"
        },
        "effectiveDateTime": "2017-05-10T14:18:38-04:00",
        "issued": "2017-05-10T14:18:38.588-04:00",
        "valueQuantity": {
          "value": 172.45198620974006,
          "unit": "mg/dL",
          "system": "http://unitsofmeasure.org",
          "code": "mg/dL"
        }
      }
    },
    {
      "fullUrl": "urn:uuid:04806028-2d21-4820-b2f2-e6398dee798e",
      "resource": {
        "resourceType": "Observation",
        "id": "04806028-2d21-4820-b2f2-e6398dee798e",
        "meta": {
          "profile": [
            "http://standardhealthrecord.org/fhir/StructureDefinition/shr-finding-Observation"
          ]
        },
        "status": "final",
        "category": [
          {
            "coding": [
              {
                "system": "http://hl7.org/fhir/observation-category",
                "code": "laboratory",
                "display": "laboratory"
              }
            ]
          }
        ],
        "code": {
          "coding": [
            {
              "system": "http://loinc.org",
              "code": "2571-8",
              "display": "Triglycerides"
            }
          ],
          "text": "Triglycerides"
        },
        "subject": {
          "reference": "urn:uuid:9c1569f5-4d1d-4029-a1bf-e1c28d7da2b4"
        },
        "context": {
          "reference": "urn:uuid:9eec23c4-00f1-418a-9abb-aa8f16b4698e"
        },
        "effectiveDateTime": "2017-05-10T14:18:38-04:00",
        "issued": "2017-05-10T14:18:38.588-04:00",
        "valueQuantity": {
          "value": 103.35666246386141,
          "unit": "mg/dL",
          "system": "http://unitsofmeasure.org",
          "code": "mg/dL"
        }
      }
    },
    {
      "fullUrl": "urn:uuid:e3ebd445-9ba7-4191-8a20-1729bcc0e3f9",
      "resource": {
        "resourceType": "Observation",
        "id": "e3ebd445-9ba7-4191-8a20-1729bcc0e3f9",
        "meta": {
          "profile": [
            "http://standardhealthrecord.org/fhir/StructureDefinition/shr-finding-Observation"
          ]
        },
        "status": "final",
        "category": [
          {
            "coding": [
              {
                "system": "http://hl7.org/fhir/observation-category",
                "code": "laboratory",
                "display": "laboratory"
              }
            ]
          }
        ],
        "code": {
          "coding": [
            {
              "system": "http://loinc.org",
              "code": "18262-6",
              "display": "Low Density Lipoprotein Cholesterol"
            }
          ],
          "text": "Low Density Lipoprotein Cholesterol"
        },
        "subject": {
          "reference": "urn:uuid:9c1569f5-4d1d-4029-a1bf-e1c28d7da2b4"
        },
        "context": {
          "reference": "urn:uuid:9eec23c4-00f1-418a-9abb-aa8f16b4698e"
        },
        "effectiveDateTime": "2017-05-10T14:18:38-04:00",
        "issued": "2017-05-10T14:18:38.588-04:00",
        "valueQuantity": {
          "value": 73.69599554013908,
          "unit": "mg/dL",
          "system": "http://unitsofmeasure.org",
          "code": "mg/dL"
        }
      }
    },
    {
      "fullUrl": "urn:uuid:134edc3f-7135-48ad-9eb6-93ebbe5bcd89",
      "resource": {
        "resourceType": "Observation",
        "id": "134edc3f-7135-48ad-9eb6-93ebbe5bcd89",
        "meta": {
          "profile": [
            "http://standardhealthrecord.org/fhir/StructureDefinition/shr-finding-Observation"
          ]
        },
        "status": "final",
        "category": [
          {
            "coding": [
              {
                "system": "http://hl7.org/fhir/observation-category",
                "code": "laboratory",
                "display": "laboratory"
              }
            ]
          }
        ],
        "code": {
          "coding": [
            {
              "system": "http://loinc.org",
              "code": "2085-9",
              "display": "High Density Lipoprotein Cholesterol"
            }
          ],
          "text": "High Density Lipoprotein Cholesterol"
        },
        "subject": {
          "reference": "urn:uuid:9c1569f5-4d1d-4029-a1bf-e1c28d7da2b4"
        },
        "context": {
          "reference": "urn:uuid:9eec23c4-00f1-418a-9abb-aa8f16b4698e"
        },
        "effectiveDateTime": "2017-05-10T14:18:38-04:00",
        "issued": "2017-05-10T14:18:38.588-04:00",
        "valueQuantity": {
          "value": 78.0846581768287,
          "unit": "mg/dL",
          "system": "http://unitsofmeasure.org",
          "code": "mg/dL"
        }
      }
    },
    {
      "fullUrl": "urn:uuid:88f58ad5-488b-4114-a174-776f149f4878",
      "resource": {
        "resourceType": "Immunization",
        "id": "88f58ad5-488b-4114-a174-776f149f4878",
        "meta": {
          "profile": [
            "http://standardhealthrecord.org/fhir/StructureDefinition/shr-immunization-ImmunizationGiven"
          ]
        },
        "extension": [
          {
            "url": "http://standardhealthrecord.org/fhir/StructureDefinition/shr-action-PerformedContext-extension",
            "extension": [
              {
                "url": "http://standardhealthrecord.org/fhir/StructureDefinition/shr-action-Status-extension",
                "valueCode": "completed"
              }
            ]
          }
        ],
        "status": "completed",
        "notGiven": false,
        "vaccineCode": {
          "coding": [
            {
              "system": "http://hl7.org/fhir/sid/cvx",
              "code": "140",
              "display": "Influenza, seasonal, injectable, preservative free"
            }
          ],
          "text": "Influenza, seasonal, injectable, preservative free"
        },
        "patient": {
          "reference": "urn:uuid:9c1569f5-4d1d-4029-a1bf-e1c28d7da2b4"
        },
        "encounter": {
          "reference": "urn:uuid:9eec23c4-00f1-418a-9abb-aa8f16b4698e"
        },
        "date": "2017-05-10T14:18:38-04:00",
        "primarySource": true
      }
    },
    {
      "fullUrl": "urn:uuid:e4fe4a7e-7322-474a-84aa-d545ee775af0",
      "resource": {
        "resourceType": "Immunization",
        "id": "e4fe4a7e-7322-474a-84aa-d545ee775af0",
        "meta": {
          "profile": [
            "http://standardhealthrecord.org/fhir/StructureDefinition/shr-immunization-ImmunizationGiven"
          ]
        },
        "extension": [
          {
            "url": "http://standardhealthrecord.org/fhir/StructureDefinition/shr-action-PerformedContext-extension",
            "extension": [
              {
                "url": "http://standardhealthrecord.org/fhir/StructureDefinition/shr-action-Status-extension",
                "valueCode": "completed"
              }
            ]
          }
        ],
        "status": "completed",
        "notGiven": false,
        "vaccineCode": {
          "coding": [
            {
              "system": "http://hl7.org/fhir/sid/cvx",
              "code": "113",
              "display": "Td (adult) preservative free"
            }
          ],
          "text": "Td (adult) preservative free"
        },
        "patient": {
          "reference": "urn:uuid:9c1569f5-4d1d-4029-a1bf-e1c28d7da2b4"
        },
        "encounter": {
          "reference": "urn:uuid:9eec23c4-00f1-418a-9abb-aa8f16b4698e"
        },
        "date": "2017-05-10T14:18:38-04:00",
        "primarySource": true
      }
    },
    {
      "fullUrl": "urn:uuid:decac604-919f-441b-aa48-bfb15adf9d07",
      "resource": {
        "resourceType": "DiagnosticReport",
        "id": "decac604-919f-441b-aa48-bfb15adf9d07",
        "status": "final",
        "code": {
          "coding": [
            {
              "system": "http://loinc.org",
              "code": "57698-3",
              "display": "Lipid Panel"
            }
          ],
          "text": "Lipid Panel"
        },
        "subject": {
          "reference": "urn:uuid:9c1569f5-4d1d-4029-a1bf-e1c28d7da2b4"
        },
        "context": {
          "reference": "urn:uuid:9eec23c4-00f1-418a-9abb-aa8f16b4698e"
        },
        "effectiveDateTime": "2017-05-10T14:18:38-04:00",
        "issued": "2017-05-10T14:18:38.588-04:00",
        "result": [
          {
            "reference": "urn:uuid:8f767494-8698-4165-a2d7-a556b5dc1d23",
            "display": "Blood Pressure"
          },
          {
            "reference": "urn:uuid:aa84e109-72b6-4e81-841b-efa84f4478d2",
            "display": "Total Cholesterol"
          },
          {
            "reference": "urn:uuid:04806028-2d21-4820-b2f2-e6398dee798e",
            "display": "Triglycerides"
          },
          {
            "reference": "urn:uuid:e3ebd445-9ba7-4191-8a20-1729bcc0e3f9",
            "display": "Low Density Lipoprotein Cholesterol"
          }
        ]
      }
    },
    {
      "fullUrl": "urn:uuid:b818b18f-5989-46c0-af76-be22486538f8",
      "resource": {
        "resourceType": "Claim",
        "id": "b818b18f-5989-46c0-af76-be22486538f8",
        "status": "active",
        "use": "complete",
        "patient": {
          "reference": "urn:uuid:9c1569f5-4d1d-4029-a1bf-e1c28d7da2b4"
        },
        "billablePeriod": {
          "start": "2017-05-10T14:18:38-04:00",
          "end": "2017-05-10T14:18:38-04:00"
        },
        "organization": {
          "reference": "urn:uuid:a8c7844a-f2ae-44b1-b219-7fb7fc5ed484"
        },
        "information": [
          {
            "sequence": 1,
            "category": {
              "coding": [
                {
                  "system": "http://hl7.org/fhir/claiminformationcategory",
                  "code": "info"
                }
              ]
            },
            "valueReference": {
              "reference": "urn:uuid:88f58ad5-488b-4114-a174-776f149f4878"
            }
          },
          {
            "sequence": 2,
            "category": {
              "coding": [
                {
                  "system": "http://hl7.org/fhir/claiminformationcategory",
                  "code": "info"
                }
              ]
            },
            "valueReference": {
              "reference": "urn:uuid:e4fe4a7e-7322-474a-84aa-d545ee775af0"
            }
          }
        ],
        "item": [
          {
            "sequence": 1,
            "encounter": [
              {
                "reference": "urn:uuid:9eec23c4-00f1-418a-9abb-aa8f16b4698e"
              }
            ]
          },
          {
            "sequence": 2,
            "informationLinkId": [
              1
            ],
            "net": {
              "value": 136.00,
              "system": "urn:iso:std:iso:4217",
              "code": "USD"
            }
          },
          {
            "sequence": 3,
            "informationLinkId": [
              2
            ],
            "net": {
              "value": 136.00,
              "system": "urn:iso:std:iso:4217",
              "code": "USD"
            }
          }
        ],
        "total": {
          "value": 397.00,
          "system": "urn:iso:std:iso:4217",
          "code": "USD"
        }
      }
    }
  ]
}
