{
  "resourceType": "Bundle",
  "type": "collection",
  "entry": [
    {
      "fullUrl": "urn:uuid:0bd551ef-a532-4a96-b2f3-ce6592df631b",
      "resource": {
        "resourceType": "Basic",
        "id": "0bd551ef-a532-4a96-b2f3-ce6592df631b",
        "meta": {
          "profile": [
            "http://standardhealthrecord.org/fhir/StructureDefinition/shr-entity-Person"
          ]
        },
        "code": {
          "coding": [
            {
              "system": "http://standardhealthrecord.org/fhir/basic-resource-type",
              "code": "shr-entity-Person",
              "display": "shr-entity-Person"
            }
          ]
        }
      }
    },
    {
      "fullUrl": "urn:uuid:19307361-672b-4dff-8cc0-f4464cc4c92f",
      "resource": {
        "resourceType": "Patient",
        "id": "19307361-672b-4dff-8cc0-f4464cc4c92f",
        "meta": {
          "profile": [
            "http://standardhealthrecord.org/fhir/StructureDefinition/shr-entity-Patient"
          ]
        },
        "text": {
          "status": "generated",
          "div": "<div xmlns=\"http://www.w3.org/1999/xhtml\">Generated by <a href=\"https://github.com/synthetichealth/synthea\">Synthea</a>.Version identifier: synthea-java .   Person seed: -6246552062854913303  Population seed: 1527092441026</div>"
        },
        "extension": [
          {
            "url": "http://hl7.org/fhir/us/core/StructureDefinition/us-core-race",
            "extension": [
              {
                "url": "ombCategory",
                "valueCoding": {
                  "system": "urn:oid:2.16.840.1.113883.6.238",
                  "code": "2106-3",
                  "display": "White"
                }
              },
              {
                "url": "text",
                "valueString": "White"
              }
            ]
          },
          {
            "url": "http://hl7.org/fhir/us/core/StructureDefinition/us-core-ethnicity",
            "extension": [
              {
                "url": "ombCategory",
                "valueCoding": {
                  "system": "urn:oid:2.16.840.1.113883.6.238",
                  "code": "2186-5",
                  "display": "Not Hispanic or Latino"
                }
              },
              {
                "url": "text",
                "valueString": "Not Hispanic or Latino"
              }
            ]
          },
          {
            "url": "http://hl7.org/fhir/StructureDefinition/patient-mothersMaidenName",
            "valueString": "Brooke250 Terry864"
          },
          {
            "url": "http://hl7.org/fhir/us/core/StructureDefinition/us-core-birthsex",
            "valueCode": "M"
          },
          {
            "url": "http://hl7.org/fhir/StructureDefinition/birthPlace",
            "valueAddress": {
              "city": "Midvale",
              "state": "Utah",
              "country": "US"
            }
          },
          {
            "url": "http://standardhealthrecord.org/fhir/StructureDefinition/shr-actor-FictionalPerson-extension",
            "valueBoolean": true
          },
          {
            "url": "http://standardhealthrecord.org/fhir/StructureDefinition/shr-entity-FathersName-extension",
            "valueHumanName": {
              "text": "Reginald96 Kertzmann286"
            }
          },
          {
            "url": "http://standardhealthrecord.org/fhir/StructureDefinition/shr-demographics-SocialSecurityNumber-extension",
            "valueString": "999-76-4801"
          },
          {
            "url": "http://standardhealthrecord.org/fhir/StructureDefinition/shr-entity-Person-extension",
            "valueReference": {
              "reference": "urn:uuid:0bd551ef-a532-4a96-b2f3-ce6592df631b"
            }
          },
          {
            "url": "http://synthetichealth.github.io/synthea/disability-adjusted-life-years",
            "valueDecimal": 0.17775770263092222
          },
          {
            "url": "http://synthetichealth.github.io/synthea/quality-adjusted-life-years",
            "valueDecimal": 37.82224229736908
          }
        ],
        "identifier": [
          {
            "system": "https://github.com/synthetichealth/synthea",
            "value": "68981131-8dc5-4d4a-a015-ae0d58335992"
          },
          {
            "type": {
              "coding": [
                {
                  "system": "http://hl7.org/fhir/v2/0203",
                  "code": "MR",
                  "display": "Medical Record Number"
                }
              ],
              "text": "Medical Record Number"
            },
            "system": "http://hospital.smarthealthit.org",
            "value": "68981131-8dc5-4d4a-a015-ae0d58335992"
          },
          {
            "type": {
              "coding": [
                {
                  "system": "http://hl7.org/fhir/identifier-type",
                  "code": "SB",
                  "display": "Social Security Number"
                }
              ],
              "text": "Social Security Number"
            },
            "system": "http://hl7.org/fhir/sid/us-ssn",
            "value": "999-76-4801"
          },
          {
            "type": {
              "coding": [
                {
                  "system": "http://hl7.org/fhir/v2/0203",
                  "code": "DL",
                  "display": "Driver's License"
                }
              ],
              "text": "Driver's License"
            },
            "system": "urn:oid:2.16.840.1.113883.4.3.25",
            "value": "S99943312"
          },
          {
            "type": {
              "coding": [
                {
                  "system": "http://hl7.org/fhir/v2/0203",
                  "code": "PPN",
                  "display": "Passport Number"
                }
              ],
              "text": "Passport Number"
            },
            "system": "http://standardhealthrecord.org/fhir/StructureDefinition/passportNumber",
            "value": "X67202447X"
          }
        ],
        "name": [
          {
            "use": "official",
            "family": "Kertzmann286",
            "given": [
              "Clarence5"
            ],
            "prefix": [
              "Mr."
            ]
          }
        ],
        "telecom": [
          {
            "system": "phone",
            "value": "555-760-9535",
            "use": "home"
          }
        ],
        "gender": "male",
        "birthDate": "1979-08-25",
        "address": [
          {
            "extension": [
              {
                "url": "http://hl7.org/fhir/StructureDefinition/geolocation",
                "extension": [
                  {
                    "url": "latitude",
                    "valueDecimal": -111.84176399999998
                  },
                  {
                    "url": "longitude",
                    "valueDecimal": 41.740256
                  }
                ]
              }
            ],
            "line": [
              "141 Heathcote Branch Unit 16"
            ],
            "city": "Logan",
            "state": "Utah",
            "postalCode": "84321",
            "country": "US"
          }
        ],
        "maritalStatus": {
          "coding": [
            {
              "system": "http://hl7.org/fhir/v3/MaritalStatus",
              "code": "M",
              "display": "M"
            }
          ],
          "text": "M"
        },
        "multipleBirthBoolean": false,
        "communication": [
          {
            "language": {
              "coding": [
                {
                  "system": "urn:ietf:bcp:47",
                  "code": "en-US",
                  "display": "English"
                }
              ],
              "text": "English"
            }
          }
        ]
      }
    },
    {
      "fullUrl": "urn:uuid:23984de5-8670-4350-a107-d57cec4ef89a",
      "resource": {
        "resourceType": "Organization",
        "id": "23984de5-8670-4350-a107-d57cec4ef89a",
        "meta": {
          "profile": [
            "http://standardhealthrecord.org/fhir/StructureDefinition/shr-entity-Organization"
          ]
        },
        "identifier": [
          {
            "system": "https://github.com/synthetichealth/synthea",
            "value": "d9bf786e-17ea-402a-a602-7d6a9b08f2dd"
          },
          {
            "system": "urn:ietf:rfc:3986",
            "value": "d9bf786e-17ea-402a-a602-7d6a9b08f2dd"
          }
        ],
        "type": [
          {
            "coding": [
              {
                "system": "Healthcare Provider",
                "code": "prov",
                "display": "Healthcare Provider"
              }
            ],
            "text": "Healthcare Provider"
          }
        ],
        "name": "SHRINERS HOSPITALS FOR CHILDREN - S L C",
        "telecom": [
          {
            "system": "phone",
            "value": "8015363500"
          }
        ],
        "address": [
          {
            "line": [
              "1275 E FAIRFAX ROAD"
            ],
            "city": "SALT LAKE CITY",
            "state": "UT",
            "postalCode": "84103",
            "country": "US"
          }
        ],
        "contact": [
          {
            "name": {
              "text": "Synthetic Provider"
            }
          }
        ]
      }
    },
    {
      "fullUrl": "urn:uuid:d6673770-8811-4f9c-829b-8d3d35bdd697",
      "resource": {
        "resourceType": "Encounter",
        "id": "d6673770-8811-4f9c-829b-8d3d35bdd697",
        "meta": {
          "profile": [
            "http://standardhealthrecord.org/fhir/StructureDefinition/shr-encounter-EncounterPerformed"
          ]
        },
        "extension": [
          {
            "url": "http://standardhealthrecord.org/fhir/StructureDefinition/shr-action-PerformedContext-extension",
            "extension": [
              {
                "url": "http://standardhealthrecord.org/fhir/StructureDefinition/shr-action-Status-extension",
                "valueCode": "finished"
              }
            ]
          }
        ],
        "status": "finished",
        "class": {
          "code": "ambulatory"
        },
        "type": [
          {
            "coding": [
              {
                "system": "http://snomed.info/sct",
                "code": "185345009",
                "display": "Encounter for symptom"
              }
            ],
            "text": "Encounter for symptom"
          }
        ],
        "subject": {
          "reference": "urn:uuid:19307361-672b-4dff-8cc0-f4464cc4c92f"
        },
        "period": {
          "start": "2010-09-01T03:17:14-04:00",
          "end": "2010-09-01T03:17:14-04:00"
        },
        "reason": [
          {
            "coding": [
              {
                "system": "http://snomed.info/sct",
                "code": "444814009",
                "display": "Viral sinusitis (disorder)"
              }
            ]
          }
        ],
        "serviceProvider": {
          "reference": "urn:uuid:23984de5-8670-4350-a107-d57cec4ef89a"
        }
      }
    },
    {
      "fullUrl": "urn:uuid:0fbbd35e-b59b-4c1b-8f79-7c534414e586",
      "resource": {
        "resourceType": "Condition",
        "id": "0fbbd35e-b59b-4c1b-8f79-7c534414e586",
        "meta": {
          "profile": [
            "http://standardhealthrecord.org/fhir/StructureDefinition/shr-condition-Condition"
          ]
        },
        "clinicalStatus": "resolved",
        "verificationStatus": "confirmed",
        "category": [
          {
            "coding": [
              {
                "system": "http://standardhealthrecord.org/shr/condition/vs/ConditionCategoryVS",
                "code": "disease",
                "display": "Disease"
              }
            ]
          }
        ],
        "code": {
          "coding": [
            {
              "system": "http://snomed.info/sct",
              "code": "444814009",
              "display": "Viral sinusitis (disorder)"
            }
          ],
          "text": "Viral sinusitis (disorder)"
        },
        "subject": {
          "reference": "urn:uuid:19307361-672b-4dff-8cc0-f4464cc4c92f"
        },
        "context": {
          "reference": "urn:uuid:d6673770-8811-4f9c-829b-8d3d35bdd697"
        },
        "onsetDateTime": "2010-09-01T03:17:14-04:00",
        "abatementDateTime": "2010-09-08T03:17:14-04:00",
        "assertedDate": "2010-09-01T03:17:14-04:00"
      }
    },
    {
      "fullUrl": "urn:uuid:bc5fe928-a38a-4156-b2d2-83d051568e70",
      "resource": {
        "resourceType": "Claim",
        "id": "bc5fe928-a38a-4156-b2d2-83d051568e70",
        "status": "active",
        "use": "complete",
        "patient": {
          "reference": "urn:uuid:19307361-672b-4dff-8cc0-f4464cc4c92f"
        },
        "billablePeriod": {
          "start": "2010-09-01T03:17:14-04:00",
          "end": "2010-09-01T03:17:14-04:00"
        },
        "organization": {
          "reference": "urn:uuid:23984de5-8670-4350-a107-d57cec4ef89a"
        },
        "diagnosis": [
          {
            "sequence": 1,
            "diagnosisReference": {
              "reference": "urn:uuid:0fbbd35e-b59b-4c1b-8f79-7c534414e586"
            }
          }
        ],
        "item": [
          {
            "sequence": 1,
            "encounter": [
              {
                "reference": "urn:uuid:d6673770-8811-4f9c-829b-8d3d35bdd697"
              }
            ]
          },
          {
            "sequence": 2,
            "diagnosisLinkId": [
              1
            ]
          }
        ],
        "total": {
          "value": 125.00,
          "system": "urn:iso:std:iso:4217",
          "code": "USD"
        }
      }
    },
    {
      "fullUrl": "urn:uuid:bccdebbc-0cb8-40d9-8d00-3d2ffea3cede",
      "resource": {
        "resourceType": "Encounter",
        "id": "bccdebbc-0cb8-40d9-8d00-3d2ffea3cede",
        "meta": {
          "profile": [
            "http://standardhealthrecord.org/fhir/StructureDefinition/shr-encounter-EncounterPerformed"
          ]
        },
        "extension": [
          {
            "url": "http://standardhealthrecord.org/fhir/StructureDefinition/shr-action-PerformedContext-extension",
            "extension": [
              {
                "url": "http://standardhealthrecord.org/fhir/StructureDefinition/shr-action-Status-extension",
                "valueCode": "finished"
              }
            ]
          }
        ],
        "status": "finished",
        "class": {
          "code": "WELLNESS"
        },
        "type": [
          {
            "coding": [
              {
                "system": "http://snomed.info/sct",
                "code": "185349003",
                "display": "Encounter for check up (procedure)"
              }
            ],
            "text": "Encounter for check up (procedure)"
          }
        ],
        "subject": {
          "reference": "urn:uuid:19307361-672b-4dff-8cc0-f4464cc4c92f"
        },
        "period": {
          "start": "2010-11-06T03:17:14-04:00",
          "end": "2010-11-06T03:17:14-04:00"
        },
        "serviceProvider": {
          "reference": "urn:uuid:23984de5-8670-4350-a107-d57cec4ef89a"
        }
      }
    },
    {
      "fullUrl": "urn:uuid:bc806701-7fcf-438e-95b8-968e49f43041",
      "resource": {
        "resourceType": "Observation",
        "id": "bc806701-7fcf-438e-95b8-968e49f43041",
        "meta": {
          "profile": [
            "http://standardhealthrecord.org/fhir/StructureDefinition/shr-finding-Observation",
            "http://standardhealthrecord.org/fhir/StructureDefinition/shr-vital-VitalSign",
            "http://standardhealthrecord.org/fhir/StructureDefinition/shr-vital-BodyHeight"
          ]
        },
        "status": "final",
        "category": [
          {
            "coding": [
              {
                "system": "http://hl7.org/fhir/observation-category",
                "code": "vital-signs",
                "display": "vital-signs"
              }
            ]
          }
        ],
        "code": {
          "coding": [
            {
              "system": "http://loinc.org",
              "code": "8302-2",
              "display": "Body Height"
            }
          ],
          "text": "Body Height"
        },
        "subject": {
          "reference": "urn:uuid:19307361-672b-4dff-8cc0-f4464cc4c92f"
        },
        "context": {
          "reference": "urn:uuid:bccdebbc-0cb8-40d9-8d00-3d2ffea3cede"
        },
        "effectiveDateTime": "2010-11-06T03:17:14-04:00",
        "issued": "2010-11-06T03:17:14.372-04:00",
        "valueQuantity": {
          "value": 176.11121223233755,
          "unit": "cm",
          "system": "http://unitsofmeasure.org",
          "code": "cm"
        }
      }
    },
    {
      "fullUrl": "urn:uuid:8dd98925-5de5-4bfc-8ef8-44a26b635b7b",
      "resource": {
        "resourceType": "Observation",
        "id": "8dd98925-5de5-4bfc-8ef8-44a26b635b7b",
        "meta": {
          "profile": [
            "http://standardhealthrecord.org/fhir/StructureDefinition/shr-finding-Observation",
            "http://standardhealthrecord.org/fhir/StructureDefinition/shr-vital-VitalSign",
            "http://standardhealthrecord.org/fhir/StructureDefinition/shr-vital-BodyWeight"
          ]
        },
        "status": "final",
        "category": [
          {
            "coding": [
              {
                "system": "http://hl7.org/fhir/observation-category",
                "code": "vital-signs",
                "display": "vital-signs"
              }
            ]
          }
        ],
        "code": {
          "coding": [
            {
              "system": "http://loinc.org",
              "code": "29463-7",
              "display": "Body Weight"
            }
          ],
          "text": "Body Weight"
        },
        "subject": {
          "reference": "urn:uuid:19307361-672b-4dff-8cc0-f4464cc4c92f"
        },
        "context": {
          "reference": "urn:uuid:bccdebbc-0cb8-40d9-8d00-3d2ffea3cede"
        },
        "effectiveDateTime": "2010-11-06T03:17:14-04:00",
        "issued": "2010-11-06T03:17:14.372-04:00",
        "valueQuantity": {
          "value": 77.0853256907628,
          "unit": "kg",
          "system": "http://unitsofmeasure.org",
          "code": "kg"
        }
      }
    },
    {
      "fullUrl": "urn:uuid:5c6a4499-9d15-4700-821e-eb325e9c0b4f",
      "resource": {
        "resourceType": "Observation",
        "id": "5c6a4499-9d15-4700-821e-eb325e9c0b4f",
        "meta": {
          "profile": [
            "http://standardhealthrecord.org/fhir/StructureDefinition/shr-finding-Observation",
            "http://standardhealthrecord.org/fhir/StructureDefinition/shr-vital-VitalSign",
            "http://standardhealthrecord.org/fhir/StructureDefinition/shr-vital-BodyMassIndex"
          ]
        },
        "status": "final",
        "category": [
          {
            "coding": [
              {
                "system": "http://hl7.org/fhir/observation-category",
                "code": "vital-signs",
                "display": "vital-signs"
              }
            ]
          }
        ],
        "code": {
          "coding": [
            {
              "system": "http://loinc.org",
              "code": "39156-5",
              "display": "Body Mass Index"
            }
          ],
          "text": "Body Mass Index"
        },
        "subject": {
          "reference": "urn:uuid:19307361-672b-4dff-8cc0-f4464cc4c92f"
        },
        "context": {
          "reference": "urn:uuid:bccdebbc-0cb8-40d9-8d00-3d2ffea3cede"
        },
        "effectiveDateTime": "2010-11-06T03:17:14-04:00",
        "issued": "2010-11-06T03:17:14.372-04:00",
        "valueQuantity": {
          "value": 24.854080389200387,
          "unit": "kg/m2",
          "system": "http://unitsofmeasure.org",
          "code": "kg/m2"
        }
      }
    },
    {
      "fullUrl": "urn:uuid:a0196443-e035-40fa-93a5-814ce657739b",
      "resource": {
        "resourceType": "Observation",
        "id": "a0196443-e035-40fa-93a5-814ce657739b",
        "meta": {
          "profile": [
            "http://standardhealthrecord.org/fhir/StructureDefinition/shr-finding-Observation",
            "http://standardhealthrecord.org/fhir/StructureDefinition/shr-vital-VitalSign",
            "http://standardhealthrecord.org/fhir/StructureDefinition/shr-vital-BloodPressure"
          ]
        },
        "status": "final",
        "category": [
          {
            "coding": [
              {
                "system": "http://hl7.org/fhir/observation-category",
                "code": "vital-signs",
                "display": "vital-signs"
              }
            ]
          }
        ],
        "code": {
          "coding": [
            {
              "system": "http://loinc.org",
              "code": "55284-4",
              "display": "Blood Pressure"
            }
          ],
          "text": "Blood Pressure"
        },
        "subject": {
          "reference": "urn:uuid:19307361-672b-4dff-8cc0-f4464cc4c92f"
        },
        "context": {
          "reference": "urn:uuid:bccdebbc-0cb8-40d9-8d00-3d2ffea3cede"
        },
        "effectiveDateTime": "2010-11-06T03:17:14-04:00",
        "issued": "2010-11-06T03:17:14.372-04:00",
        "component": [
          {
            "code": {
              "coding": [
                {
                  "system": "http://loinc.org",
                  "code": "8462-4",
                  "display": "Diastolic Blood Pressure"
                }
              ],
              "text": "Diastolic Blood Pressure"
            },
            "valueQuantity": {
              "value": 79.83156983173163,
              "unit": "mmHg",
              "system": "http://unitsofmeasure.org",
              "code": "mmHg"
            }
          },
          {
            "code": {
              "coding": [
                {
                  "system": "http://loinc.org",
                  "code": "8480-6",
                  "display": "Systolic Blood Pressure"
                }
              ],
              "text": "Systolic Blood Pressure"
            },
            "valueQuantity": {
              "value": 132.9131874028344,
              "unit": "mmHg",
              "system": "http://unitsofmeasure.org",
              "code": "mmHg"
            }
          }
        ]
      }
    },
    {
      "fullUrl": "urn:uuid:25ace515-76b5-4506-ae6a-d28c3a5aca3a",
      "resource": {
        "resourceType": "Observation",
        "id": "25ace515-76b5-4506-ae6a-d28c3a5aca3a",
        "meta": {
          "profile": [
            "http://standardhealthrecord.org/fhir/StructureDefinition/shr-finding-Observation"
          ]
        },
        "status": "final",
        "category": [
          {
            "coding": [
              {
                "system": "http://hl7.org/fhir/observation-category",
                "code": "laboratory",
                "display": "laboratory"
              }
            ]
          }
        ],
        "code": {
          "coding": [
            {
              "system": "http://loinc.org",
              "code": "2093-3",
              "display": "Total Cholesterol"
            }
          ],
          "text": "Total Cholesterol"
        },
        "subject": {
          "reference": "urn:uuid:19307361-672b-4dff-8cc0-f4464cc4c92f"
        },
        "context": {
          "reference": "urn:uuid:bccdebbc-0cb8-40d9-8d00-3d2ffea3cede"
        },
        "effectiveDateTime": "2010-11-06T03:17:14-04:00",
        "issued": "2010-11-06T03:17:14.372-04:00",
        "valueQuantity": {
          "value": 190.89053132117144,
          "unit": "mg/dL",
          "system": "http://unitsofmeasure.org",
          "code": "mg/dL"
        }
      }
    },
    {
      "fullUrl": "urn:uuid:298f2c5b-6b4d-4858-b90c-9ca98e048749",
      "resource": {
        "resourceType": "Observation",
        "id": "298f2c5b-6b4d-4858-b90c-9ca98e048749",
        "meta": {
          "profile": [
            "http://standardhealthrecord.org/fhir/StructureDefinition/shr-finding-Observation"
          ]
        },
        "status": "final",
        "category": [
          {
            "coding": [
              {
                "system": "http://hl7.org/fhir/observation-category",
                "code": "laboratory",
                "display": "laboratory"
              }
            ]
          }
        ],
        "code": {
          "coding": [
            {
              "system": "http://loinc.org",
              "code": "2571-8",
              "display": "Triglycerides"
            }
          ],
          "text": "Triglycerides"
        },
        "subject": {
          "reference": "urn:uuid:19307361-672b-4dff-8cc0-f4464cc4c92f"
        },
        "context": {
          "reference": "urn:uuid:bccdebbc-0cb8-40d9-8d00-3d2ffea3cede"
        },
        "effectiveDateTime": "2010-11-06T03:17:14-04:00",
        "issued": "2010-11-06T03:17:14.372-04:00",
        "valueQuantity": {
          "value": 129.87697662919808,
          "unit": "mg/dL",
          "system": "http://unitsofmeasure.org",
          "code": "mg/dL"
        }
      }
    },
    {
      "fullUrl": "urn:uuid:4b8f605b-ff6e-4536-855f-2d042e9d42fa",
      "resource": {
        "resourceType": "Observation",
        "id": "4b8f605b-ff6e-4536-855f-2d042e9d42fa",
        "meta": {
          "profile": [
            "http://standardhealthrecord.org/fhir/StructureDefinition/shr-finding-Observation"
          ]
        },
        "status": "final",
        "category": [
          {
            "coding": [
              {
                "system": "http://hl7.org/fhir/observation-category",
                "code": "laboratory",
                "display": "laboratory"
              }
            ]
          }
        ],
        "code": {
          "coding": [
            {
              "system": "http://loinc.org",
              "code": "18262-6",
              "display": "Low Density Lipoprotein Cholesterol"
            }
          ],
          "text": "Low Density Lipoprotein Cholesterol"
        },
        "subject": {
          "reference": "urn:uuid:19307361-672b-4dff-8cc0-f4464cc4c92f"
        },
        "context": {
          "reference": "urn:uuid:bccdebbc-0cb8-40d9-8d00-3d2ffea3cede"
        },
        "effectiveDateTime": "2010-11-06T03:17:14-04:00",
        "issued": "2010-11-06T03:17:14.372-04:00",
        "valueQuantity": {
          "value": 91.80237039631923,
          "unit": "mg/dL",
          "system": "http://unitsofmeasure.org",
          "code": "mg/dL"
        }
      }
    },
    {
      "fullUrl": "urn:uuid:aee2c53e-7b13-4fa5-b60f-c64a1c5f20fa",
      "resource": {
        "resourceType": "Observation",
        "id": "aee2c53e-7b13-4fa5-b60f-c64a1c5f20fa",
        "meta": {
          "profile": [
            "http://standardhealthrecord.org/fhir/StructureDefinition/shr-finding-Observation"
          ]
        },
        "status": "final",
        "category": [
          {
            "coding": [
              {
                "system": "http://hl7.org/fhir/observation-category",
                "code": "laboratory",
                "display": "laboratory"
              }
            ]
          }
        ],
        "code": {
          "coding": [
            {
              "system": "http://loinc.org",
              "code": "2085-9",
              "display": "High Density Lipoprotein Cholesterol"
            }
          ],
          "text": "High Density Lipoprotein Cholesterol"
        },
        "subject": {
          "reference": "urn:uuid:19307361-672b-4dff-8cc0-f4464cc4c92f"
        },
        "context": {
          "reference": "urn:uuid:bccdebbc-0cb8-40d9-8d00-3d2ffea3cede"
        },
        "effectiveDateTime": "2010-11-06T03:17:14-04:00",
        "issued": "2010-11-06T03:17:14.372-04:00",
        "valueQuantity": {
          "value": 73.11276559901259,
          "unit": "mg/dL",
          "system": "http://unitsofmeasure.org",
          "code": "mg/dL"
        }
      }
    },
    {
      "fullUrl": "urn:uuid:a867608c-7906-4e37-94dd-58747c9c71f5",
      "resource": {
        "resourceType": "Procedure",
        "id": "a867608c-7906-4e37-94dd-58747c9c71f5",
        "meta": {
          "profile": [
            "http://standardhealthrecord.org/fhir/StructureDefinition/shr-procedure-ProcedurePerformed"
          ]
        },
        "extension": [
          {
            "url": "http://standardhealthrecord.org/fhir/StructureDefinition/shr-action-PerformedContext-extension",
            "extension": [
              {
                "url": "http://standardhealthrecord.org/fhir/StructureDefinition/shr-action-Status-extension",
                "valueCode": "completed"
              }
            ]
          }
        ],
        "status": "completed",
        "code": {
          "coding": [
            {
              "system": "http://snomed.info/sct",
              "code": "428191000124101",
              "display": "Documentation of current medications"
            }
          ],
          "text": "Documentation of current medications"
        },
        "subject": {
          "reference": "urn:uuid:19307361-672b-4dff-8cc0-f4464cc4c92f"
        },
        "context": {
          "reference": "urn:uuid:bccdebbc-0cb8-40d9-8d00-3d2ffea3cede"
        },
        "performedDateTime": "2010-11-06T03:17:14-04:00"
      }
    },
    {
      "fullUrl": "urn:uuid:ae4d8dee-a29c-4431-ba41-ff2153d6161f",
      "resource": {
        "resourceType": "Immunization",
        "id": "ae4d8dee-a29c-4431-ba41-ff2153d6161f",
        "meta": {
          "profile": [
            "http://standardhealthrecord.org/fhir/StructureDefinition/shr-immunization-ImmunizationGiven"
          ]
        },
        "extension": [
          {
            "url": "http://standardhealthrecord.org/fhir/StructureDefinition/shr-action-PerformedContext-extension",
            "extension": [
              {
                "url": "http://standardhealthrecord.org/fhir/StructureDefinition/shr-action-Status-extension",
                "valueCode": "completed"
              }
            ]
          }
        ],
        "status": "completed",
        "notGiven": false,
        "vaccineCode": {
          "coding": [
            {
              "system": "http://hl7.org/fhir/sid/cvx",
              "code": "140",
              "display": "Influenza, seasonal, injectable, preservative free"
            }
          ],
          "text": "Influenza, seasonal, injectable, preservative free"
        },
        "patient": {
          "reference": "urn:uuid:19307361-672b-4dff-8cc0-f4464cc4c92f"
        },
        "encounter": {
          "reference": "urn:uuid:bccdebbc-0cb8-40d9-8d00-3d2ffea3cede"
        },
        "date": "2010-11-06T03:17:14-04:00",
        "primarySource": true
      }
    },
    {
      "fullUrl": "urn:uuid:c8a0305f-5a85-4c6e-a7c6-ea8e7bfe46bf",
      "resource": {
        "resourceType": "Immunization",
        "id": "c8a0305f-5a85-4c6e-a7c6-ea8e7bfe46bf",
        "meta": {
          "profile": [
            "http://standardhealthrecord.org/fhir/StructureDefinition/shr-immunization-ImmunizationGiven"
          ]
        },
        "extension": [
          {
            "url": "http://standardhealthrecord.org/fhir/StructureDefinition/shr-action-PerformedContext-extension",
            "extension": [
              {
                "url": "http://standardhealthrecord.org/fhir/StructureDefinition/shr-action-Status-extension",
                "valueCode": "completed"
              }
            ]
          }
        ],
        "status": "completed",
        "notGiven": false,
        "vaccineCode": {
          "coding": [
            {
              "system": "http://hl7.org/fhir/sid/cvx",
              "code": "113",
              "display": "Td (adult) preservative free"
            }
          ],
          "text": "Td (adult) preservative free"
        },
        "patient": {
          "reference": "urn:uuid:19307361-672b-4dff-8cc0-f4464cc4c92f"
        },
        "encounter": {
          "reference": "urn:uuid:bccdebbc-0cb8-40d9-8d00-3d2ffea3cede"
        },
        "date": "2010-11-06T03:17:14-04:00",
        "primarySource": true
      }
    },
    {
      "fullUrl": "urn:uuid:fc970083-627a-4f6e-9dc9-5ca38dc2b350",
      "resource": {
        "resourceType": "DiagnosticReport",
        "id": "fc970083-627a-4f6e-9dc9-5ca38dc2b350",
        "status": "final",
        "code": {
          "coding": [
            {
              "system": "http://loinc.org",
              "code": "57698-3",
              "display": "Lipid Panel"
            }
          ],
          "text": "Lipid Panel"
        },
        "subject": {
          "reference": "urn:uuid:19307361-672b-4dff-8cc0-f4464cc4c92f"
        },
        "context": {
          "reference": "urn:uuid:bccdebbc-0cb8-40d9-8d00-3d2ffea3cede"
        },
        "effectiveDateTime": "2010-11-06T03:17:14-04:00",
        "issued": "2010-11-06T03:17:14.372-04:00",
        "result": [
          {
            "reference": "urn:uuid:a0196443-e035-40fa-93a5-814ce657739b",
            "display": "Blood Pressure"
          },
          {
            "reference": "urn:uuid:25ace515-76b5-4506-ae6a-d28c3a5aca3a",
            "display": "Total Cholesterol"
          },
          {
            "reference": "urn:uuid:298f2c5b-6b4d-4858-b90c-9ca98e048749",
            "display": "Triglycerides"
          },
          {
            "reference": "urn:uuid:4b8f605b-ff6e-4536-855f-2d042e9d42fa",
            "display": "Low Density Lipoprotein Cholesterol"
          }
        ]
      }
    },
    {
      "fullUrl": "urn:uuid:c64715b1-fd58-4f42-bef7-050507dd4912",
      "resource": {
        "resourceType": "Claim",
        "id": "c64715b1-fd58-4f42-bef7-050507dd4912",
        "status": "active",
        "use": "complete",
        "patient": {
          "reference": "urn:uuid:19307361-672b-4dff-8cc0-f4464cc4c92f"
        },
        "billablePeriod": {
          "start": "2010-11-06T03:17:14-04:00",
          "end": "2010-11-06T03:17:14-04:00"
        },
        "organization": {
          "reference": "urn:uuid:23984de5-8670-4350-a107-d57cec4ef89a"
        },
        "information": [
          {
            "sequence": 1,
            "category": {
              "coding": [
                {
                  "system": "http://hl7.org/fhir/claiminformationcategory",
                  "code": "info"
                }
              ]
            },
            "valueReference": {
              "reference": "urn:uuid:ae4d8dee-a29c-4431-ba41-ff2153d6161f"
            }
          },
          {
            "sequence": 2,
            "category": {
              "coding": [
                {
                  "system": "http://hl7.org/fhir/claiminformationcategory",
                  "code": "info"
                }
              ]
            },
            "valueReference": {
              "reference": "urn:uuid:c8a0305f-5a85-4c6e-a7c6-ea8e7bfe46bf"
            }
          }
        ],
        "procedure": [
          {
            "sequence": 1,
            "procedureReference": {
              "reference": "urn:uuid:a867608c-7906-4e37-94dd-58747c9c71f5"
            }
          }
        ],
        "item": [
          {
            "sequence": 1,
            "encounter": [
              {
                "reference": "urn:uuid:bccdebbc-0cb8-40d9-8d00-3d2ffea3cede"
              }
            ]
          },
          {
            "sequence": 2,
            "informationLinkId": [
              1
            ],
            "net": {
              "value": 136.00,
              "system": "urn:iso:std:iso:4217",
              "code": "USD"
            }
          },
          {
            "sequence": 3,
            "informationLinkId": [
              2
            ],
            "net": {
              "value": 136.00,
              "system": "urn:iso:std:iso:4217",
              "code": "USD"
            }
          },
          {
            "sequence": 4,
            "procedureLinkId": [
              1
            ],
            "net": {
              "value": 500.00,
              "system": "urn:iso:std:iso:4217",
              "code": "USD"
            }
          }
        ],
        "total": {
          "value": 897.00,
          "system": "urn:iso:std:iso:4217",
          "code": "USD"
        }
      }
    },
    {
      "fullUrl": "urn:uuid:6494acb2-58f7-423b-9582-27589e5fc048",
      "resource": {
        "resourceType": "Encounter",
        "id": "6494acb2-58f7-423b-9582-27589e5fc048",
        "meta": {
          "profile": [
            "http://standardhealthrecord.org/fhir/StructureDefinition/shr-encounter-EncounterPerformed"
          ]
        },
        "extension": [
          {
            "url": "http://standardhealthrecord.org/fhir/StructureDefinition/shr-action-PerformedContext-extension",
            "extension": [
              {
                "url": "http://standardhealthrecord.org/fhir/StructureDefinition/shr-action-Status-extension",
                "valueCode": "finished"
              }
            ]
          }
        ],
        "status": "finished",
        "class": {
          "code": "WELLNESS"
        },
        "type": [
          {
            "coding": [
              {
                "system": "http://snomed.info/sct",
                "code": "185349003",
                "display": "Encounter for check up (procedure)"
              }
            ],
            "text": "Encounter for check up (procedure)"
          }
        ],
        "subject": {
          "reference": "urn:uuid:19307361-672b-4dff-8cc0-f4464cc4c92f"
        },
        "period": {
          "start": "2013-11-09T02:17:14-05:00",
          "end": "2013-11-09T02:17:14-05:00"
        },
        "serviceProvider": {
          "reference": "urn:uuid:23984de5-8670-4350-a107-d57cec4ef89a"
        }
      }
    },
    {
      "fullUrl": "urn:uuid:11623fde-09b2-42d1-8f5c-1518829634d7",
      "resource": {
        "resourceType": "Observation",
        "id": "11623fde-09b2-42d1-8f5c-1518829634d7",
        "meta": {
          "profile": [
            "http://standardhealthrecord.org/fhir/StructureDefinition/shr-finding-Observation",
            "http://standardhealthrecord.org/fhir/StructureDefinition/shr-vital-VitalSign",
            "http://standardhealthrecord.org/fhir/StructureDefinition/shr-vital-BodyHeight"
          ]
        },
        "status": "final",
        "category": [
          {
            "coding": [
              {
                "system": "http://hl7.org/fhir/observation-category",
                "code": "vital-signs",
                "display": "vital-signs"
              }
            ]
          }
        ],
        "code": {
          "coding": [
            {
              "system": "http://loinc.org",
              "code": "8302-2",
              "display": "Body Height"
            }
          ],
          "text": "Body Height"
        },
        "subject": {
          "reference": "urn:uuid:19307361-672b-4dff-8cc0-f4464cc4c92f"
        },
        "context": {
          "reference": "urn:uuid:6494acb2-58f7-423b-9582-27589e5fc048"
        },
        "effectiveDateTime": "2013-11-09T02:17:14-05:00",
        "issued": "2013-11-09T02:17:14.372-05:00",
        "valueQuantity": {
          "value": 176.11121223233755,
          "unit": "cm",
          "system": "http://unitsofmeasure.org",
          "code": "cm"
        }
      }
    },
    {
      "fullUrl": "urn:uuid:a3d79118-2ae7-4374-8604-49183eba4b94",
      "resource": {
        "resourceType": "Observation",
        "id": "a3d79118-2ae7-4374-8604-49183eba4b94",
        "meta": {
          "profile": [
            "http://standardhealthrecord.org/fhir/StructureDefinition/shr-finding-Observation",
            "http://standardhealthrecord.org/fhir/StructureDefinition/shr-vital-VitalSign",
            "http://standardhealthrecord.org/fhir/StructureDefinition/shr-vital-BodyWeight"
          ]
        },
        "status": "final",
        "category": [
          {
            "coding": [
              {
                "system": "http://hl7.org/fhir/observation-category",
                "code": "vital-signs",
                "display": "vital-signs"
              }
            ]
          }
        ],
        "code": {
          "coding": [
            {
              "system": "http://loinc.org",
              "code": "29463-7",
              "display": "Body Weight"
            }
          ],
          "text": "Body Weight"
        },
        "subject": {
          "reference": "urn:uuid:19307361-672b-4dff-8cc0-f4464cc4c92f"
        },
        "context": {
          "reference": "urn:uuid:6494acb2-58f7-423b-9582-27589e5fc048"
        },
        "effectiveDateTime": "2013-11-09T02:17:14-05:00",
        "issued": "2013-11-09T02:17:14.372-05:00",
        "valueQuantity": {
          "value": 81.20474038717305,
          "unit": "kg",
          "system": "http://unitsofmeasure.org",
          "code": "kg"
        }
      }
    },
    {
      "fullUrl": "urn:uuid:cbb4b6d4-319b-4112-a182-0421b7484d4b",
      "resource": {
        "resourceType": "Observation",
        "id": "cbb4b6d4-319b-4112-a182-0421b7484d4b",
        "meta": {
          "profile": [
            "http://standardhealthrecord.org/fhir/StructureDefinition/shr-finding-Observation",
            "http://standardhealthrecord.org/fhir/StructureDefinition/shr-vital-VitalSign",
            "http://standardhealthrecord.org/fhir/StructureDefinition/shr-vital-BodyMassIndex"
          ]
        },
        "status": "final",
        "category": [
          {
            "coding": [
              {
                "system": "http://hl7.org/fhir/observation-category",
                "code": "vital-signs",
                "display": "vital-signs"
              }
            ]
          }
        ],
        "code": {
          "coding": [
            {
              "system": "http://loinc.org",
              "code": "39156-5",
              "display": "Body Mass Index"
            }
          ],
          "text": "Body Mass Index"
        },
        "subject": {
          "reference": "urn:uuid:19307361-672b-4dff-8cc0-f4464cc4c92f"
        },
        "context": {
          "reference": "urn:uuid:6494acb2-58f7-423b-9582-27589e5fc048"
        },
        "effectiveDateTime": "2013-11-09T02:17:14-05:00",
        "issued": "2013-11-09T02:17:14.372-05:00",
        "valueQuantity": {
          "value": 26.182274349640547,
          "unit": "kg/m2",
          "system": "http://unitsofmeasure.org",
          "code": "kg/m2"
        }
      }
    },
    {
      "fullUrl": "urn:uuid:7e4eeb7f-72bd-4a91-bbd1-2269db6de6eb",
      "resource": {
        "resourceType": "Observation",
        "id": "7e4eeb7f-72bd-4a91-bbd1-2269db6de6eb",
        "meta": {
          "profile": [
            "http://standardhealthrecord.org/fhir/StructureDefinition/shr-finding-Observation",
            "http://standardhealthrecord.org/fhir/StructureDefinition/shr-vital-VitalSign",
            "http://standardhealthrecord.org/fhir/StructureDefinition/shr-vital-BloodPressure"
          ]
        },
        "status": "final",
        "category": [
          {
            "coding": [
              {
                "system": "http://hl7.org/fhir/observation-category",
                "code": "vital-signs",
                "display": "vital-signs"
              }
            ]
          }
        ],
        "code": {
          "coding": [
            {
              "system": "http://loinc.org",
              "code": "55284-4",
              "display": "Blood Pressure"
            }
          ],
          "text": "Blood Pressure"
        },
        "subject": {
          "reference": "urn:uuid:19307361-672b-4dff-8cc0-f4464cc4c92f"
        },
        "context": {
          "reference": "urn:uuid:6494acb2-58f7-423b-9582-27589e5fc048"
        },
        "effectiveDateTime": "2013-11-09T02:17:14-05:00",
        "issued": "2013-11-09T02:17:14.372-05:00",
        "component": [
          {
            "code": {
              "coding": [
                {
                  "system": "http://loinc.org",
                  "code": "8462-4",
                  "display": "Diastolic Blood Pressure"
                }
              ],
              "text": "Diastolic Blood Pressure"
            },
            "valueQuantity": {
              "value": 77.42600291978997,
              "unit": "mmHg",
              "system": "http://unitsofmeasure.org",
              "code": "mmHg"
            }
          },
          {
            "code": {
              "coding": [
                {
                  "system": "http://loinc.org",
                  "code": "8480-6",
                  "display": "Systolic Blood Pressure"
                }
              ],
              "text": "Systolic Blood Pressure"
            },
            "valueQuantity": {
              "value": 127.18565188640174,
              "unit": "mmHg",
              "system": "http://unitsofmeasure.org",
              "code": "mmHg"
            }
          }
        ]
      }
    },
    {
      "fullUrl": "urn:uuid:ed4c80cd-6ae2-4667-86ea-d4ff48d65135",
      "resource": {
        "resourceType": "Observation",
        "id": "ed4c80cd-6ae2-4667-86ea-d4ff48d65135",
        "meta": {
          "profile": [
            "http://standardhealthrecord.org/fhir/StructureDefinition/shr-finding-Observation"
          ]
        },
        "status": "final",
        "category": [
          {
            "coding": [
              {
                "system": "http://hl7.org/fhir/observation-category",
                "code": "laboratory",
                "display": "laboratory"
              }
            ]
          }
        ],
        "code": {
          "coding": [
            {
              "system": "http://loinc.org",
              "code": "2093-3",
              "display": "Total Cholesterol"
            }
          ],
          "text": "Total Cholesterol"
        },
        "subject": {
          "reference": "urn:uuid:19307361-672b-4dff-8cc0-f4464cc4c92f"
        },
        "context": {
          "reference": "urn:uuid:6494acb2-58f7-423b-9582-27589e5fc048"
        },
        "effectiveDateTime": "2013-11-09T02:17:14-05:00",
        "issued": "2013-11-09T02:17:14.372-05:00",
        "valueQuantity": {
          "value": 197.95991387742677,
          "unit": "mg/dL",
          "system": "http://unitsofmeasure.org",
          "code": "mg/dL"
        }
      }
    },
    {
      "fullUrl": "urn:uuid:ba175952-5775-4897-951a-c5c3a5b32a21",
      "resource": {
        "resourceType": "Observation",
        "id": "ba175952-5775-4897-951a-c5c3a5b32a21",
        "meta": {
          "profile": [
            "http://standardhealthrecord.org/fhir/StructureDefinition/shr-finding-Observation"
          ]
        },
        "status": "final",
        "category": [
          {
            "coding": [
              {
                "system": "http://hl7.org/fhir/observation-category",
                "code": "laboratory",
                "display": "laboratory"
              }
            ]
          }
        ],
        "code": {
          "coding": [
            {
              "system": "http://loinc.org",
              "code": "2571-8",
              "display": "Triglycerides"
            }
          ],
          "text": "Triglycerides"
        },
        "subject": {
          "reference": "urn:uuid:19307361-672b-4dff-8cc0-f4464cc4c92f"
        },
        "context": {
          "reference": "urn:uuid:6494acb2-58f7-423b-9582-27589e5fc048"
        },
        "effectiveDateTime": "2013-11-09T02:17:14-05:00",
        "issued": "2013-11-09T02:17:14.372-05:00",
        "valueQuantity": {
          "value": 107.93208192437993,
          "unit": "mg/dL",
          "system": "http://unitsofmeasure.org",
          "code": "mg/dL"
        }
      }
    },
    {
      "fullUrl": "urn:uuid:ebfacd2a-41ad-430b-9de9-0c661dd06aa4",
      "resource": {
        "resourceType": "Observation",
        "id": "ebfacd2a-41ad-430b-9de9-0c661dd06aa4",
        "meta": {
          "profile": [
            "http://standardhealthrecord.org/fhir/StructureDefinition/shr-finding-Observation"
          ]
        },
        "status": "final",
        "category": [
          {
            "coding": [
              {
                "system": "http://hl7.org/fhir/observation-category",
                "code": "laboratory",
                "display": "laboratory"
              }
            ]
          }
        ],
        "code": {
          "coding": [
            {
              "system": "http://loinc.org",
              "code": "18262-6",
              "display": "Low Density Lipoprotein Cholesterol"
            }
          ],
          "text": "Low Density Lipoprotein Cholesterol"
        },
        "subject": {
          "reference": "urn:uuid:19307361-672b-4dff-8cc0-f4464cc4c92f"
        },
        "context": {
          "reference": "urn:uuid:6494acb2-58f7-423b-9582-27589e5fc048"
        },
        "effectiveDateTime": "2013-11-09T02:17:14-05:00",
        "issued": "2013-11-09T02:17:14.372-05:00",
        "valueQuantity": {
          "value": 105.33078536782702,
          "unit": "mg/dL",
          "system": "http://unitsofmeasure.org",
          "code": "mg/dL"
        }
      }
    },
    {
      "fullUrl": "urn:uuid:5fe7dd76-e6d3-4c2f-8559-f1081215749b",
      "resource": {
        "resourceType": "Observation",
        "id": "5fe7dd76-e6d3-4c2f-8559-f1081215749b",
        "meta": {
          "profile": [
            "http://standardhealthrecord.org/fhir/StructureDefinition/shr-finding-Observation"
          ]
        },
        "status": "final",
        "category": [
          {
            "coding": [
              {
                "system": "http://hl7.org/fhir/observation-category",
                "code": "laboratory",
                "display": "laboratory"
              }
            ]
          }
        ],
        "code": {
          "coding": [
            {
              "system": "http://loinc.org",
              "code": "2085-9",
              "display": "High Density Lipoprotein Cholesterol"
            }
          ],
          "text": "High Density Lipoprotein Cholesterol"
        },
        "subject": {
          "reference": "urn:uuid:19307361-672b-4dff-8cc0-f4464cc4c92f"
        },
        "context": {
          "reference": "urn:uuid:6494acb2-58f7-423b-9582-27589e5fc048"
        },
        "effectiveDateTime": "2013-11-09T02:17:14-05:00",
        "issued": "2013-11-09T02:17:14.372-05:00",
        "valueQuantity": {
          "value": 71.04271212472376,
          "unit": "mg/dL",
          "system": "http://unitsofmeasure.org",
          "code": "mg/dL"
        }
      }
    },
    {
      "fullUrl": "urn:uuid:33a743f1-5fb9-4730-b022-b6c38bb4be4e",
      "resource": {
        "resourceType": "Procedure",
        "id": "33a743f1-5fb9-4730-b022-b6c38bb4be4e",
        "meta": {
          "profile": [
            "http://standardhealthrecord.org/fhir/StructureDefinition/shr-procedure-ProcedurePerformed"
          ]
        },
        "extension": [
          {
            "url": "http://standardhealthrecord.org/fhir/StructureDefinition/shr-action-PerformedContext-extension",
            "extension": [
              {
                "url": "http://standardhealthrecord.org/fhir/StructureDefinition/shr-action-Status-extension",
                "valueCode": "completed"
              }
            ]
          }
        ],
        "status": "completed",
        "code": {
          "coding": [
            {
              "system": "http://snomed.info/sct",
              "code": "428191000124101",
              "display": "Documentation of current medications"
            }
          ],
          "text": "Documentation of current medications"
        },
        "subject": {
          "reference": "urn:uuid:19307361-672b-4dff-8cc0-f4464cc4c92f"
        },
        "context": {
          "reference": "urn:uuid:6494acb2-58f7-423b-9582-27589e5fc048"
        },
        "performedDateTime": "2013-11-09T02:17:14-05:00"
      }
    },
    {
      "fullUrl": "urn:uuid:0edaacdd-0315-4602-aba3-937c3ca32a04",
      "resource": {
        "resourceType": "Immunization",
        "id": "0edaacdd-0315-4602-aba3-937c3ca32a04",
        "meta": {
          "profile": [
            "http://standardhealthrecord.org/fhir/StructureDefinition/shr-immunization-ImmunizationGiven"
          ]
        },
        "extension": [
          {
            "url": "http://standardhealthrecord.org/fhir/StructureDefinition/shr-action-PerformedContext-extension",
            "extension": [
              {
                "url": "http://standardhealthrecord.org/fhir/StructureDefinition/shr-action-Status-extension",
                "valueCode": "completed"
              }
            ]
          }
        ],
        "status": "completed",
        "notGiven": false,
        "vaccineCode": {
          "coding": [
            {
              "system": "http://hl7.org/fhir/sid/cvx",
              "code": "140",
              "display": "Influenza, seasonal, injectable, preservative free"
            }
          ],
          "text": "Influenza, seasonal, injectable, preservative free"
        },
        "patient": {
          "reference": "urn:uuid:19307361-672b-4dff-8cc0-f4464cc4c92f"
        },
        "encounter": {
          "reference": "urn:uuid:6494acb2-58f7-423b-9582-27589e5fc048"
        },
        "date": "2013-11-09T02:17:14-05:00",
        "primarySource": true
      }
    },
    {
      "fullUrl": "urn:uuid:b6798d53-bbd7-41d7-ba3a-999c6165ed17",
      "resource": {
        "resourceType": "DiagnosticReport",
        "id": "b6798d53-bbd7-41d7-ba3a-999c6165ed17",
        "status": "final",
        "code": {
          "coding": [
            {
              "system": "http://loinc.org",
              "code": "57698-3",
              "display": "Lipid Panel"
            }
          ],
          "text": "Lipid Panel"
        },
        "subject": {
          "reference": "urn:uuid:19307361-672b-4dff-8cc0-f4464cc4c92f"
        },
        "context": {
          "reference": "urn:uuid:6494acb2-58f7-423b-9582-27589e5fc048"
        },
        "effectiveDateTime": "2013-11-09T02:17:14-05:00",
        "issued": "2013-11-09T02:17:14.372-05:00",
        "result": [
          {
            "reference": "urn:uuid:7e4eeb7f-72bd-4a91-bbd1-2269db6de6eb",
            "display": "Blood Pressure"
          },
          {
            "reference": "urn:uuid:ed4c80cd-6ae2-4667-86ea-d4ff48d65135",
            "display": "Total Cholesterol"
          },
          {
            "reference": "urn:uuid:ba175952-5775-4897-951a-c5c3a5b32a21",
            "display": "Triglycerides"
          },
          {
            "reference": "urn:uuid:ebfacd2a-41ad-430b-9de9-0c661dd06aa4",
            "display": "Low Density Lipoprotein Cholesterol"
          }
        ]
      }
    },
    {
      "fullUrl": "urn:uuid:961b8563-5f24-4e4b-ba8d-423b3b3cdfd4",
      "resource": {
        "resourceType": "Claim",
        "id": "961b8563-5f24-4e4b-ba8d-423b3b3cdfd4",
        "status": "active",
        "use": "complete",
        "patient": {
          "reference": "urn:uuid:19307361-672b-4dff-8cc0-f4464cc4c92f"
        },
        "billablePeriod": {
          "start": "2013-11-09T02:17:14-05:00",
          "end": "2013-11-09T02:17:14-05:00"
        },
        "organization": {
          "reference": "urn:uuid:23984de5-8670-4350-a107-d57cec4ef89a"
        },
        "information": [
          {
            "sequence": 1,
            "category": {
              "coding": [
                {
                  "system": "http://hl7.org/fhir/claiminformationcategory",
                  "code": "info"
                }
              ]
            },
            "valueReference": {
              "reference": "urn:uuid:0edaacdd-0315-4602-aba3-937c3ca32a04"
            }
          }
        ],
        "procedure": [
          {
            "sequence": 1,
            "procedureReference": {
              "reference": "urn:uuid:33a743f1-5fb9-4730-b022-b6c38bb4be4e"
            }
          }
        ],
        "item": [
          {
            "sequence": 1,
            "encounter": [
              {
                "reference": "urn:uuid:6494acb2-58f7-423b-9582-27589e5fc048"
              }
            ]
          },
          {
            "sequence": 2,
            "informationLinkId": [
              1
            ],
            "net": {
              "value": 136.00,
              "system": "urn:iso:std:iso:4217",
              "code": "USD"
            }
          },
          {
            "sequence": 3,
            "procedureLinkId": [
              1
            ],
            "net": {
              "value": 500.00,
              "system": "urn:iso:std:iso:4217",
              "code": "USD"
            }
          }
        ],
        "total": {
          "value": 761.00,
          "system": "urn:iso:std:iso:4217",
          "code": "USD"
        }
      }
    },
    {
      "fullUrl": "urn:uuid:ba7d6a7d-c99e-4d62-825e-49b8b448c0b9",
      "resource": {
        "resourceType": "Encounter",
        "id": "ba7d6a7d-c99e-4d62-825e-49b8b448c0b9",
        "meta": {
          "profile": [
            "http://standardhealthrecord.org/fhir/StructureDefinition/shr-encounter-EncounterPerformed"
          ]
        },
        "extension": [
          {
            "url": "http://standardhealthrecord.org/fhir/StructureDefinition/shr-action-PerformedContext-extension",
            "extension": [
              {
                "url": "http://standardhealthrecord.org/fhir/StructureDefinition/shr-action-Status-extension",
                "valueCode": "finished"
              }
            ]
          }
        ],
        "status": "finished",
        "class": {
          "code": "WELLNESS"
        },
        "type": [
          {
            "coding": [
              {
                "system": "http://snomed.info/sct",
                "code": "185349003",
                "display": "Encounter for check up (procedure)"
              }
            ],
            "text": "Encounter for check up (procedure)"
          }
        ],
        "subject": {
          "reference": "urn:uuid:19307361-672b-4dff-8cc0-f4464cc4c92f"
        },
        "period": {
          "start": "2016-11-12T02:17:14-05:00",
          "end": "2016-11-12T02:17:14-05:00"
        },
        "serviceProvider": {
          "reference": "urn:uuid:23984de5-8670-4350-a107-d57cec4ef89a"
        }
      }
    },
    {
      "fullUrl": "urn:uuid:525f7caa-bfed-4e56-b0ea-061dc92aaf2e",
      "resource": {
        "resourceType": "Condition",
        "id": "525f7caa-bfed-4e56-b0ea-061dc92aaf2e",
        "meta": {
          "profile": [
            "http://standardhealthrecord.org/fhir/StructureDefinition/shr-condition-Condition"
          ]
        },
        "clinicalStatus": "active",
        "verificationStatus": "confirmed",
        "category": [
          {
            "coding": [
              {
                "system": "http://standardhealthrecord.org/shr/condition/vs/ConditionCategoryVS",
                "code": "disease",
                "display": "Disease"
              }
            ]
          }
        ],
        "code": {
          "coding": [
            {
              "system": "http://snomed.info/sct",
              "code": "53741008",
              "display": "Coronary Heart Disease"
            }
          ],
          "text": "Coronary Heart Disease"
        },
        "subject": {
          "reference": "urn:uuid:19307361-672b-4dff-8cc0-f4464cc4c92f"
        },
        "context": {
          "reference": "urn:uuid:ba7d6a7d-c99e-4d62-825e-49b8b448c0b9"
        },
        "onsetDateTime": "2016-11-12T02:17:14-05:00",
        "assertedDate": "2016-11-12T02:17:14-05:00"
      }
    },
    {
      "fullUrl": "urn:uuid:6b4535a7-52a5-43f9-b216-00ccc87b34bc",
      "resource": {
        "resourceType": "Observation",
        "id": "6b4535a7-52a5-43f9-b216-00ccc87b34bc",
        "meta": {
          "profile": [
            "http://standardhealthrecord.org/fhir/StructureDefinition/shr-finding-Observation",
            "http://standardhealthrecord.org/fhir/StructureDefinition/shr-vital-VitalSign",
            "http://standardhealthrecord.org/fhir/StructureDefinition/shr-vital-BodyHeight"
          ]
        },
        "status": "final",
        "category": [
          {
            "coding": [
              {
                "system": "http://hl7.org/fhir/observation-category",
                "code": "vital-signs",
                "display": "vital-signs"
              }
            ]
          }
        ],
        "code": {
          "coding": [
            {
              "system": "http://loinc.org",
              "code": "8302-2",
              "display": "Body Height"
            }
          ],
          "text": "Body Height"
        },
        "subject": {
          "reference": "urn:uuid:19307361-672b-4dff-8cc0-f4464cc4c92f"
        },
        "context": {
          "reference": "urn:uuid:ba7d6a7d-c99e-4d62-825e-49b8b448c0b9"
        },
        "effectiveDateTime": "2016-11-12T02:17:14-05:00",
        "issued": "2016-11-12T02:17:14.372-05:00",
        "valueQuantity": {
          "value": 176.11121223233755,
          "unit": "cm",
          "system": "http://unitsofmeasure.org",
          "code": "cm"
        }
      }
    },
    {
      "fullUrl": "urn:uuid:2acc0e8d-77fd-4c22-b1f4-15d512e04169",
      "resource": {
        "resourceType": "Observation",
        "id": "2acc0e8d-77fd-4c22-b1f4-15d512e04169",
        "meta": {
          "profile": [
            "http://standardhealthrecord.org/fhir/StructureDefinition/shr-finding-Observation",
            "http://standardhealthrecord.org/fhir/StructureDefinition/shr-vital-VitalSign",
            "http://standardhealthrecord.org/fhir/StructureDefinition/shr-vital-BodyWeight"
          ]
        },
        "status": "final",
        "category": [
          {
            "coding": [
              {
                "system": "http://hl7.org/fhir/observation-category",
                "code": "vital-signs",
                "display": "vital-signs"
              }
            ]
          }
        ],
        "code": {
          "coding": [
            {
              "system": "http://loinc.org",
              "code": "29463-7",
              "display": "Body Weight"
            }
          ],
          "text": "Body Weight"
        },
        "subject": {
          "reference": "urn:uuid:19307361-672b-4dff-8cc0-f4464cc4c92f"
        },
        "context": {
          "reference": "urn:uuid:ba7d6a7d-c99e-4d62-825e-49b8b448c0b9"
        },
        "effectiveDateTime": "2016-11-12T02:17:14-05:00",
        "issued": "2016-11-12T02:17:14.372-05:00",
        "valueQuantity": {
          "value": 85.61015345241772,
          "unit": "kg",
          "system": "http://unitsofmeasure.org",
          "code": "kg"
        }
      }
    },
    {
      "fullUrl": "urn:uuid:e34c2b49-ea71-4c26-9d87-f5434846b07e",
      "resource": {
        "resourceType": "Observation",
        "id": "e34c2b49-ea71-4c26-9d87-f5434846b07e",
        "meta": {
          "profile": [
            "http://standardhealthrecord.org/fhir/StructureDefinition/shr-finding-Observation",
            "http://standardhealthrecord.org/fhir/StructureDefinition/shr-vital-VitalSign",
            "http://standardhealthrecord.org/fhir/StructureDefinition/shr-vital-BodyMassIndex"
          ]
        },
        "status": "final",
        "category": [
          {
            "coding": [
              {
                "system": "http://hl7.org/fhir/observation-category",
                "code": "vital-signs",
                "display": "vital-signs"
              }
            ]
          }
        ],
        "code": {
          "coding": [
            {
              "system": "http://loinc.org",
              "code": "39156-5",
              "display": "Body Mass Index"
            }
          ],
          "text": "Body Mass Index"
        },
        "subject": {
          "reference": "urn:uuid:19307361-672b-4dff-8cc0-f4464cc4c92f"
        },
        "context": {
          "reference": "urn:uuid:ba7d6a7d-c99e-4d62-825e-49b8b448c0b9"
        },
        "effectiveDateTime": "2016-11-12T02:17:14-05:00",
        "issued": "2016-11-12T02:17:14.372-05:00",
        "valueQuantity": {
          "value": 27.602680756308235,
          "unit": "kg/m2",
          "system": "http://unitsofmeasure.org",
          "code": "kg/m2"
        }
      }
    },
    {
      "fullUrl": "urn:uuid:e4c3b184-a9cd-4afe-9831-3d6809d6cf5e",
      "resource": {
        "resourceType": "Observation",
        "id": "e4c3b184-a9cd-4afe-9831-3d6809d6cf5e",
        "meta": {
          "profile": [
            "http://standardhealthrecord.org/fhir/StructureDefinition/shr-finding-Observation",
            "http://standardhealthrecord.org/fhir/StructureDefinition/shr-vital-VitalSign",
            "http://standardhealthrecord.org/fhir/StructureDefinition/shr-vital-BloodPressure"
          ]
        },
        "status": "final",
        "category": [
          {
            "coding": [
              {
                "system": "http://hl7.org/fhir/observation-category",
                "code": "vital-signs",
                "display": "vital-signs"
              }
            ]
          }
        ],
        "code": {
          "coding": [
            {
              "system": "http://loinc.org",
              "code": "55284-4",
              "display": "Blood Pressure"
            }
          ],
          "text": "Blood Pressure"
        },
        "subject": {
          "reference": "urn:uuid:19307361-672b-4dff-8cc0-f4464cc4c92f"
        },
        "context": {
          "reference": "urn:uuid:ba7d6a7d-c99e-4d62-825e-49b8b448c0b9"
        },
        "effectiveDateTime": "2016-11-12T02:17:14-05:00",
        "issued": "2016-11-12T02:17:14.372-05:00",
        "component": [
          {
            "code": {
              "coding": [
                {
                  "system": "http://loinc.org",
                  "code": "8462-4",
                  "display": "Diastolic Blood Pressure"
                }
              ],
              "text": "Diastolic Blood Pressure"
            },
            "valueQuantity": {
              "value": 87.05267606196738,
              "unit": "mmHg",
              "system": "http://unitsofmeasure.org",
              "code": "mmHg"
            }
          },
          {
            "code": {
              "coding": [
                {
                  "system": "http://loinc.org",
                  "code": "8480-6",
                  "display": "Systolic Blood Pressure"
                }
              ],
              "text": "Systolic Blood Pressure"
            },
            "valueQuantity": {
              "value": 121.10056554536848,
              "unit": "mmHg",
              "system": "http://unitsofmeasure.org",
              "code": "mmHg"
            }
          }
        ]
      }
    },
    {
      "fullUrl": "urn:uuid:9d72a69b-c32d-4134-995b-7a08e946c450",
      "resource": {
        "resourceType": "Observation",
        "id": "9d72a69b-c32d-4134-995b-7a08e946c450",
        "meta": {
          "profile": [
            "http://standardhealthrecord.org/fhir/StructureDefinition/shr-finding-Observation"
          ]
        },
        "status": "final",
        "category": [
          {
            "coding": [
              {
                "system": "http://hl7.org/fhir/observation-category",
                "code": "laboratory",
                "display": "laboratory"
              }
            ]
          }
        ],
        "code": {
          "coding": [
            {
              "system": "http://loinc.org",
              "code": "2093-3",
              "display": "Total Cholesterol"
            }
          ],
          "text": "Total Cholesterol"
        },
        "subject": {
          "reference": "urn:uuid:19307361-672b-4dff-8cc0-f4464cc4c92f"
        },
        "context": {
          "reference": "urn:uuid:ba7d6a7d-c99e-4d62-825e-49b8b448c0b9"
        },
        "effectiveDateTime": "2016-11-12T02:17:14-05:00",
        "issued": "2016-11-12T02:17:14.372-05:00",
        "valueQuantity": {
          "value": 188.3083657491865,
          "unit": "mg/dL",
          "system": "http://unitsofmeasure.org",
          "code": "mg/dL"
        }
      }
    },
    {
      "fullUrl": "urn:uuid:c28c4dc3-070e-452d-bc12-d376d70817b3",
      "resource": {
        "resourceType": "Observation",
        "id": "c28c4dc3-070e-452d-bc12-d376d70817b3",
        "meta": {
          "profile": [
            "http://standardhealthrecord.org/fhir/StructureDefinition/shr-finding-Observation"
          ]
        },
        "status": "final",
        "category": [
          {
            "coding": [
              {
                "system": "http://hl7.org/fhir/observation-category",
                "code": "laboratory",
                "display": "laboratory"
              }
            ]
          }
        ],
        "code": {
          "coding": [
            {
              "system": "http://loinc.org",
              "code": "2571-8",
              "display": "Triglycerides"
            }
          ],
          "text": "Triglycerides"
        },
        "subject": {
          "reference": "urn:uuid:19307361-672b-4dff-8cc0-f4464cc4c92f"
        },
        "context": {
          "reference": "urn:uuid:ba7d6a7d-c99e-4d62-825e-49b8b448c0b9"
        },
        "effectiveDateTime": "2016-11-12T02:17:14-05:00",
        "issued": "2016-11-12T02:17:14.372-05:00",
        "valueQuantity": {
          "value": 139.38126370995303,
          "unit": "mg/dL",
          "system": "http://unitsofmeasure.org",
          "code": "mg/dL"
        }
      }
    },
    {
      "fullUrl": "urn:uuid:f0460c3e-1622-40ec-88ac-c798ffc26cae",
      "resource": {
        "resourceType": "Observation",
        "id": "f0460c3e-1622-40ec-88ac-c798ffc26cae",
        "meta": {
          "profile": [
            "http://standardhealthrecord.org/fhir/StructureDefinition/shr-finding-Observation"
          ]
        },
        "status": "final",
        "category": [
          {
            "coding": [
              {
                "system": "http://hl7.org/fhir/observation-category",
                "code": "laboratory",
                "display": "laboratory"
              }
            ]
          }
        ],
        "code": {
          "coding": [
            {
              "system": "http://loinc.org",
              "code": "18262-6",
              "display": "Low Density Lipoprotein Cholesterol"
            }
          ],
          "text": "Low Density Lipoprotein Cholesterol"
        },
        "subject": {
          "reference": "urn:uuid:19307361-672b-4dff-8cc0-f4464cc4c92f"
        },
        "context": {
          "reference": "urn:uuid:ba7d6a7d-c99e-4d62-825e-49b8b448c0b9"
        },
        "effectiveDateTime": "2016-11-12T02:17:14-05:00",
        "issued": "2016-11-12T02:17:14.372-05:00",
        "valueQuantity": {
          "value": 98.62184880519386,
          "unit": "mg/dL",
          "system": "http://unitsofmeasure.org",
          "code": "mg/dL"
        }
      }
    },
    {
      "fullUrl": "urn:uuid:9af27828-ff25-418a-ae89-af3b76c06a2e",
      "resource": {
        "resourceType": "Observation",
        "id": "9af27828-ff25-418a-ae89-af3b76c06a2e",
        "meta": {
          "profile": [
            "http://standardhealthrecord.org/fhir/StructureDefinition/shr-finding-Observation"
          ]
        },
        "status": "final",
        "category": [
          {
            "coding": [
              {
                "system": "http://hl7.org/fhir/observation-category",
                "code": "laboratory",
                "display": "laboratory"
              }
            ]
          }
        ],
        "code": {
          "coding": [
            {
              "system": "http://loinc.org",
              "code": "2085-9",
              "display": "High Density Lipoprotein Cholesterol"
            }
          ],
          "text": "High Density Lipoprotein Cholesterol"
        },
        "subject": {
          "reference": "urn:uuid:19307361-672b-4dff-8cc0-f4464cc4c92f"
        },
        "context": {
          "reference": "urn:uuid:ba7d6a7d-c99e-4d62-825e-49b8b448c0b9"
        },
        "effectiveDateTime": "2016-11-12T02:17:14-05:00",
        "issued": "2016-11-12T02:17:14.372-05:00",
        "valueQuantity": {
          "value": 61.81026420200202,
          "unit": "mg/dL",
          "system": "http://unitsofmeasure.org",
          "code": "mg/dL"
        }
      }
    },
    {
      "fullUrl": "urn:uuid:d5d7dfb4-2a66-4112-82f9-e89786e12824",
      "resource": {
        "resourceType": "Procedure",
        "id": "d5d7dfb4-2a66-4112-82f9-e89786e12824",
        "meta": {
          "profile": [
            "http://standardhealthrecord.org/fhir/StructureDefinition/shr-procedure-ProcedurePerformed"
          ]
        },
        "extension": [
          {
            "url": "http://standardhealthrecord.org/fhir/StructureDefinition/shr-action-PerformedContext-extension",
            "extension": [
              {
                "url": "http://standardhealthrecord.org/fhir/StructureDefinition/shr-action-Status-extension",
                "valueCode": "completed"
              }
            ]
          }
        ],
        "status": "completed",
        "code": {
          "coding": [
            {
              "system": "http://snomed.info/sct",
              "code": "428191000124101",
              "display": "Documentation of current medications"
            }
          ],
          "text": "Documentation of current medications"
        },
        "subject": {
          "reference": "urn:uuid:19307361-672b-4dff-8cc0-f4464cc4c92f"
        },
        "context": {
          "reference": "urn:uuid:ba7d6a7d-c99e-4d62-825e-49b8b448c0b9"
        },
        "performedDateTime": "2016-11-12T02:17:14-05:00"
      }
    },
    {
      "fullUrl": "urn:uuid:b9f6c145-a551-4285-a11e-b9d154bf6daa",
      "resource": {
        "resourceType": "MedicationRequest",
        "id": "b9f6c145-a551-4285-a11e-b9d154bf6daa",
        "meta": {
          "profile": [
            "http://standardhealthrecord.org/fhir/StructureDefinition/shr-medication-MedicationRequested"
          ]
        },
        "extension": [
          {
            "url": "http://standardhealthrecord.org/fhir/StructureDefinition/shr-base-ActionCode-extension",
            "valueCodeableConcept": {
              "coding": [
                {
                  "system": "http://snomed.info/sct",
                  "code": "33633005",
                  "display": "Prescription of drug (procedure)"
                }
              ],
              "text": "Prescription of drug (procedure)"
            }
          },
          {
            "url": "http://standardhealthrecord.org/fhir/StructureDefinition/shr-action-RequestedContext-extension",
            "extension": [
              {
                "url": "http://standardhealthrecord.org/fhir/StructureDefinition/shr-action-Status-extension",
                "valueCode": "completed"
              },
              {
                "url": "http://standardhealthrecord.org/fhir/StructureDefinition/shr-action-RequestIntent-extension",
                "valueCode": "original-order"
              }
            ]
          }
        ],
        "status": "active",
        "intent": "order",
        "medicationCodeableConcept": {
          "coding": [
            {
              "system": "http://www.nlm.nih.gov/research/umls/rxnorm",
              "code": "309362",
              "display": "Clopidogrel 75 MG Oral Tablet"
            }
          ],
          "text": "Clopidogrel 75 MG Oral Tablet"
        },
        "subject": {
          "reference": "urn:uuid:19307361-672b-4dff-8cc0-f4464cc4c92f"
        },
        "context": {
          "reference": "urn:uuid:ba7d6a7d-c99e-4d62-825e-49b8b448c0b9"
        },
        "authoredOn": "2016-11-12T02:17:14-05:00"
      }
    },
    {
      "fullUrl": "urn:uuid:73de2954-60cc-4570-b9e4-5ef335da3d82",
      "resource": {
        "resourceType": "Claim",
        "id": "73de2954-60cc-4570-b9e4-5ef335da3d82",
        "status": "active",
        "use": "complete",
        "patient": {
          "reference": "urn:uuid:19307361-672b-4dff-8cc0-f4464cc4c92f"
        },
        "billablePeriod": {
          "start": "2016-11-12T02:17:14-05:00",
          "end": "2016-11-12T02:17:14-05:00"
        },
        "organization": {
          "reference": "urn:uuid:23984de5-8670-4350-a107-d57cec4ef89a"
        },
        "prescription": {
          "reference": "urn:uuid:b9f6c145-a551-4285-a11e-b9d154bf6daa"
        },
        "item": [
          {
            "sequence": 1,
            "encounter": [
              {
                "reference": "urn:uuid:ba7d6a7d-c99e-4d62-825e-49b8b448c0b9"
              }
            ]
          }
        ],
        "total": {
          "value": 255.0,
          "system": "urn:iso:std:iso:4217",
          "code": "USD"
        }
      }
    },
    {
      "fullUrl": "urn:uuid:91676fb8-be3a-4a3b-8654-47ebaa2cdfa7",
      "resource": {
        "resourceType": "MedicationRequest",
        "id": "91676fb8-be3a-4a3b-8654-47ebaa2cdfa7",
        "meta": {
          "profile": [
            "http://standardhealthrecord.org/fhir/StructureDefinition/shr-medication-MedicationRequested"
          ]
        },
        "extension": [
          {
            "url": "http://standardhealthrecord.org/fhir/StructureDefinition/shr-base-ActionCode-extension",
            "valueCodeableConcept": {
              "coding": [
                {
                  "system": "http://snomed.info/sct",
                  "code": "33633005",
                  "display": "Prescription of drug (procedure)"
                }
              ],
              "text": "Prescription of drug (procedure)"
            }
          },
          {
            "url": "http://standardhealthrecord.org/fhir/StructureDefinition/shr-action-RequestedContext-extension",
            "extension": [
              {
                "url": "http://standardhealthrecord.org/fhir/StructureDefinition/shr-action-Status-extension",
                "valueCode": "completed"
              },
              {
                "url": "http://standardhealthrecord.org/fhir/StructureDefinition/shr-action-RequestIntent-extension",
                "valueCode": "original-order"
              }
            ]
          }
        ],
        "status": "active",
        "intent": "order",
        "medicationCodeableConcept": {
          "coding": [
            {
              "system": "http://www.nlm.nih.gov/research/umls/rxnorm",
              "code": "564666",
              "display": "Nitroglycerin 0.4 MG/ACTUAT [Nitrolingual]"
            }
          ],
          "text": "Nitroglycerin 0.4 MG/ACTUAT [Nitrolingual]"
        },
        "subject": {
          "reference": "urn:uuid:19307361-672b-4dff-8cc0-f4464cc4c92f"
        },
        "context": {
          "reference": "urn:uuid:ba7d6a7d-c99e-4d62-825e-49b8b448c0b9"
        },
        "authoredOn": "2016-11-12T02:17:14-05:00"
      }
    },
    {
      "fullUrl": "urn:uuid:58ba86a8-066c-46ea-bc4b-a72940df13c4",
      "resource": {
        "resourceType": "Claim",
        "id": "58ba86a8-066c-46ea-bc4b-a72940df13c4",
        "status": "active",
        "use": "complete",
        "patient": {
          "reference": "urn:uuid:19307361-672b-4dff-8cc0-f4464cc4c92f"
        },
        "billablePeriod": {
          "start": "2016-11-12T02:17:14-05:00",
          "end": "2016-11-12T02:17:14-05:00"
        },
        "organization": {
          "reference": "urn:uuid:23984de5-8670-4350-a107-d57cec4ef89a"
        },
        "prescription": {
          "reference": "urn:uuid:91676fb8-be3a-4a3b-8654-47ebaa2cdfa7"
        },
        "item": [
          {
            "sequence": 1,
            "encounter": [
              {
                "reference": "urn:uuid:ba7d6a7d-c99e-4d62-825e-49b8b448c0b9"
              }
            ]
          }
        ],
        "total": {
          "value": 255.0,
          "system": "urn:iso:std:iso:4217",
          "code": "USD"
        }
      }
    },
    {
      "fullUrl": "urn:uuid:285c7c0f-f7d7-4920-9a1a-6f04fa91d0f4",
      "resource": {
        "resourceType": "MedicationRequest",
        "id": "285c7c0f-f7d7-4920-9a1a-6f04fa91d0f4",
        "meta": {
          "profile": [
            "http://standardhealthrecord.org/fhir/StructureDefinition/shr-medication-MedicationRequested"
          ]
        },
        "extension": [
          {
            "url": "http://standardhealthrecord.org/fhir/StructureDefinition/shr-base-ActionCode-extension",
            "valueCodeableConcept": {
              "coding": [
                {
                  "system": "http://snomed.info/sct",
                  "code": "33633005",
                  "display": "Prescription of drug (procedure)"
                }
              ],
              "text": "Prescription of drug (procedure)"
            }
          },
          {
            "url": "http://standardhealthrecord.org/fhir/StructureDefinition/shr-action-RequestedContext-extension",
            "extension": [
              {
                "url": "http://standardhealthrecord.org/fhir/StructureDefinition/shr-action-Status-extension",
                "valueCode": "completed"
              },
              {
                "url": "http://standardhealthrecord.org/fhir/StructureDefinition/shr-action-RequestIntent-extension",
                "valueCode": "original-order"
              }
            ]
          }
        ],
        "status": "active",
        "intent": "order",
        "medicationCodeableConcept": {
          "coding": [
            {
              "system": "http://www.nlm.nih.gov/research/umls/rxnorm",
              "code": "312961",
              "display": "Simvastatin 20 MG Oral Tablet"
            }
          ],
          "text": "Simvastatin 20 MG Oral Tablet"
        },
        "subject": {
          "reference": "urn:uuid:19307361-672b-4dff-8cc0-f4464cc4c92f"
        },
        "context": {
          "reference": "urn:uuid:ba7d6a7d-c99e-4d62-825e-49b8b448c0b9"
        },
        "authoredOn": "2016-11-12T02:17:14-05:00"
      }
    },
    {
      "fullUrl": "urn:uuid:9a88dffb-e7a8-4bc5-a874-78836a14c76c",
      "resource": {
        "resourceType": "Claim",
        "id": "9a88dffb-e7a8-4bc5-a874-78836a14c76c",
        "status": "active",
        "use": "complete",
        "patient": {
          "reference": "urn:uuid:19307361-672b-4dff-8cc0-f4464cc4c92f"
        },
        "billablePeriod": {
          "start": "2016-11-12T02:17:14-05:00",
          "end": "2016-11-12T02:17:14-05:00"
        },
        "organization": {
          "reference": "urn:uuid:23984de5-8670-4350-a107-d57cec4ef89a"
        },
        "prescription": {
          "reference": "urn:uuid:285c7c0f-f7d7-4920-9a1a-6f04fa91d0f4"
        },
        "item": [
          {
            "sequence": 1,
            "encounter": [
              {
                "reference": "urn:uuid:ba7d6a7d-c99e-4d62-825e-49b8b448c0b9"
              }
            ]
          }
        ],
        "total": {
          "value": 255.0,
          "system": "urn:iso:std:iso:4217",
          "code": "USD"
        }
      }
    },
    {
      "fullUrl": "urn:uuid:f0448beb-e505-4be8-bc57-83666aa0a65b",
      "resource": {
        "resourceType": "MedicationRequest",
        "id": "f0448beb-e505-4be8-bc57-83666aa0a65b",
        "meta": {
          "profile": [
            "http://standardhealthrecord.org/fhir/StructureDefinition/shr-medication-MedicationRequested"
          ]
        },
        "extension": [
          {
            "url": "http://standardhealthrecord.org/fhir/StructureDefinition/shr-base-ActionCode-extension",
            "valueCodeableConcept": {
              "coding": [
                {
                  "system": "http://snomed.info/sct",
                  "code": "33633005",
                  "display": "Prescription of drug (procedure)"
                }
              ],
              "text": "Prescription of drug (procedure)"
            }
          },
          {
            "url": "http://standardhealthrecord.org/fhir/StructureDefinition/shr-action-RequestedContext-extension",
            "extension": [
              {
                "url": "http://standardhealthrecord.org/fhir/StructureDefinition/shr-action-Status-extension",
                "valueCode": "completed"
              },
              {
                "url": "http://standardhealthrecord.org/fhir/StructureDefinition/shr-action-RequestIntent-extension",
                "valueCode": "original-order"
              }
            ]
          }
        ],
        "status": "active",
        "intent": "order",
        "medicationCodeableConcept": {
          "coding": [
            {
              "system": "http://www.nlm.nih.gov/research/umls/rxnorm",
              "code": "197361",
              "display": "Amlodipine 5 MG Oral Tablet"
            }
          ],
          "text": "Amlodipine 5 MG Oral Tablet"
        },
        "subject": {
          "reference": "urn:uuid:19307361-672b-4dff-8cc0-f4464cc4c92f"
        },
        "context": {
          "reference": "urn:uuid:ba7d6a7d-c99e-4d62-825e-49b8b448c0b9"
        },
        "authoredOn": "2016-11-12T02:17:14-05:00"
      }
    },
    {
      "fullUrl": "urn:uuid:26b6273d-eb79-44a8-834a-17a16b99af85",
      "resource": {
        "resourceType": "Claim",
        "id": "26b6273d-eb79-44a8-834a-17a16b99af85",
        "status": "active",
        "use": "complete",
        "patient": {
          "reference": "urn:uuid:19307361-672b-4dff-8cc0-f4464cc4c92f"
        },
        "billablePeriod": {
          "start": "2016-11-12T02:17:14-05:00",
          "end": "2016-11-12T02:17:14-05:00"
        },
        "organization": {
          "reference": "urn:uuid:23984de5-8670-4350-a107-d57cec4ef89a"
        },
        "prescription": {
          "reference": "urn:uuid:f0448beb-e505-4be8-bc57-83666aa0a65b"
        },
        "item": [
          {
            "sequence": 1,
            "encounter": [
              {
                "reference": "urn:uuid:ba7d6a7d-c99e-4d62-825e-49b8b448c0b9"
              }
            ]
          }
        ],
        "total": {
          "value": 255.0,
          "system": "urn:iso:std:iso:4217",
          "code": "USD"
        }
      }
    },
    {
      "fullUrl": "urn:uuid:f78d4154-1cd7-4f87-8920-bea02a2929b2",
      "resource": {
        "resourceType": "Immunization",
        "id": "f78d4154-1cd7-4f87-8920-bea02a2929b2",
        "meta": {
          "profile": [
            "http://standardhealthrecord.org/fhir/StructureDefinition/shr-immunization-ImmunizationGiven"
          ]
        },
        "extension": [
          {
            "url": "http://standardhealthrecord.org/fhir/StructureDefinition/shr-action-PerformedContext-extension",
            "extension": [
              {
                "url": "http://standardhealthrecord.org/fhir/StructureDefinition/shr-action-Status-extension",
                "valueCode": "completed"
              }
            ]
          }
        ],
        "status": "completed",
        "notGiven": false,
        "vaccineCode": {
          "coding": [
            {
              "system": "http://hl7.org/fhir/sid/cvx",
              "code": "140",
              "display": "Influenza, seasonal, injectable, preservative free"
            }
          ],
          "text": "Influenza, seasonal, injectable, preservative free"
        },
        "patient": {
          "reference": "urn:uuid:19307361-672b-4dff-8cc0-f4464cc4c92f"
        },
        "encounter": {
          "reference": "urn:uuid:ba7d6a7d-c99e-4d62-825e-49b8b448c0b9"
        },
        "date": "2016-11-12T02:17:14-05:00",
        "primarySource": true
      }
    },
    {
      "fullUrl": "urn:uuid:b3aea768-e43a-42df-abc8-fd91ce918b37",
      "resource": {
        "resourceType": "DiagnosticReport",
        "id": "b3aea768-e43a-42df-abc8-fd91ce918b37",
        "status": "final",
        "code": {
          "coding": [
            {
              "system": "http://loinc.org",
              "code": "57698-3",
              "display": "Lipid Panel"
            }
          ],
          "text": "Lipid Panel"
        },
        "subject": {
          "reference": "urn:uuid:19307361-672b-4dff-8cc0-f4464cc4c92f"
        },
        "context": {
          "reference": "urn:uuid:ba7d6a7d-c99e-4d62-825e-49b8b448c0b9"
        },
        "effectiveDateTime": "2016-11-12T02:17:14-05:00",
        "issued": "2016-11-12T02:17:14.372-05:00",
        "result": [
          {
            "reference": "urn:uuid:e4c3b184-a9cd-4afe-9831-3d6809d6cf5e",
            "display": "Blood Pressure"
          },
          {
            "reference": "urn:uuid:9d72a69b-c32d-4134-995b-7a08e946c450",
            "display": "Total Cholesterol"
          },
          {
            "reference": "urn:uuid:c28c4dc3-070e-452d-bc12-d376d70817b3",
            "display": "Triglycerides"
          },
          {
            "reference": "urn:uuid:f0460c3e-1622-40ec-88ac-c798ffc26cae",
            "display": "Low Density Lipoprotein Cholesterol"
          }
        ]
      }
    },
    {
      "fullUrl": "urn:uuid:485780be-b358-465b-95ba-a1dddeb8446f",
      "resource": {
        "resourceType": "Claim",
        "id": "485780be-b358-465b-95ba-a1dddeb8446f",
        "status": "active",
        "use": "complete",
        "patient": {
          "reference": "urn:uuid:19307361-672b-4dff-8cc0-f4464cc4c92f"
        },
        "billablePeriod": {
          "start": "2016-11-12T02:17:14-05:00",
          "end": "2016-11-12T02:17:14-05:00"
        },
        "organization": {
          "reference": "urn:uuid:23984de5-8670-4350-a107-d57cec4ef89a"
        },
        "information": [
          {
            "sequence": 1,
            "category": {
              "coding": [
                {
                  "system": "http://hl7.org/fhir/claiminformationcategory",
                  "code": "info"
                }
              ]
            },
            "valueReference": {
              "reference": "urn:uuid:f78d4154-1cd7-4f87-8920-bea02a2929b2"
            }
          }
        ],
        "diagnosis": [
          {
            "sequence": 1,
            "diagnosisReference": {
              "reference": "urn:uuid:525f7caa-bfed-4e56-b0ea-061dc92aaf2e"
            }
          }
        ],
        "procedure": [
          {
            "sequence": 1,
            "procedureReference": {
              "reference": "urn:uuid:d5d7dfb4-2a66-4112-82f9-e89786e12824"
            }
          }
        ],
        "item": [
          {
            "sequence": 1,
            "encounter": [
              {
                "reference": "urn:uuid:ba7d6a7d-c99e-4d62-825e-49b8b448c0b9"
              }
            ]
          },
          {
            "sequence": 2,
            "diagnosisLinkId": [
              1
            ]
          },
          {
            "sequence": 3,
            "informationLinkId": [
              1
            ],
            "net": {
              "value": 136.00,
              "system": "urn:iso:std:iso:4217",
              "code": "USD"
            }
          },
          {
            "sequence": 4,
            "procedureLinkId": [
              1
            ],
            "net": {
              "value": 500.00,
              "system": "urn:iso:std:iso:4217",
              "code": "USD"
            }
          }
        ],
        "total": {
          "value": 761.00,
          "system": "urn:iso:std:iso:4217",
          "code": "USD"
        }
      }
    }
  ]
}
